Created on 19.08.2025 at 22:10:25 local time




---------------------------------------------------------------------------------------------------------------------------------------------------
ICRF  Designation     IERS Des. Inf. Right Ascension   Declination         Uncertainty            Corr.   Mean     First    Last      Nb     Nb     IVS name
                                         J2000.0         J2000.0           R.A.      Dec.         RA-Dc   MJD      MJD      MJD       sess.  obs.       
                                      h  m  s           o  m  as           s         as                   of observation span               
---------------------------------------------------------------------------------------------------------------------------------------------------
ICRF J000108.6+191433  2358+189     00 01 08.62156720   19 14 33.8016821  0.00000218 0.0000568  -0.450  60140.5 59503.1 60695.7     21   1213      2358+189
ICRF J000435.6-473619  0002-478  D  00 04 35.65549363  -47 36 19.6041787  0.00001052 0.0002360   0.633  58965.1 57598.3 60305.3     28     72      0002-478
ICRF J000504.3+542824  0002+541     00 05 04.36332506   54 28 24.9243622  0.00000257 0.0000248  -0.058  58920.2 53897.6 60742.7     41   2871      0002+541
ICRF J000557.1+382015  0003+380     00 05 57.17538040   38 20 15.1489892  0.00000105 0.0000161  -0.314  59097.4 57371.1 60651.7     50   2854      0003+380
ICRF J000613.8-062335  0003-066     00 06 13.89289239  -06 23 35.3358348  0.00000065 0.0000226  -0.088  59052.8 56781.4 60426.3     44   3272      0003-066
ICRF J000903.9+062821  0006+061     00 09 03.93184367   06 28 21.2400171  0.00000205 0.0000602  -0.304  59197.4 52781.5 60708.3     35   2261      0006+061
ICRF J000904.1+400146  0006+397     00 09 04.17357868   40 01 46.7055120  0.00000595 0.0000831  -0.005  60326.7 60106.1 60693.3      6    275      0006+397
ICRF J001031.0+105829  0007+106  D  00 10 31.00590055   10 58 29.5043056  0.00000075 0.0000215  -0.232  58387.5 52781.5 60742.7     39   2677      IIIZW2  
ICRF J001033.9+172418  0007+171     00 10 33.99068604   17 24 18.7611977  0.00000200 0.0000462  -0.387  60451.6 60138.9 60708.3      9    587      0007+171
ICRF J001053.6-215704  0008-222     00 10 53.64999126  -21 57 04.2200320  0.00000324 0.0001226  -0.430  60363.9 60106.1 60532.9      9    594      0008-222
ICRF J001101.2-261233  0008-264     00 11 01.24674154  -26 12 33.3771274  0.00000132 0.0000490  -0.276  59545.6 57415.9 60608.8     64   4026      0008-264
ICRF J001135.2+082355  0009+081     00 11 35.26960142   08 23 55.5861045  0.00000114 0.0000348  -0.247  58893.7 52781.5 60491.8     40   2959      0009+081
ICRF J001140.4-143404  0009-148  D  00 11 40.45584695  -14 34 04.6349431  0.00000150 0.0000561  -0.356  59402.1 58418.2 60461.9     33   2639      0009-148
ICRF J001259.9-395426  0010-401     00 12 59.90982115  -39 54 26.0558906  0.00000260 0.0000861  -0.099  59051.7 57598.3 60695.7     53   1769      0010-401
ICRF J001331.1+405137  0010+405  D  00 13 31.13017759   40 51 37.1442175  0.00000164 0.0000215  -0.480  59719.7 58447.5 60742.7     36   1547      0010+405
ICRF J001448.7+611743  0012+610     00 14 48.79208604   61 17 43.5424581  0.00000243 0.0000202  -0.166  59094.4 53890.6 60532.9     40   2719      0012+610
ICRF J001534.3-180725  0013-184     00 15 34.32453298  -18 07 25.5859783  0.00000634 0.0002238  -0.510  59144.9 57371.1 60474.7     54   1756      0013-184
ICRF J001611.0-001512  0013-005  D  00 16 11.08855065  -00 15 12.4453525  0.00000116 0.0000393  -0.137  59132.5 57371.1 60608.8     29   2426      0013-005
ICRF J001708.4+813508  0014+813     00 17 08.47486713   81 35 08.1362009  0.00000824 0.0000200   0.017  58389.0 53890.6 60286.2     44   4026      0014+813
ICRF J001735.8-051241  0015-054     00 17 35.81719305  -05 12 41.7680895  0.00000217 0.0000635  -0.081  60440.1 60138.9 60693.3      9    646      0015-054
ICRF J001751.7+531219  0015+529     00 17 51.75986171   53 12 19.1211690  0.00001055 0.0000723  -0.698  60495.8 60138.9 60695.7      8    272      0015+529
ICRF J001937.8+202145  0017+200  D  00 19 37.85448823   20 21 45.6446002  0.00000097 0.0000236  -0.271  58209.9 52781.5 60532.9     40   2861      0017+200
ICRF J001939.7+260252  0017+257     00 19 39.78058054   26 02 52.2771652  0.00000090 0.0000218  -0.240  59118.9 57415.9 60693.3     49   2859      0017+257
ICRF J001945.7+732730  0016+731  D  00 19 45.78634018   73 27 30.0175487  0.00000237 0.0000113  -0.132  58695.3 52409.9 60457.8    130   8629      0016+731
ICRF J002232.4+060804  0019+058     00 22 32.44121025   06 08 04.2688646  0.00000065 0.0000210  -0.190  59125.3 52781.5 60651.7     40   3393      0019+058
ICRF J002406.7-682054  0021-686     00 24 06.72303064  -68 20 54.5876247  0.00002371 0.0001474   0.331  58474.8 57598.3 59194.4     14     36      0021-686
ICRF J002526.1+391935  0022+390     00 25 26.15764818   39 19 35.4394383  0.00000511 0.0000849  -0.490  60418.1 60138.9 60695.7     11    376      0022+390
ICRF J002703.2+595852  0024+597     00 27 03.28621084   59 58 52.9594905  0.00000449 0.0000340  -0.079  59001.7 53890.6 60742.7     40   2058      0024+597
ICRF J002829.8+200026  0025+197     00 28 29.81847216   20 00 26.7439604  0.00000113 0.0000266  -0.135  60083.0 59503.1 60651.7     20    997      0025+197
ICRF J002914.2+345632  0026+346     00 29 14.24225374   34 56 32.2454968  0.00003406 0.0005098   0.011  60106.1 60106.1 60106.1      2     62      0026+346
ICRF J003814.7-245902  0035-252  D  00 38 14.73550747  -24 59 02.2353896  0.00000084 0.0000296  -0.045  59510.5 56781.4 60651.7     81   5250      0035-252
ICRF J003824.8+413706  0035+413     00 38 24.84357926   41 37 06.0002379  0.00000193 0.0000248  -0.238  59787.5 59525.9 60437.3     18    944      0035+413
ICRF J004030.6-322520  0038-326     00 40 30.65492607  -32 25 20.3286000  0.00002981 0.0008428  -0.675  59477.1 58370.3 60742.7     24    349      0038-326
ICRF J004057.6-014632  0038-020     00 40 57.61157262  -01 46 32.0258826  0.00000082 0.0000275  -0.283  59207.8 52781.5 60695.7     45   3496      0038-020
ICRF J004204.5+232001  0039+230     00 42 04.54515130   23 20 01.0615675  0.00000193 0.0000457  -0.332  60334.0 60106.1 60560.1      5    498      0039+230
ICRF J004219.4+570836  0039+568     00 42 19.45166884   57 08 36.5859678  0.00000193 0.0000187  -0.010  58996.6 53890.6 60532.9     44   3475      0039+568
ICRF J004450.7+680302  0041+677     00 44 50.75959532   68 03 02.6860179  0.00000337 0.0000204  -0.066  58922.6 53890.6 60457.8     33   2112      0041+677
ICRF J004700.4+565742  0044+566     00 47 00.42883308   56 57 42.3944408  0.00000303 0.0000312  -0.062  59320.8 53890.6 60651.7     38   2881      0044+566
ICRF J004705.9+031954  0044+030     00 47 05.91873155   03 19 54.7856411  0.00000081 0.0000268  -0.170  59369.3 57415.9 60695.7     44   3704      0044+030
ICRF J004847.1+315725  0046+316  D  00 48 47.14147913   31 57 25.0847848  0.00000139 0.0000254  -0.303  57848.4 52781.5 60742.7     35   1763      NGC0262 
ICRF J004943.2+023703  0047+023  D  00 49 43.23593732   02 37 03.7785952  0.00000079 0.0000272  -0.251  59437.7 54189.3 60545.8     56   4019      0047+023
ICRF J004959.4-573827  0047-579     00 49 59.47305466  -57 38 27.3402029  0.00001279 0.0001464   0.542  58524.4 57598.3 60228.5     15     52      0047-579
ICRF J005041.3-092905  0048-097  D  00 50 41.31737672  -09 29 05.2104113  0.00000094 0.0000331  -0.225  58347.1 52409.9 60560.1     51   4198      0048-097
ICRF J005109.5-422633  0048-427     00 51 09.50183969  -42 26 33.2940983  0.00000295 0.0000938   0.172  58958.2 58042.5 60532.9     70   1695      0048-427
ICRF J005655.2+162513  0054+161  D  00 56 55.29432291   16 25 13.3409317  0.00000082 0.0000226  -0.232  59070.8 52781.5 60693.3     44   2808      0054+161
ICRF J005748.8+302108  0055+300     00 57 48.88333724   30 21 08.8117572  0.00000245 0.0000446  -0.598  60412.2 60138.9 60708.3     12    786      NGC0315 
ICRF J005805.0-053952  0055-059     00 58 05.06631318  -05 39 52.2780807  0.00000181 0.0000599  -0.258  59724.9 59503.1 60708.3     15    804      0055-059
ICRF J005833.8+062006  0055+060     00 58 33.80456805   06 20 06.0734647  0.00000070 0.0000223  -0.190  59330.9 57545.3 60742.7     46   3712      0055+060
ICRF J005846.5-565911  0056-572     00 58 46.58120509  -56 59 11.4704408  0.00000704 0.0000995   0.612  58507.8 56781.4 60305.3     18     70      0056-572
ICRF J005905.5+000651  0056-001     00 59 05.51492982   00 06 51.6207058  0.00000213 0.0000688  -0.468  60256.3 60106.1 60545.8      7    418      0056-001
ICRF J005952.2+581223  0056+579     00 59 52.20897989   58 12 23.6830779  0.00000318 0.0000259   0.010  58749.4 53897.6 60560.1     28   2230      0056+579
ICRF J010051.6+680820  0057+678     01 00 51.66381250   68 08 20.5318183  0.00001458 0.0000916  -0.191  59273.5 53890.6 60651.7     33   1570      0057+678
ICRF J010218.6-754651  0100-760     01 02 18.66014398  -75 46 51.7306478  0.00002290 0.0000820   0.155  58479.4 57598.3 59194.4     29     83      0100-760
ICRF J010245.7+582411  0059+581  D  01 02 45.76236750   58 24 11.1365369  0.00000185 0.0000165  -0.066  56650.4 52409.9 60695.7     28   2300      0059+581
ICRF J010643.2-031536  0104-035     01 06 43.22870164  -03 15 36.2948952  0.00000467 0.0001243  -0.407  60393.1 60138.9 60742.7      9    460      0104-035
ICRF J010645.1-403419  0104-408  D  01 06 45.10798948  -40 34 19.9607919  0.00000151 0.0000477   0.148  59583.2 52781.5 60742.7    172   4768      0104-408
ICRF J010838.7+013500  0106+013     01 08 38.77110695   01 35 00.3171239  0.00000056 0.0000190  -0.077  59311.4 57415.9 60491.8     34   3049      0106+013
ICRF J010915.4-604948  0107-610  D  01 09 15.47521277  -60 49 48.4609698  0.00005047 0.0009650   0.676  59143.4 58837.0 59264.2      3      8      0107-610
ICRF J010927.8+314956  0106+315     01 09 27.88717286   31 49 56.0492074  0.00000108 0.0000194  -0.098  59068.6 57371.1 60545.8     48   3370      0106+315
ICRF J010946.3+613330  0106+612     01 09 46.34435449   61 33 30.4555669  0.00000228 0.0000175  -0.159  58826.5 53890.6 60560.1     42   3182      0106+612
ICRF J011012.8+680541  0106+678     01 10 12.87345243   68 05 41.2166874  0.00000451 0.0000255  -0.326  59175.9 53890.6 60532.9     40   2841      0106+678
ICRF J011050.0-074141  0108-079     01 10 50.02098515  -07 41 41.1140053  0.00000279 0.0000882  -0.249  60353.6 60106.1 60695.7      8    498      0108-079
ICRF J011156.8-131701  0109-135     01 11 56.85793564  -13 17 01.1967090  0.00000227 0.0000882  -0.367  60395.7 60138.9 60742.7      9    696      0109-135
ICRF J011205.8+224438  0109+224     01 12 05.82470856   22 44 38.7863236  0.00000053 0.0000128  -0.133  59712.5 52781.5 60742.7     84   6886      0109+224
ICRF J011210.1+202021  0109+200     01 12 10.19081762   20 20 21.7639872  0.00000240 0.0000511   0.034  59223.6 57371.1 60708.3     31   2487      0109+200
ICRF J011212.9+352219  0109+351     01 12 12.94438696   35 22 19.3363052  0.00000139 0.0000259  -0.280  58984.3 57415.9 60545.8     26   1734      0109+351
ICRF J011250.3+320817  0110+318     01 12 50.33304239   32 08 17.4324701  0.00000101 0.0000190  -0.286  59269.7 54028.9 60560.1     35   1859      0110+318
ICRF J011327.0+494824  0110+495  D  01 13 27.00679128   49 48 24.0432624  0.00000121 0.0000148  -0.242  58734.2 52781.5 60532.9     47   3500      0110+495
ICRF J011343.1+022217  0111+021     01 13 43.14494678   02 22 17.3161764  0.00000078 0.0000247  -0.319  59340.0 52781.5 60695.7     58   4487      0111+021
ICRF J011517.0-012704  0112-017     01 15 17.09990870  -01 27 04.5772297  0.00000070 0.0000238  -0.278  59326.9 57371.1 60742.7     59   4577      0112-017
ICRF J011612.5-113615  0113-118     01 16 12.52202105  -11 36 15.4346656  0.00000075 0.0000271  -0.167  59338.7 57415.9 60491.8     39   3126      0113-118
ICRF J011725.2+141812  0114+140     01 17 25.20311171   14 18 12.4203702  0.00000178 0.0000514  -0.322  60221.5 60106.1 60693.3      9    555      0114+140
ICRF J011748.7-211106  0115-214     01 17 48.78013144  -21 11 06.6333423  0.00000094 0.0000347  -0.137  59390.6 57371.1 60651.7     72   3999      0115-214
ICRF J011857.2-214130  0116-219     01 18 57.26217751  -21 41 30.1402932  0.00000127 0.0000442  -0.080  59864.4 59525.9 60474.7     18   1442      0116-219
ICRF J012128.9+112700  0118+111     01 21 28.99920104   11 27 00.5031973  0.00000655 0.0001664  -0.337  59184.9 58042.5 60695.7     35   1498      0118+111
ICRF J012141.5+114950  0119+115     01 21 41.59505275   11 49 50.4137179  0.00000069 0.0000212  -0.111  58700.7 52634.7 60742.7     44   2881      0119+115
ICRF J012156.8+042224  0119+041     01 21 56.86168383   04 22 24.7342384  0.00000072 0.0000219  -0.083  59129.4 52781.5 60708.3     36   2299      0119+041
ICRF J012213.9-001801  0119-005     01 22 13.91047830  -00 18 01.0504555  0.00000246 0.0000823  -0.396  59030.5 54028.9 60461.9     19   1390      0119-005
ICRF J012238.8+250231  0119+247     01 22 38.81598809   25 02 31.7927174  0.00000091 0.0000196  -0.075  58878.5 52781.5 60560.1     45   2836      0119+247
ICRF J012245.4+295412  0119+296     01 22 45.43001776   29 54 12.6431835  0.00000346 0.0000638  -0.226  60527.6 60106.1 60651.7      9    590      0119+296
ICRF J012343.0+261522  0120+259     01 23 43.04517887   26 15 22.4267137  0.00000139 0.0000355  -0.376  59546.3 54028.9 60695.7     33   2397      0120+259
ICRF J012528.8-000555  0122-003     01 25 28.84384406  -00 05 55.9316736  0.00000089 0.0000299  -0.246  59263.0 52781.5 60742.7     31   2479      0122-003
ICRF J012642.7+255901  0123+257     01 26 42.79262552   25 59 01.3000686  0.00000085 0.0000209  -0.209  58351.2 52781.5 60491.8     29   2231      0123+257
ICRF J012830.5+630629  0125+628     01 28 30.56507911   63 06 29.8818288  0.00000561 0.0000292  -0.418  58853.4 53897.6 60545.8     24   1590      0125+628
ICRF J013027.6+084246  0127+084     01 30 27.63442985   08 42 46.1717240  0.00000089 0.0000289  -0.405  59222.1 54189.3 60560.1     45   3038      0127+084
ICRF J013203.0+221650  0129+220     01 32 03.07879226   22 16 50.3349869  0.00000464 0.0001026  -0.457  59129.6 53897.6 60532.9     27   1360      0129+220
ICRF J013243.4-165448  0130-171     01 32 43.48745566  -16 54 48.5220607  0.00000161 0.0000582  -0.177  60433.4 60138.9 60695.7      9    630      0130-171
ICRF J013440.7+692510  0130+691     01 34 40.76126295   69 25 10.8995862  0.00000493 0.0000247   0.060  59173.9 54028.9 60742.7     39   2407      0130+691
ICRF J013658.5+475129  0133+476  D  01 36 58.59480115   47 51 29.1000197  0.00000075 0.0000103  -0.036  59111.3 52409.9 60608.8    166  14888      0133+476
ICRF J013708.7+312235  0134+311     01 37 08.73363305   31 22 35.8554573  0.00000241 0.0000481  -0.389  59892.8 59503.1 60384.9     24   1273      0134+311
ICRF J                 3C48B        01 37 41.29962006   33 09 35.0795559  0.00000100 0.0000215  -0.293  59386.1 58496.3 60708.3     86  12876      3C48B   
ICRF J014004.4-153255  0137-158     01 40 04.43519084  -15 32 55.6801823  0.00000637 0.0002618  -0.460  60208.7 60106.1 60377.5      5    313      0137-158
ICRF J014125.8-092843  0138-097     01 41 25.83216417  -09 28 43.6743352  0.00000067 0.0000247  -0.093  59448.9 52895.6 60695.7     51   3779      0138-097
ICRF J014137.9-093001  0139-097     01 41 37.93974726  -09 30 01.7863889  0.00000245 0.0000883  -0.422  59430.1 58042.5 60742.7     39   2488      0139-097
ICRF J014922.3+055553  0146+056     01 49 22.37094072   05 55 53.5680802  0.00000129 0.0000356  -0.218  59380.5 57415.9 60608.8     30   2111      0146+056
ICRF J015106.0-173244  0148-177     01 51 06.08334923  -17 32 44.7183651  0.00000102 0.0000371  -0.183  59386.0 57415.9 60474.7     69   3843      0148-177
ICRF J015127.1+274441  0148+274     01 51 27.14617207   27 44 41.7933740  0.00000236 0.0000528  -0.321  60237.1 60138.9 60708.3      6    342      0148+274
ICRF J015218.0+220707  0149+218  D  01 52 18.05903227   22 07 07.6996860  0.00000078 0.0000199  -0.150  57104.7 52409.9 60695.7     37   2754      0149+218
ICRF J015234.5+335033  0149+335     01 52 34.57643080   33 50 33.1582839  0.00001024 0.0001229  -0.624  59016.3 54028.9 60693.3     42   1244      0149+335
ICRF J015325.8+711506  0149+710     01 53 25.85103869   71 15 06.4634326  0.00000816 0.0000328  -0.093  59087.6 54028.9 60742.7     43   2780      0149+710
ICRF J015456.2+474326  0151+474     01 54 56.28987093   47 43 26.5396573  0.00000152 0.0000214  -0.185  60042.1 59525.9 60651.7     22   1647      0151+474
ICRF J020107.7-663812  0159-668     02 01 07.74401404  -66 38 12.6665739  0.00001575 0.0001491   0.396  58268.2 57598.3 59047.4     13     40      0159-668
ICRF J020333.3+723253  0159+723  D  02 03 33.38493797   72 32 53.6672545  0.00000460 0.0000221   0.074  59303.4 58370.3 60305.1     29   2167      0159+723
ICRF J020346.6+113445  0201+113     02 03 46.65704928   11 34 45.4094162  0.00000099 0.0000290  -0.328  59282.5 57415.9 60491.8     32   2882      0201+113
ICRF J020450.4+151411  0202+149     02 04 50.41389701   15 14 11.0431839  0.00000078 0.0000224  -0.224  58638.2 52634.7 60695.7     35   2069      0202+149
ICRF J020454.7+440306  0201+438     02 04 54.78916628   44 03 06.9052506  0.00001042 0.0001390  -0.591  60292.6 60138.9 60545.8      4    180      0201+438
ICRF J020457.6-170119  0202-172  D  02 04 57.67433481  -17 01 19.8409730  0.00000089 0.0000321  -0.110  59771.3 58447.5 60742.7     31   2360      0202-172
ICRF J020504.9+321230  0202+319  D  02 05 04.92535971   32 12 30.0955257  0.00000053 0.0000107   0.018  59359.3 53608.3 60608.8    176  15036      0202+319
ICRF J020626.0-115039  0203-120     02 06 26.08473390  -11 50 39.7248458  0.00000105 0.0000379  -0.189  59531.6 57371.1 60693.3     43   3698      0203-120
ICRF J020703.0+624612  0203+625     02 07 03.01677156   62 46 12.0677074  0.00000376 0.0000265  -0.023  59162.5 53890.6 60461.9     46   3234      0203+625
ICRF J020935.9+135200  0206+136     02 09 35.99831643   13 52 00.7517710  0.00000110 0.0000298  -0.118  59841.2 59503.1 60708.3     22   1163      0206+136
ICRF J021046.2-510101  0208-512     02 10 46.20046072  -51 01 01.8925297  0.00001370 0.0002429   0.703  59401.1 58837.0 60377.5      3      9      0208-512
ICRF J021113.1+105134  0208+106     02 11 13.17740000   10 51 34.7985260  0.00000118 0.0000359  -0.237  60378.3 60106.1 60695.7     10    684      0208+106
ICRF J021310.5+182025  0210+181     02 13 10.52933421   18 20 25.4473947  0.00000343 0.0000659  -0.157  60415.0 60106.1 60742.7      9    782      0210+181
ICRF J021416.2-614933  0212-620     02 14 16.20442137  -61 49 33.6590444  0.00003570 0.0003883   0.664  58837.0 58837.0 58837.0      1      7      0212-620
ICRF J021542.0-022256  0213-026     02 15 42.01728761  -02 22 56.7527444  0.00000097 0.0000359  -0.132  59301.0 52781.5 60651.7     44   3422      0213-026
ICRF J021717.1+083703  0214+083     02 17 17.12498552   08 37 03.8987261  0.00000471 0.0001191  -0.230  60278.2 60138.9 60461.9      7    264      0214+083
ICRF J021730.8+734932  0212+735     02 17 30.81338025   73 49 32.6215802  0.00000386 0.0000183  -0.114  56818.1 52409.9 60532.9     26   2117      0212+735
ICRF J021748.9+014449  0215+015  D  02 17 48.95474411   01 44 49.6988673  0.00000062 0.0000206  -0.050  59575.9 58418.2 60693.3     34   2492      0215+015
ICRF J021921.1-184238  0217-189     02 19 21.16176285  -18 42 38.7472223  0.00000365 0.0001328  -0.506  60449.4 60138.9 60695.7     14    818      0217-189
ICRF J                 0218+357     02 21 05.46823969   35 56 13.7363956  0.00000188 0.0000342  -0.342  58829.3 53890.6 60742.7     26   1559      0218+357
ICRF J022239.6+430207  0219+428     02 22 39.61148689   43 02 07.7988758  0.00000123 0.0000184  -0.238  59106.7 57371.1 60532.9     33   2643      0219+428
ICRF J022256.4-344128  0220-349     02 22 56.40163597  -34 41 28.7303711  0.00000376 0.0001070  -0.201  59093.0 52781.5 60461.9     49   1709      0220-349
ICRF J022329.6+630717  0219+628     02 23 29.60702391   63 07 17.3052551  0.00000504 0.0000346  -0.233  58729.0 53890.6 60608.8     32   2092      0219+628
ICRF J022330.8-534739  0221-540     02 23 30.87482712  -53 47 39.9011811  0.00001650 0.0003433   0.629  58574.3 57598.3 59138.3     18     38      0221-540
ICRF J022428.4+065923  0221+067  D  02 24 28.42818901   06 59 23.3414923  0.00000070 0.0000215  -0.107  58615.5 52781.5 60491.8     36   2256      0221+067
ICRF J022504.6+184648  0222+185     02 25 04.66884857   18 46 48.7668940  0.00000164 0.0000445  -0.383  59230.6 54189.3 60695.7     27   1606      0222+185
ICRF J022510.8-260318  0222-262     02 25 10.88958120  -26 03 18.7979523  0.00000180 0.0000688  -0.295  59357.8 53890.6 60742.7     60   2936      0222-262
ICRF J022610.3+342130  0223+341     02 26 10.33307716   34 21 30.2881616  0.00001843 0.0003021  -0.329  60327.2 60106.1 60532.9      6    133      0223+341
ICRF J022850.0+672103  0224+671     02 28 50.05146533   67 21 03.0293582  0.00000246 0.0000163  -0.022  58004.4 52409.9 60608.8     45   3192      4C67.05 
ICRF J022928.4-364356  0227-369     02 29 28.44907453  -36 43 56.8227942  0.00000282 0.0000903  -0.118  59627.3 58370.3 60608.8     39   1375      0227-369
ICRF J022934.9-784745  0230-790     02 29 34.94685543  -78 47 45.6022156  0.00007501 0.0003558  -0.116  59143.4 58837.0 59264.2      3      8      0230-790
ICRF J023045.7+403253  0227+403  D  02 30 45.71078345   40 32 53.0686701  0.00000108 0.0000166  -0.169  59358.8 58370.3 60461.9     37   2358      0227+403
ICRF J023111.8-474611  0229-479     02 31 11.80406504  -47 46 11.5828584  0.00001323 0.0002790   0.775  58133.9 57714.0 60489.3     11     32      0229-479
ICRF J023145.8+132254  0229+131     02 31 45.89403317   13 22 54.7160974  0.00000065 0.0000187  -0.107  58911.4 52634.7 60695.7     42   2811      0229+131
ICRF J023151.8-393547  0229-398     02 31 51.81631333  -39 35 47.2631399  0.00000416 0.0001396  -0.128  58963.1 58013.3 60742.7     44   1247      0229-398
ICRF J023631.1-295355  0234-301  D  02 36 31.16942003  -29 53 55.5408709  0.00000157 0.0000574  -0.045  59570.7 58447.5 60560.1     31   2047      0234-301
ICRF J023653.2-613615  0235-618  D  02 36 53.24576483  -61 36 15.1836700  0.00001369 0.0001258   0.721  58857.4 57598.3 60474.7     34     73      0235-618
ICRF J023752.4+284808  0234+285     02 37 52.40566575   28 48 08.9898797  0.00000051 0.0000110   0.044  59009.6 52634.7 60708.3    163  12538      0234+285
ICRF J023838.9+163659  0235+164  D  02 38 38.93009721   16 36 59.2745341  0.00000041 0.0000117   0.034  59017.3 52409.9 60560.1    168  14644      0235+164
ICRF J023945.4-023440  0237-027  D  02 39 45.47227279  -02 34 40.9146388  0.00000074 0.0000257  -0.212  59242.2 52634.7 60742.7     40   2933      0237-027
ICRF J023951.2+041621  0237+040     02 39 51.26304155   04 16 21.4116382  0.00000072 0.0000239  -0.225  59187.9 52634.7 60708.3     40   3200      0237+040
ICRF J024104.7-081520  0238-084     02 41 04.79845284  -08 15 20.7522742  0.00000129 0.0000397  -0.138  59993.7 59503.1 60708.3     33   1991      NGC1052 
ICRF J024224.2+174258  0239+175  D  02 42 24.26825937   17 42 58.8491818  0.00000076 0.0000224  -0.139  59781.5 58452.3 60693.3     26   2111      0239+175
ICRF J024229.1+110100  0239+108     02 42 29.17084341   11 01 00.7277603  0.00000076 0.0000229  -0.178  58552.8 52634.7 60693.3     30   2483      0239+108
ICRF J024312.4-055055  0240-060     02 43 12.46947042  -05 50 55.2955514  0.00000350 0.0001419  -0.588  60221.6 60106.1 60545.8     10    540      0240-060
ICRF J024445.6+132007  0242+131     02 44 45.69332764   13 20 07.2213260  0.00000111 0.0000356  -0.287  60348.7 60138.9 60742.7     13    785      0242+131
ICRF J024457.6+622806  0241+622     02 44 57.69672971   62 28 06.5154410  0.00000224 0.0000186  -0.033  57671.5 52409.9 60695.7     29   2395      0241+622
ICRF J024600.1-465117  0244-470     02 46 00.11799520  -46 51 17.2326802  0.00000602 0.0001416   0.696  58949.3 57598.3 60334.4     22     98      0244-470
ICRF J024631.1+341126  0243+339     02 46 31.18262310   34 11 26.6496788  0.00000190 0.0000320  -0.161  59365.3 53890.6 60608.8     44   2829      0243+339
ICRF J024741.2+325431  0244+327     02 47 41.23218977   32 54 31.8363683  0.00001188 0.0002475  -0.408  60186.6 60138.9 60384.9      5    139      0244+327
ICRF J024807.7-163146  0245-167     02 48 07.73223116  -16 31 46.3859687  0.00000122 0.0000493  -0.387  59289.7 57415.9 60491.8     50   3036      0245-167
ICRF J025035.5-262742  0248-266     02 50 35.56919697  -26 27 42.5154130  0.00000218 0.0000827  -0.522  59303.0 57371.1 60695.7     49   2798      0248-266
ICRF J025134.5+431515  0248+430     02 51 34.53669986   43 15 15.8296085  0.00000322 0.0000459  -0.511  60316.0 60106.1 60560.1      6    465      0248+430
ICRF J025154.6+561619  0248+560     02 51 54.62810963   56 16 19.5234314  0.00000216 0.0000212  -0.134  59322.2 53890.6 60742.7     41   3273      0248+560
ICRF J025207.7+171842  0249+171     02 52 07.71869292   17 18 42.6885497  0.00000087 0.0000234  -0.289  59461.0 54028.9 60708.3     47   3698      0249+171
ICRF J025308.8+383524  0249+383     02 53 08.88807112   38 35 24.9992708  0.00000153 0.0000270  -0.389  59273.3 54028.9 60651.7     34   2308      0249+383
ICRF J025329.1-544151  0252-549     02 53 29.18042332  -54 41 51.4361984  0.00000648 0.0001186   0.611  58384.4 56781.4 59194.4     17     74      0252-549
ICRF J025333.6+321720  0250+320     02 53 33.65014003   32 17 20.8920653  0.00000122 0.0000229  -0.287  59211.7 52781.5 60545.8     27   1687      0250+320
ICRF J025334.8+180542  0250+178     02 53 34.88222867   18 05 42.5243390  0.00000118 0.0000332  -0.246  59403.1 54028.9 60695.7     30   2520      0250+178
ICRF J025442.6+393134  0251+393     02 54 42.63205647   39 31 34.7110469  0.00000236 0.0000311  -0.419  60510.9 60138.9 60742.7      9    444      0251+393
ICRF J025745.6+184705  0254+185     02 57 45.62844891   18 47 05.3602065  0.00000119 0.0000300  -0.215  59295.3 54028.9 60532.9     48   3145      0254+185
ICRF J025928.5-001959  0256-005  D  02 59 28.51615729  -00 19 59.9755618  0.00000082 0.0000282  -0.300  59119.5 57415.9 60608.8     39   3069      0256-005
ICRF J025929.6+192544  0256+192     02 59 29.65592654   19 25 44.3276013  0.00000107 0.0000285  -0.218  59021.9 52781.5 60693.3     25   1568      0256+192
ICRF J030133.7+060227  0258+058     03 01 33.71391003   06 02 27.2821726  0.00000390 0.0001135  -0.365  60470.0 60138.9 60708.3     11    529      0258+058
ICRF J030138.4-715634  0301-721     03 01 38.44584795  -71 56 34.3996889  0.00003028 0.0001932   0.102  58043.5 57598.3 58356.3     10     23      0301-721
ICRF J030222.7+533146  0258+533     03 02 22.73543754   53 31 46.4847706  0.00000175 0.0000178  -0.079  59209.9 53890.6 60695.7     43   3224      0258+533
ICRF J030335.2+471616  0300+470  D  03 03 35.24221195   47 16 16.2753837  0.00000129 0.0000176  -0.206  56928.9 52409.9 60742.7     32   2777      0300+470
ICRF J030350.6-621125  0302-623     03 03 50.63142255  -62 11 25.5500668  0.00001048 0.0000973   0.470  58875.5 56781.4 60474.7     34     92      0302-623
ICRF J030422.0+682137  0259+681     03 04 22.00385285   68 21 37.4744599  0.00000391 0.0000200  -0.196  58957.5 54028.9 60560.1     30   2019      0259+681
ICRF J030441.3+334843  0301+336     03 04 41.36243831   33 48 43.5308497  0.00000335 0.0000619  -0.660  60349.6 60138.9 60708.3     10    476      0301+336
ICRF J030548.1+052331  0303+051     03 05 48.19161911   05 23 31.5262226  0.00000271 0.0000764  -0.131  59224.5 57415.9 60693.3     44   2906      0303+051
ICRF J030642.6+624302  0302+625  D  03 06 42.65954229   62 43 02.0239588  0.00000362 0.0000310  -0.141  59259.3 54028.9 60461.9     34   2284      0302+625
ICRF J030826.2+040639  0305+039  D  03 08 26.22379463   04 06 39.3006408  0.00000091 0.0000280  -0.123  59720.6 58452.3 60695.7     27   2139      NGC1218 
ICRF J030903.6+102916  0306+102     03 09 03.62348901   10 29 16.3408413  0.00000069 0.0000204  -0.095  59021.4 52634.7 60742.7     28   2076      0306+102
ICRF J030956.0-605839  0308-611  D  03 09 56.09919135  -60 58 39.0561560  0.00000927 0.0001326   0.550  58465.7 56781.4 60199.3     10     30      0308-611
ICRF J031049.8+381453  0307+380  D  03 10 49.87991189   38 14 53.8378413  0.00000124 0.0000197  -0.233  59445.7 58418.2 60560.1     34   1918      0307+380
ICRF J031301.9+412001  0309+411     03 13 01.96211302   41 20 01.1834260  0.00000093 0.0000141  -0.121  58980.5 53608.3 60532.9     55   4000      0309+411
ICRF J031521.1+101243  0312+100  D  03 15 21.13981460   10 12 43.0837132  0.00000128 0.0000390  -0.431  59450.3 58418.2 60608.8     38   2685      0312+100
ICRF J031757.6-441417  0316-444     03 17 57.67935902  -44 14 17.1606657  0.00005391 0.0013910  -0.964  59685.5 58475.2 60461.9     33    379      0316-444
ICRF J031857.8+162832  0316+162     03 18 57.80320702   16 28 32.6657308  0.00000083 0.0000251  -0.366  59366.0 58806.0 60708.3     70  13126      CTA21   
ICRF J031948.1+413042  0316+413     03 19 48.16015659   41 30 42.1071010  0.00000066 0.0000101   0.128  59616.6 58806.0 60742.7    137  17496      3C84    
ICRF J032153.1+122113  0319+121     03 21 53.10348316   12 21 13.9542722  0.00000222 0.0000716  -0.295  60304.7 60138.9 60742.7      7    664      0319+121
ICRF J032159.8-052612  0319-056     03 21 59.87036520  -05 26 12.4290171  0.00000368 0.0001050   0.148  60306.2 60106.1 60708.3     10    615      0319-056
ICRF J032309.8+014550  0320+015     03 23 09.87231435   01 45 50.5071148  0.00000411 0.0001072  -0.020  60348.7 60106.1 60560.1      7    733      0320+015
ICRF J032441.1+341045  0321+340     03 24 41.16131131   34 10 45.8571905  0.00000359 0.0000594  -0.556  60316.1 60106.1 60532.9      7    201      0321+340
ICRF J032444.2-291821  0322-294     03 24 44.29538767  -29 18 21.2175559  0.00000124 0.0000445  -0.219  59423.1 58069.1 60651.7     73   4776      0322-294
ICRF J032536.8+222400  0322+222  D  03 25 36.81434872   22 24 00.3655380  0.00000069 0.0000171  -0.110  59027.6 53608.3 60695.7     41   2922      0322+222
ICRF J032759.2+004422  0325+005     03 27 59.21551396   00 44 22.7268787  0.00000174 0.0000573  -0.294  60353.6 60138.9 60742.7     10    630      0325+005
ICRF J032850.3+394044  0325+395     03 28 50.31207978   39 40 44.5665274  0.00000295 0.0000527  -0.305  59718.3 59503.1 60693.3     16    816      0325+395
ICRF J032915.3+351005  0326+349     03 29 15.35490348   35 10 05.9915497  0.00000194 0.0000366  -0.263  60361.4 60138.9 60651.7      7    576      0326+349
ICRF J032954.0-235708  0327-241     03 29 54.07554340  -23 57 08.7734048  0.00000140 0.0000521  -0.233  59501.9 56781.4 60608.8     45   2741      0327-241
ICRF J032957.6+275615  0326+277     03 29 57.66939708   27 56 15.4992624  0.00000109 0.0000215  -0.280  58917.5 57371.1 60560.1     36   2764      0326+278
ICRF J033413.6-400825  0332-403  D  03 34 13.65450116  -40 08 25.3982836  0.00000149 0.0000477   0.074  59579.6 56781.4 60608.8    156   4367      0332-403
ICRF J033453.3+080014  0332+078     03 34 53.31668464   08 00 14.4189368  0.00000116 0.0000368  -0.345  59069.0 57371.1 60695.7     40   2934      0332+078
ICRF J033553.9-543025  0334-546     03 35 53.92493541  -54 30 25.1132312  0.00004625 0.0010601   0.396  58837.0 58837.0 58837.0      1      4      0334-546
ICRF J033630.1+321829  0333+321     03 36 30.10759075   32 18 29.3422377  0.00000057 0.0000106   0.071  59319.6 52634.7 60742.7    182  14824      NRAO140 
ICRF J033635.0-130204  0334-131  D  03 36 35.03580580  -13 02 04.6599162  0.00000084 0.0000301  -0.208  59320.7 57415.9 60491.8     55   4579      0334-131
ICRF J033930.9-014635  0336-019     03 39 30.93778207  -01 46 35.8041641  0.00000068 0.0000223  -0.101  57675.4 52409.9 60519.7     43   2740      CTA26   
ICRF J034010.7+473227  0336+473     03 40 10.78884325   47 32 27.3149748  0.00000221 0.0000286  -0.324  58855.5 53890.6 60545.8     23   1634      0336+473
ICRF J034035.6-211931  0338-214     03 40 35.60786359  -21 19 31.1724905  0.00000225 0.0000811  -0.420  59982.5 59525.9 60560.1     21   1531      0338-214
ICRF J034328.9+362212  0340+362     03 43 28.95239821   36 22 12.4296972  0.00000227 0.0000347  -0.014  58876.0 52781.5 60695.7     29   1681      0340+362
ICRF J034441.4+682747  0339+683     03 44 41.44119400   68 27 47.8100500  0.00000360 0.0000213   0.016  59090.1 57371.1 60742.7     42   2992      0339+683
ICRF J034506.4+145349  0342+147     03 45 06.41651957   14 53 49.5581367  0.00000098 0.0000235  -0.175  59138.0 57559.3 60693.3     35   2436      0342+147
ICRF J034634.5+540059  0342+538     03 46 34.50412214   54 00 59.1093375  0.00000234 0.0000234  -0.302  59013.7 53890.6 60651.7     27   1983      0342+538
ICRF J034711.6+484237  0343+485     03 47 11.61333472   48 42 37.4730256  0.00000226 0.0000288  -0.277  59232.7 53897.6 60545.8     38   2734      0343+485
ICRF J034756.8+555731  0344+558     03 47 56.81204586   55 57 31.5785214  0.00000265 0.0000247  -0.318  58964.0 53890.6 60560.1     20   1268      0344+558
ICRF J034838.1-274913  0346-279  D  03 48 38.14456672  -27 49 13.5658742  0.00000112 0.0000379  -0.048  59397.2 52781.5 60742.7     48   2576      0346-279
ICRF J034845.1+414914  0345+416     03 48 45.12233486   41 49 14.6751351  0.00000444 0.0000717  -0.385  60323.2 60106.1 60695.7      6    448      0345+416
ICRF J034918.7+460959  0345+460     03 49 18.74158008   46 09 59.6577938  0.00000176 0.0000230  -0.349  58825.4 52781.5 60457.8     27   1774      0345+460
ICRF J034957.8-210247  0347-211  D  03 49 57.82667347  -21 02 47.7419641  0.00000127 0.0000469  -0.296  59504.8 58370.3 60545.8     40   2870      0347-211
ICRF J035110.9-115322  0348-120     03 51 10.97693549  -11 53 22.6651445  0.00000411 0.0001410  -0.684  60331.9 60106.1 60560.1      6    668      0348-120
ICRF J035430.0+464318  0350+465     03 54 30.01164459   46 43 18.7498905  0.00000158 0.0000210  -0.090  58427.4 52781.5 60695.7     34   2388      0350+465
ICRF J035446.1+800928  0346+800  D  03 54 46.12599929   80 09 28.8474754  0.00001669 0.0000425  -0.207  58600.2 57371.1 60187.8     27   2018      0346+800
ICRF J035516.5+390909  0351+390     03 55 16.59049921   39 09 09.8053700  0.00000149 0.0000225  -0.172  59257.3 54028.9 60742.7     37   2568      0351+390
ICRF J035547.8-664533  0355-669  D  03 55 47.88342413  -66 45 33.8170947  0.00004075 0.0003466   0.673  59317.8 58837.0 60199.3      3     14      0355-669
ICRF J035608.4+290342  0353+289     03 56 08.46193958   29 03 42.3203544  0.00000154 0.0000336  -0.321  59194.4 54028.9 60491.8     51   3476      0353+289
ICRF J035625.1+604357  0352+605     03 56 25.19876880   60 43 57.9793893  0.00001623 0.0001499  -0.681  60244.2 60138.9 60310.1      6    258      0352+605
ICRF J035721.6+231953  0354+231     03 57 21.60988237   23 19 53.8252907  0.00000083 0.0000188  -0.132  59293.0 52781.5 60545.8     44   2752      0354+231
ICRF J035743.2-075114  0355-079     03 57 43.29324599  -07 51 14.5677512  0.00000192 0.0000676  -0.300  60440.5 60138.9 60693.3      8    522      0355-079
ICRF J035830.1+560644  0354+559     03 58 30.18815624   56 06 44.4605563  0.00000207 0.0000183  -0.051  59161.0 53897.6 60695.7     37   2630      0354+559
ICRF J035929.7+505750  0355+508     03 59 29.74727867   50 57 50.1616846  0.00000151 0.0000151  -0.058  59097.4 53890.6 60742.7     34   2120      NRAO150 
ICRF J035944.9+322047  0356+322     03 59 44.91291081   32 20 47.1557960  0.00000121 0.0000198  -0.126  59225.1 54028.9 60693.3     30   2185      0356+322
ICRF J040106.6-160639  0358-162     04 01 06.63675116  -16 06 39.0107322  0.00000234 0.0000832  -0.148  60360.2 60106.1 60651.7      8    641      0358-162
ICRF J040119.9+041334  0358+040     04 01 19.91297026   04 13 34.4071235  0.00000085 0.0000266  -0.133  58167.9 52781.5 60491.8     26   1882      0358+040
ICRF J040145.1+211028  0358+210     04 01 45.16607312   21 10 28.5868876  0.00000106 0.0000271  -0.328  59295.7 53608.3 60651.7     39   2973      0358+210
ICRF J040221.2-314725  0400-319  D  04 02 21.26600710  -31 47 25.9457817  0.00000144 0.0000473  -0.181  59596.0 56781.4 60695.7     67   3094      0400-319
ICRF J040305.5+260001  0400+258     04 03 05.58605527   26 00 01.5027500  0.00000130 0.0000251  -0.180  58274.2 52634.7 60742.7     31   1845      0400+258
ICRF J040341.7-244408  0401-248     04 03 41.73605387  -24 44 08.4585699  0.00000097 0.0000357  -0.130  59432.5 53890.6 60608.8     72   4254      0401-248
ICRF J040353.7-360501  0402-362  D  04 03 53.74990759  -36 05 01.9135013  0.00000114 0.0000354   0.010  59773.9 52781.5 60742.7    134   5398      0402-362
ICRF J040534.0-130813  0403-132  D  04 05 34.00339195  -13 08 13.6909985  0.00000073 0.0000267  -0.138  59478.4 57415.9 60461.9     39   3007      0403-132
ICRF J040634.3+063714  0403+064     04 06 34.30750390   06 37 14.9885587  0.00000197 0.0000600  -0.314  60227.5 60106.1 60693.3      8    465      0403+064
ICRF J040659.0-382628  0405-385     04 06 59.03536271  -38 26 28.0421440  0.00000178 0.0000586   0.246  59254.1 52781.5 60608.8     72   2239      0405-385
ICRF J040729.0+074207  0404+075     04 07 29.08668199   07 42 07.4713889  0.00000117 0.0000364  -0.289  60329.1 60106.1 60695.7     11    660      0404+075
ICRF J040733.9-330346  0405-331     04 07 33.91374010  -33 03 46.3580965  0.00000191 0.0000724  -0.282  59404.7 52781.5 60651.7     40   2001      0405-331
ICRF J040748.4-121136  0405-123     04 07 48.43097560  -12 11 36.6600205  0.00000064 0.0000238   0.044  59384.0 57371.1 60742.7     59   4928      0405-123
ICRF J040905.7-123848  0406-127  D  04 09 05.76972072  -12 38 48.1439978  0.00000197 0.0000749  -0.355  59433.5 57415.9 60708.3     36   2780      0406-127
ICRF J040922.0+121739  0406+121     04 09 22.00869595   12 17 39.8478492  0.00000166 0.0000496  -0.505  59161.7 52781.5 60491.8     35   2121      0406+121
ICRF J041243.6+230505  0409+229     04 12 43.66686521   23 05 05.4524941  0.00000159 0.0000326  -0.487  59469.7 53608.3 60545.8     38   2353      0409+229
ICRF J041437.2+341851  0411+341     04 14 37.25570051   34 18 51.2081047  0.00000586 0.0000922  -0.096  60406.4 60138.9 60695.7      8    419      0411+341
ICRF J041556.5+445249  0412+447     04 15 56.52650159   44 52 49.6834365  0.00000164 0.0000195  -0.207  59152.4 53890.6 60742.7     39   2789      0412+447
ICRF J041636.5-185108  0414-189     04 16 36.54445014  -18 51 08.3403518  0.00000131 0.0000471  -0.210  59588.4 57415.9 60608.8     42   2602      0414-189
ICRF J041919.4+572259  0415+572     04 19 19.41294042   57 22 59.9840780  0.00000632 0.0000532  -0.000  58895.1 54028.9 60491.8     25   1389      0415+572
ICRF J041922.5+395528  0415+398  D  04 19 22.54951072   39 55 28.9775315  0.00000178 0.0000241  -0.321  59072.7 52781.5 60461.9     33   2142      0415+398
ICRF J042018.3-150126  0418-151     04 20 18.39336668  -15 01 26.5769209  0.00000462 0.0001550  -0.501  60197.3 60106.1 60286.2      4    486      0418-151
ICRF J042244.3+532426  0418+532     04 22 44.39889019   53 24 26.2627118  0.00000169 0.0000163  -0.055  59047.0 54028.9 60695.7     40   3243      0418+532
ICRF J042252.2+021926  0420+022  D  04 22 52.21464699   02 19 26.9306659  0.00000086 0.0000279  -0.158  59237.6 52781.5 60742.7     43   2691      0420+022
ICRF J042315.8-012033  0420-014     04 23 15.80072063  -01 20 33.0657539  0.00000037 0.0000132   0.030  59337.4 52781.5 60608.8    166  13285      0420-014
ICRF J042356.0+415002  0420+417     04 23 56.00979251   41 50 02.7129311  0.00000116 0.0000151  -0.189  59138.5 53897.6 60608.8     46   3086      0420+417
ICRF J042439.1+463632  0421+464     04 24 39.16529872   46 36 32.2806060  0.00000239 0.0000319  -0.336  58783.8 53890.6 60461.9     23   1423      0421+464
ICRF J042442.2-375620  0422-380     04 24 42.24370528  -37 56 20.7845657  0.00000239 0.0000826  -0.021  59127.7 52781.5 60695.7     41   1461      0422-380
ICRF J042446.8+003606  0422+004     04 24 46.84205560   00 36 06.3292720  0.00000129 0.0000465  -0.280  58995.9 52781.5 60560.1     27   1959      0422+004
ICRF J042650.0+682552  0421+683     04 26 50.07015889   68 25 52.9292775  0.00001235 0.0000392  -0.482  60329.0 60138.9 60742.7      6    344      0421+683
ICRF J042746.0+413301  0424+414     04 27 46.04557651   41 33 01.0994429  0.00001354 0.0001490  -0.437  60124.0 60106.1 60384.9      3    125      0424+414
ICRF J042747.5+045708  0425+048     04 27 47.57053846   04 57 08.3253292  0.00000085 0.0000257  -0.179  59397.0 52781.5 60482.3     58   4315      0425+048
ICRF J042805.8+325952  0424+328     04 28 05.80874084   32 59 52.0439320  0.00000667 0.0000852  -0.302  60241.7 60106.1 60444.5      9    400      0424+328
ICRF J042840.4-375619  0426-380     04 28 40.42427973  -37 56 19.5805923  0.00000182 0.0000570   0.108  59277.6 52781.5 60491.8     45   1799      0426-380
ICRF J042842.6-500534  0427-502     04 28 42.63216643  -50 05 34.2956471  0.00004386 0.0009024   0.683  58837.0 58837.0 58837.0      1      4      0427-502
ICRF J042952.9+272437  0426+273     04 29 52.96076572   27 24 37.8763216  0.00000139 0.0000306  -0.275  58951.6 53608.3 60695.7     43   2897      0426+273
ICRF J043157.3+173135  0429+174     04 31 57.37922603   17 31 35.7753132  0.00000128 0.0000323  -0.438  59399.1 53926.0 60742.7     35   1874      0429+174
ICRF J043229.0-161405  0430-163     04 32 29.08226637  -16 14 05.6686863  0.00000299 0.0001169  -0.624  60274.6 60138.9 60489.3      8    729      0430-163
ICRF J043236.5+413828  0429+415     04 32 36.50307056   41 38 28.4548607  0.00000582 0.0000839   0.088  59200.9 53890.6 60651.7     35   1040      3C119   
ICRF J043240.3+450013  0429+448     04 32 40.38132458   45 00 13.7612011  0.00000926 0.0001046  -0.589  59327.7 53890.6 60532.9     25   1134      0429+448
ICRF J043244.5-330911  0430-332     04 32 44.56422066  -33 09 11.9307744  0.00000911 0.0002793  -0.689  59449.1 58013.3 60461.9     28    719      0430-332
ICRF J043311.0+052115  0430+052     04 33 11.09556764   05 21 15.6194760  0.00000038 0.0000123   0.055  59390.4 52781.5 60742.7    171  13602      3C120   
ICRF J043334.1-603013  0432-606     04 33 34.10847795  -60 30 13.7689805  0.00002048 0.0003234   0.587  59684.1 58837.0 60213.5      2     13      0432-606
ICRF J043337.8+290555  0430+289  D  04 33 37.82985368   29 05 55.4770480  0.00000174 0.0000371  -0.409  59261.0 58013.3 60695.7     34   1941      0430+289
ICRF J043701.4-184448  0434-188     04 37 01.48273151  -18 44 48.6135598  0.00000144 0.0000527  -0.419  59549.3 57371.1 60742.7     51   3131      0434-188
ICRF J043704.3-714820  0437-719     04 37 04.37843087  -71 48 20.1649697  0.00002182 0.0001111   0.433  58523.2 57598.3 59138.3     14     40      0437-719
ICRF J043804.9+300445  0434+299     04 38 04.94828728   30 04 45.5181239  0.00000226 0.0000383   0.278  60478.0 60138.9 60708.3      8    447      0434+299
ICRF J043835.0-125103  0436-129     04 38 35.02100691  -12 51 03.3593669  0.00000086 0.0000317  -0.183  59308.4 57371.1 60532.9     35   3130      0436-129
ICRF J043900.8-452222  0437-454     04 39 00.85468861  -45 22 22.5634112  0.00000409 0.0001420   0.060  59695.3 58452.3 60461.9     25    671      0437-454
ICRF J043902.2+052043  0436+052     04 39 02.26222022   05 20 43.6735870  0.00000423 0.0000959   0.041  60392.8 60138.9 60651.7     11    655      0436+052
ICRF J044017.1-433308  0438-436     04 40 17.18001006  -43 33 08.6044014  0.00000292 0.0000930   0.290  59555.1 56781.4 60147.4     33    891      0438-436
ICRF J044027.7+272840  0437+273     04 40 27.73939270   27 28 40.6792327  0.00000207 0.0000406  -0.317  60378.1 60106.1 60695.7      9    521      0437+273
ICRF J044047.7-695218  0441-699     04 40 47.75743412  -69 52 18.0864682  0.00001465 0.0001023   0.020  58489.9 57598.3 59194.4     15     41      0441-699
ICRF J044238.6-001743  0440-003     04 42 38.66076062  -00 17 43.4206896  0.00000133 0.0000412   0.126  60375.8 60138.9 60651.7      8    772      NRAO190 
ICRF J044331.6+344106  0440+345     04 43 31.63519680   34 41 06.6631360  0.00000995 0.0001725   0.010  59935.0 59503.1 60384.9     16    483      0440+345
ICRF J044611.4+390017  0442+389     04 46 11.49401345   39 00 17.0998330  0.00000290 0.0000498  -0.409  59176.3 57415.9 60693.3     32   1828      0442+389
ICRF J044821.7+095051  0445+097     04 48 21.73843588   09 50 51.4603184  0.00000237 0.0000646  -0.264  60215.3 60138.9 60474.7      7    522      0445+097
ICRF J044907.6+112128  0446+112     04 49 07.67109624   11 21 28.5963198  0.00000052 0.0000143  -0.024  59296.7 52409.9 60742.7     59   4790      0446+112
ICRF J044923.3+633209  0444+634     04 49 23.31057971   63 32 09.4341700  0.00000317 0.0000221  -0.128  60096.5 59525.9 60695.7     20   1065      0444+634
ICRF J045005.4-810102  0454-810  D  04 50 05.44025096  -81 01 02.2315110  0.00001826 0.0000490  -0.159  58706.2 56781.4 60489.3     44    135      0454-810
ICRF J045043.6+405613  0447+408     04 50 43.67959954   40 56 13.9676287  0.00000193 0.0000262  -0.410  59211.4 53897.6 60742.7     34   1927      0447+408
ICRF J045051.9+224905  0447+227     04 50 51.94467672   22 49 05.8985429  0.00000328 0.0000698  -0.437  59124.5 57559.3 60708.3     31   1738      0447+227
ICRF J045118.7+593532  0446+595     04 51 18.72179016   59 35 32.1835061  0.00000402 0.0000294  -0.137  58666.4 53890.6 60491.8     36   2396      0446+595
ICRF J045302.2+012835  0450+013     04 53 02.23860767   01 28 35.6286433  0.00000104 0.0000355  -0.240  59281.5 52781.5 60693.3     42   2996      0450+013
ICRF J045314.6-280737  0451-282     04 53 14.64680227  -28 07 37.3272763  0.00000107 0.0000376   0.023  59737.3 56781.4 60608.8     42   2609      0451-282
ICRF J045550.7-461558  0454-463     04 55 50.77250199  -46 15 58.6806265  0.00000926 0.0002013   0.658  59452.2 56781.4 60695.7     17     65      0454-463
ICRF J045703.1-232452  0454-234  D  04 57 03.17922545  -23 24 52.0204345  0.00000058 0.0000188  -0.006  59131.9 52409.9 60742.7    186  13408      0454-234
ICRF J045707.7+064507  0454+066     04 57 07.70993400   06 45 07.2603225  0.00000136 0.0000462  -0.378  60356.2 60138.9 60742.7     11    781      0454+066
ICRF J045854.8+550842  0454+550     04 58 54.84010151   55 08 42.0591364  0.00000218 0.0000198  -0.158  59197.8 54028.9 60651.7     40   2813      0454+550
ICRF J045952.0+022931  0457+024     04 59 52.05065535   02 29 31.1762874  0.00000259 0.0000700  -0.041  60200.5 60106.1 60437.3      6    350      0457+024
ICRF J050112.8-015914  0458-020  D  05 01 12.80988093  -01 59 14.2565540  0.00000047 0.0000157  -0.066  59239.5 52409.9 60742.7     89   6604      0458-020
ICRF J050145.2+135607  0458+138     05 01 45.27081847   13 56 07.2199471  0.00000163 0.0000468   0.036  59274.8 54189.3 60532.9     47   3163      0458+138
ICRF J050215.4+060907  0459+060     05 02 15.44592104   06 09 07.4937697  0.00000211 0.0000621  -0.112  60360.2 60138.9 60651.7      9    600      0459+060
ICRF J050233.2+133810  0459+135     05 02 33.21950959   13 38 10.9588779  0.00000107 0.0000266  -0.086  59406.2 52781.5 60742.7     35   2534      0459+135
ICRF J050237.9+413919  0459+415     05 02 37.98821773   41 39 19.3474605  0.00000211 0.0000295  -0.345  59006.6 54028.9 60545.8     26   1530      0459+415
ICRF J050258.4+251625  0459+252     05 02 58.47476127   25 16 25.2754833  0.00000112 0.0000231  -0.213  59137.3 57545.3 60695.7     25   1816      0459+252
ICRF J050454.3+280231  0501+279     05 04 54.30649430   28 02 31.9812840  0.00000974 0.0001282  -0.451  59028.5 58042.5 60560.1     34   1310      0501+279
ICRF J050523.1+045942  0502+049     05 05 23.18471806   04 59 42.7244152  0.00000057 0.0000179  -0.062  59221.7 52781.5 60693.3     50   3691      0502+049
ICRF J050555.8-293038  0503-295     05 05 55.84935387  -29 30 38.4016908  0.00000177 0.0000716  -0.239  59358.2 56781.4 60608.8     53   2808      0503-295
ICRF J050643.9-610940  0506-612     05 06 43.98892280  -61 09 40.9935639  0.00006781 0.0005394   0.565  59130.1 58837.0 59264.2      3      7      0506-612
ICRF J050754.6-610443  0507-611     05 07 54.67076127  -61 04 43.1145832  0.00003683 0.0006316   0.683  59109.9 58837.0 60474.7      2      6      0507-611
ICRF J050842.3+843204  0454+844  D  05 08 42.36352173   84 32 04.5443111  0.00002145 0.0000325   0.188  59226.6 58370.3 60695.7     30   2128      0454+844
ICRF J050925.9+054135  0506+056     05 09 25.96446441   05 41 35.3335266  0.00000045 0.0000142  -0.018  59016.3 52781.5 60708.3    100   7941      0506+056
ICRF J050927.4+101144  0506+101  D  05 09 27.45706497   10 11 44.6000438  0.00000100 0.0000293  -0.351  59122.5 57371.1 60693.3     46   3057      0506+101
ICRF J050948.8+395154  0506+398     05 09 48.81741576   39 51 54.6237150  0.00000252 0.0000335  -0.236  59259.8 53890.6 60742.7     29   1982      0506+398
ICRF J051002.3+180041  0507+179  D  05 10 02.36912023   18 00 41.5815861  0.00000063 0.0000155  -0.085  58940.2 53608.3 60693.3     45   2985      0507+179
ICRF J051046.3-314253  0508-317     05 10 46.34088363  -31 42 53.9298928  0.00001514 0.0004514  -0.791  60292.1 60138.9 60426.3      5    199      0508-317
ICRF J051138.3+135719  0508+138     05 11 38.31965763   13 57 19.1934730  0.00000133 0.0000314  -0.053  59405.2 57415.9 60695.7     35   3029      0508+138
ICRF J051157.6+011049  0509+011     05 11 57.61258048   01 10 49.4358586  0.00000242 0.0000850  -0.566  60398.1 60138.9 60742.7      9    625      0509+011
ICRF J051252.5+404143  0509+406     05 12 52.54284139   40 41 43.6202612  0.00000178 0.0000288  -0.122  60338.0 60106.1 60693.3      7    441      0509+406
ICRF J051349.1-215916  0511-220     05 13 49.11432280  -21 59 16.0924254  0.00000127 0.0000439  -0.396  59452.7 52781.5 60560.1     46   2662      0511-220
ICRF J051417.3-202920  0512-205     05 14 17.34750089  -20 29 20.5122425  0.00000681 0.0002508  -0.711  60290.5 60138.9 60532.9     10    400      0512-205
ICRF J051418.6+560211  0510+559  D  05 14 18.69959875   56 02 11.0529351  0.00000261 0.0000227  -0.090  58818.3 57371.1 60545.8     35   2798      0510+559
ICRF J051545.2-455643  0514-459     05 15 45.25014176  -45 56 43.1983190  0.00000346 0.0000997   0.214  59398.2 56781.4 60695.7     51    955      0514-459
ICRF J051615.9-160307  0514-161     05 16 15.92935000  -16 03 07.6338676  0.00000231 0.0000747  -0.283  60381.4 60106.1 60742.7     10    798      0514-161
ICRF J051644.9-620705  0516-621     05 16 44.92621046  -62 07 05.3893174  0.00000951 0.0000962   0.343  58293.2 56781.4 59138.3     23     65      0516-621
ICRF J051728.8+453704  0513+455     05 17 28.89944686   45 37 04.8654720  0.00000546 0.0000599  -0.366  60377.1 60138.9 60608.8      8    330      0513+455
ICRF J051803.8+205452  0515+208  D  05 18 03.82450430   20 54 52.4974207  0.00000139 0.0000318  -0.461  59092.1 57415.9 60560.1     40   2876      0515+208
ICRF J051805.1+330613  0514+330     05 18 05.14245967   33 06 13.3645110  0.00000176 0.0000282  -0.310  59198.2 53890.6 60651.7     27   1625      0514+330
ICRF J051910.8+084856  0516+087     05 19 10.81113137   08 48 56.7343702  0.00000132 0.0000390  -0.146  60290.5 60138.9 60532.9     10    631      0516+087
ICRF J052145.9+211251  0518+211     05 21 45.96585677   21 12 51.4516448  0.00000127 0.0000334  -0.144  60470.6 60106.1 60695.7     11    861      0518+211
ICRF J052217.4+011331  0519+011     05 22 17.46743466   01 13 31.1854185  0.00000147 0.0000474  -0.191  60373.2 60106.1 60742.7     10    717      0519+011
ICRF J052234.4-610757  0522-611  D  05 22 34.42552521  -61 07 57.1336357  0.00001511 0.0001744   0.624  58542.0 56781.4 60431.3     17     50      0522-611
ICRF J052244.6-162752  0520-165     05 22 44.65495759  -16 27 52.4063526  0.00000198 0.0000804  -0.317  59096.6 57415.9 60491.8     58   2639      0520-165
ICRF J052257.9-362730  0521-365     05 22 57.98466168  -36 27 30.8513200  0.00000202 0.0000622   0.002  59368.0 56781.4 60305.3     36   1305      0521-365
ICRF J052506.5-233810  0523-236     05 25 06.50591442  -23 38 10.8074850  0.00000189 0.0000631   0.025  60413.8 60106.1 60651.7      8    765      0523-236
ICRF J052616.6-483036  0524-485  D  05 26 16.67134498  -48 30 36.7916686  0.00000721 0.0002082   0.525  59104.9 58837.0 59264.2      3     20      0524-485
ICRF J052732.7+033131  0524+034  D  05 27 32.70543630   03 31 31.5164147  0.00000067 0.0000216  -0.173  59032.3 52781.5 60695.7     47   3427      0524+034
ICRF J052930.0-724528  0530-727  D  05 29 30.04225692  -72 45 28.5073356  0.00002043 0.0001153  -0.327  58122.6 56781.4 60199.3     14     39      0530-727
ICRF J052953.5-051941  0527-053     05 29 53.53350078  -05 19 41.6173348  0.00000104 0.0000365  -0.243  59308.2 57371.1 60742.7     41   3347      0527-053
ICRF J053012.5+372332  0526+373     05 30 12.54930029   37 23 32.6190528  0.00000552 0.0001034  -0.021  60257.9 60138.9 60708.3      6    392      0526+373
ICRF J053056.4+133155  0528+134     05 30 56.41673298   13 31 55.1494007  0.00000041 0.0000110   0.052  59122.2 52409.9 60742.7    173  13664      0528+134
ICRF J053202.0-384854  0530-388     05 32 02.06187369  -38 48 54.3425227  0.00000460 0.0001576  -0.377  60233.5 59972.1 60651.7     18    705      0530-388
ICRF J053207.5-030707  0529-031     05 32 07.51928636  -03 07 07.0375377  0.00000180 0.0000699  -0.380  60232.0 60106.1 60491.8     10    758      0529-031
ICRF J053238.9+073243  0529+075     05 32 38.99848958   07 32 43.3447874  0.00000103 0.0000325  -0.190  60163.1 59972.1 60545.8     17    742      0529+075
ICRF J053315.8+482252  0529+483  D  05 33 15.86578033   48 22 52.8077019  0.00000126 0.0000135  -0.021  59014.3 57371.1 60695.7     44   3286      0529+483
ICRF J053417.4-374725  0532-378     05 34 17.48656293  -37 47 25.5947213  0.00000392 0.0001300  -0.305  60217.1 59972.1 60608.8     21   1029      0532-378
ICRF J053435.7-610607  0534-611     05 34 35.77262654  -61 06 07.0697829  0.00006406 0.0013221   0.874  58837.0 58837.0 58837.0      1      4      0534-611
ICRF J053628.4-340111  0534-340  D  05 36 28.43237119  -34 01 11.4684953  0.00000180 0.0000620  -0.024  59299.8 52781.5 60461.9     62   2269      0534-340
ICRF J053850.3-440508  0537-441     05 38 50.36157826  -44 05 08.9389571  0.00000190 0.0000588   0.242  59800.3 52781.5 60742.7    117   2675      0537-441
ICRF J053932.0-155030  0537-158     05 39 32.01012289  -15 50 30.3212426  0.00000378 0.0001601  -0.036  60232.9 60138.9 60545.8      9    464      0537-158
ICRF J053942.3+143345  0536+145  D  05 39 42.36598590   14 33 45.5616046  0.00000085 0.0000241  -0.211  59055.4 57371.1 60489.3     30   1855      0536+145
ICRF J053954.2-283955  0537-286  D  05 39 54.28147011  -28 39 55.9479856  0.00000139 0.0000516  -0.172  59614.4 56781.4 60560.1     44   2275      0537-286
ICRF J054044.4+391612  0537+392     05 40 44.43852302   39 16 12.2345147  0.00000239 0.0000328  -0.365  59287.7 53897.6 60695.7     32   2032      0537+392
ICRF J054045.8-541822  0539-543     05 40 45.84808603  -54 18 22.0957789  0.00000730 0.0001557   0.482  58485.1 57598.3 59194.4     16     51      0539-543
ICRF J054114.7+555043  0537+558     05 41 14.75774620   55 50 43.5704477  0.00000276 0.0000232  -0.342  59050.9 54028.9 60742.7     43   2843      0537+558
ICRF J054138.0-054149  0539-057  D  05 41 38.08337012  -05 41 49.4286817  0.00000091 0.0000322  -0.370  59402.8 58370.3 60708.3     37   2647      0539-057
ICRF J054236.1+495107  0538+498     05 42 36.13790180   49 51 07.2336727  0.00000452 0.0000399  -0.151  59777.5 59503.1 60268.5     18    861      3C147   
ICRF J054706.2+122346  0544+123     05 47 06.27629759   12 23 46.2448041  0.00000110 0.0000295  -0.256  59141.5 53897.6 60431.3     32   2299      0544+123
ICRF J054734.1+272156  0544+273  D  05 47 34.14891474   27 21 56.8425543  0.00000116 0.0000242  -0.263  58808.7 52781.5 60545.8     28   1797      0544+273
ICRF J055009.5-573224  0549-575     05 50 09.58019927  -57 32 24.3972246  0.00001094 0.0001584   0.773  58435.2 56781.4 59138.3     14     47      0549-575
ICRF J055047.3+232648  0547+234     05 50 47.39088844   23 26 48.1771023  0.00000094 0.0000207  -0.171  59126.9 53608.3 60695.7     49   3469      0547+234
ICRF J055111.2+082911  0548+084  D  05 51 11.22934430   08 29 11.2218999  0.00000100 0.0000343  -0.335  59527.8 57415.9 60742.7     44   3696      0548+084
ICRF J055207.0+200719  0549+201     05 52 07.00135029   20 07 19.7876136  0.00000126 0.0000314  -0.325  59243.2 53890.6 60384.9     30   2340      0549+201
ICRF J055217.9+375425  0548+378     05 52 17.93691161   37 54 25.2823404  0.00000199 0.0000249  -0.328  59915.5 59525.9 60457.8     24   1179      0548+378
ICRF J055225.8+191340  0549+192     05 52 25.88501641   19 13 40.2676062  0.00000210 0.0000487  -0.419  58886.9 54189.3 60461.9     22   1345      0549+192
ICRF J055409.5+354131  0550+356     05 54 09.52924924   35 41 31.4011996  0.00000161 0.0000285  -0.402  59223.7 53897.6 60693.3     52   3062      0550+356
ICRF J055530.8+394849  0552+398  D  05 55 30.80560268   39 48 49.1650073  0.00000073 0.0000093   0.073  59260.2 52409.9 60695.7    175  13361      0552+398
ICRF J055704.7+241355  0554+242     05 57 04.71358179   24 13 55.2982748  0.00000130 0.0000276  -0.273  59296.3 53608.3 60742.7     40   2234      0554+242
ICRF J055932.0+235353  0556+238  D  05 59 32.03312515   23 53 53.9264887  0.00000115 0.0000263  -0.173  58879.9 52634.7 60532.9     34   2339      0556+238
ICRF J060111.2-703608  0601-706     06 01 11.24780234  -70 36 08.7921842  0.00001356 0.0000970   0.276  58599.3 57598.3 59194.4     22     71      0601-706
ICRF J060147.3+232453  0558+234     06 01 47.35702181   23 24 53.4847836  0.00000169 0.0000392  -0.283  59276.5 54028.9 60608.8     25   2130      0558+234
ICRF J060152.8-200445  0559-200     06 01 52.82632678  -20 04 45.2122469  0.00000309 0.0001047  -0.377  60253.8 60138.9 60461.9      7    458      0559-200
ICRF J060309.1+174216  0600+177     06 03 09.13026046   17 42 16.8103097  0.00000161 0.0000386  -0.458  58889.3 53897.6 60268.5     29   2209      0600+177
ICRF J060425.1-422530  0602-424     06 04 25.17467575  -42 25 30.0935917  0.00000286 0.0000992   0.030  59095.6 57714.0 60560.1     65   1503      0602-424
ICRF J060449.3+105540  0602+109     06 04 49.36961011   10 55 40.3744059  0.00000187 0.0000462  -0.287  59291.3 53890.6 60742.7     42   2771      0602+109
ICRF J060455.1+242955  0601+245     06 04 55.12140436   24 29 55.0364921  0.00000085 0.0000177  -0.147  59477.8 53608.3 60695.7     37   3029      0601+245
ICRF J060643.5-072430  0604-074     06 06 43.54632945  -07 24 30.2309448  0.00000202 0.0000702  -0.139  60336.6 60106.1 60651.7     10    729      0604-074
ICRF J060752.6+672055  0602+673     06 07 52.67161826   67 20 55.4099178  0.00000276 0.0000166  -0.096  58983.1 54028.9 60608.8     40   2643      0602+673
ICRF J060755.0-603151  0607-605     06 07 55.08680500  -60 31 51.9893267  0.00004794 0.0012756   0.693  59532.8 58837.0 60228.5      2      8      0607-605
ICRF J060759.6-083449  0605-085  D  06 07 59.69923104  -08 34 49.9785033  0.00000068 0.0000236  -0.184  59189.7 57371.1 60545.8     44   3305      0605-085
ICRF J060849.0-545642  0607-549     06 08 49.05964396  -54 56 42.8839257  0.00001798 0.0002836   0.638  58243.4 57598.3 60199.3     12     34      0607-549
ICRF J060859.6-222020  0606-223     06 08 59.68684239  -22 20 20.9568191  0.00000092 0.0000341  -0.067  59598.0 56781.4 60695.7     49   3488      0606-223
ICRF J060940.9-154240  0607-157  D  06 09 40.94954664  -15 42 40.6728054  0.00000065 0.0000227  -0.057  58891.6 52409.9 60742.7     58   4831      0607-157
ICRF J061350.1+260436  0610+260     06 13 50.13915398   26 04 36.7197844  0.00000104 0.0000196  -0.221  59239.5 53890.6 60693.3     41   2868      0610+260
ICRF J061357.6+130645  0611+131     06 13 57.69274465   13 06 45.4005909  0.00000076 0.0000226  -0.249  59140.3 53608.3 60651.7     42   3059      0611+131
ICRF J061423.8+604621  0609+607     06 14 23.86617087   60 46 21.7560068  0.00000406 0.0000454  -0.189  59785.1 59503.1 60099.1     14    878      0609+607
ICRF J061716.9+570116  0613+570  D  06 17 16.92255780   57 01 16.4230247  0.00000176 0.0000150  -0.153  59377.8 58370.3 60519.7     34   2156      0613+570
ICRF J061733.4-171525  0615-172     06 17 33.41852078  -17 15 25.0853450  0.00000337 0.0001196  -0.261  60252.6 59972.1 60695.7     20   1058      0615-172
ICRF J061904.1-114054  0616-116     06 19 04.10257874  -11 40 54.8907904  0.00000159 0.0000592  -0.276  60397.8 60138.9 60742.7     10    705      0616-116
ICRF J062032.1-251517  0618-252     06 20 32.11696796  -25 15 17.4862114  0.00000216 0.0000748  -0.113  60293.3 60106.1 60461.9      8    679      0618-252
ICRF J062307.6-643620  0622-645     06 23 07.69633675  -64 36 20.7215023  0.00004049 0.0009005   0.653  58837.0 58837.0 58837.0      1      5      0622-645
ICRF J062317.8+224135  0620+227     06 23 17.81354051   22 41 35.7749528  0.00000241 0.0000543  -0.412  60224.0 60106.1 60448.3      5    366      0620+227
ICRF J062518.2+444001  0621+446     06 25 18.26537115   44 40 01.6261636  0.00000187 0.0000238  -0.209  59031.9 57371.1 60545.8     30   2153      0621+446
ICRF J062552.2-543850  0624-546     06 25 52.23079476  -54 38 50.7051708  0.00004195 0.0015124   0.513  59525.3 58837.0 60213.5      2      8      0624-546
ICRF J062603.0+820225  0615+820  D  06 26 03.00626730   82 02 25.5678176  0.00001089 0.0000213  -0.068  59177.6 58370.3 60034.6     28   2231      0615+820
ICRF J062923.7-195919  0627-199  D  06 29 23.76186269  -19 59 19.7238777  0.00000089 0.0000308  -0.065  59703.8 58418.2 60695.7     38   2922      0627-199
ICRF J063053.9-132334  0628-133     06 30 53.90307570  -13 23 34.4932218  0.00000152 0.0000508  -0.185  60465.5 60106.1 60742.7     11    589      0628-133
ICRF J063101.0+202059  0628+203     06 31 01.06255940   20 20 59.2107580  0.00000095 0.0000232  -0.232  59229.0 53890.6 60608.8     56   3916      0628+203
ICRF J063111.9-415426  0629-418     06 31 11.99806803  -41 54 26.9473150  0.00000314 0.0000962   0.043  59006.9 57598.3 60651.7     59   1554      0629-418
ICRF J063459.0-233511  0632-235     06 34 59.00099641  -23 35 11.9574438  0.00000124 0.0000430  -0.166  59933.8 59525.9 60491.8     23   1565      0632-235
ICRF J063648.3-054707  0634-057     06 36 48.32950466  -05 47 07.5462521  0.00000093 0.0000332  -0.360  59374.6 53890.6 60560.1     50   4071      0634-057
ICRF J063802.8+593322  0633+595     06 38 02.87191695   59 33 22.2138083  0.00000229 0.0000179  -0.083  59012.6 57371.1 60695.7     34   2488      0633+595
ICRF J063910.9+021130  0636+022     06 39 10.94620828   02 11 30.6848301  0.00000125 0.0000427  -0.327  59402.6 53890.6 60742.7     37   2728      0636+022
ICRF J064151.1-032048  0639-032     06 41 51.13293724  -03 20 48.5824606  0.00000059 0.0000199  -0.093  59249.6 52781.5 60461.9     54   3887      0639-032
ICRF J064204.2+675835  0636+680     06 42 04.25741399   67 58 35.6206056  0.00001067 0.0000509  -0.421  59902.1 59503.1 60608.8     20    873      0636+680
ICRF J064206.1+881155  0603+882     06 42 06.13572144   88 11 55.0156157  0.00004905 0.0000207   0.019  58574.2 57371.1 60286.2     49   4224      0603+882
ICRF J064258.1+350918  0639+352     06 42 58.13961008   35 09 18.3786350  0.00000188 0.0000312  -0.395  59114.3 57545.3 60708.3     45   2532      0639+352
ICRF J064326.4+085738  0640+090     06 43 26.44502579   08 57 38.0119458  0.00000089 0.0000224  -0.230  59164.2 53890.6 60708.3     54   4074      0640+090
ICRF J064425.2-345941  0642-349     06 44 25.28106374  -34 59 41.9487815  0.00000911 0.0002839  -0.658  59608.6 58370.3 60532.9     44   1054      0642-349
ICRF J064428.0-671257  0644-671     06 44 28.04414984  -67 12 57.3584906  0.00001833 0.0001239   0.047  58612.8 57598.3 60213.5     21     57      0644-671
ICRF J064453.7+391447  0641+392  D  06 44 53.70957789   39 14 47.5337646  0.00000228 0.0000339  -0.163  59152.7 57415.9 60742.7     38   2459      0641+392
ICRF J064524.0+212151  0642+214     06 45 24.09958110   21 21 51.1998759  0.00000433 0.0000915  -0.684  60347.7 60138.9 60708.3     10    395      3C166   
ICRF J064632.0+445116  0642+449     06 46 32.02598090   44 51 16.5899772  0.00000084 0.0000089   0.015  59267.1 52409.9 60742.7    184  14898      0642+449
ICRF J064814.0-304419  0646-306  D  06 48 14.09646720  -30 44 19.6600196  0.00000103 0.0000355  -0.006  59193.5 52634.7 60608.8    116   5627      0646-306
ICRF J065024.5-163739  0648-165  D  06 50 24.58185244  -16 37 39.7257300  0.00000047 0.0000160   0.012  59210.7 52409.9 60560.1    224  15585      0648-165
ICRF J065358.2+370540  0650+371     06 53 58.28279527   37 05 40.6063453  0.00000168 0.0000286  -0.355  60354.3 60138.9 60695.7     11    828      0650+371
ICRF J065705.6+242355  0654+244     06 57 05.67550766   24 23 55.3938353  0.00000119 0.0000258  -0.195  59295.7 53608.3 60742.7     39   2509      0654+244
ICRF J065917.9+081330  0656+082     06 59 17.99602208   08 13 30.9535877  0.00000152 0.0000476  -0.516  59037.1 54028.9 60545.8     41   2744      0656+082
ICRF J070001.5+170921  0657+172  D  07 00 01.52553744   17 09 21.7011967  0.00000065 0.0000162  -0.154  59247.8 57415.9 60560.1     48   3858      0657+172
ICRF J070134.5-463436  0700-465     07 01 34.54675559  -46 34 36.6256350  0.00000850 0.0002198   0.585  59391.5 57598.3 60028.4     12     83      0700-465
ICRF J070235.7-101506  0700-101     07 02 35.75683742  -10 15 06.4174367  0.00000191 0.0000684  -0.251  60251.9 60106.1 60708.3     14    847      0700-101
ICRF J070240.4-284150  0700-286     07 02 40.40263655  -28 41 50.0466778  0.00000911 0.0003182  -0.860  60232.3 59972.1 60742.7     18    786      0700-286
ICRF J070242.9-195122  0700-197  D  07 02 42.90066292  -19 51 22.0357046  0.00000078 0.0000281  -0.078  59704.0 57371.1 60695.7     42   3175      0700-197
ICRF J070945.0-025517  0707-028     07 09 45.05460051  -02 55 17.4967582  0.00000078 0.0000277  -0.179  59391.0 53890.6 60651.7     38   3039      0707-028
ICRF J071046.1+473211  0707+476     07 10 46.10487171   47 32 11.1424874  0.00000168 0.0000216  -0.342  58648.5 52634.7 60545.8     28   2087      0707+476
ICRF J071243.6+503322  0708+506     07 12 43.68358866   50 33 22.7071184  0.00000165 0.0000180  -0.261  58922.1 57371.1 60560.1     34   2590      0708+506
ICRF J071355.6+193500  0710+196     07 13 55.67916456   19 35 00.4087900  0.00000150 0.0000356  -0.251  59215.6 54657.8 60608.8     31   1975      0710+196
ICRF J071436.1+740810  0708+742     07 14 36.12502063   74 08 10.1443225  0.00000551 0.0000211   0.111  58908.4 53890.6 60695.7     58   3923      0708+742
ICRF J071751.8+453803  0714+457     07 17 51.85241439   45 38 03.2607212  0.00000140 0.0000190  -0.332  60029.6 59525.9 60742.7     22   1698      0714+457
ICRF J071919.4+330709  0716+332     07 19 19.41967046   33 07 09.7082744  0.00000123 0.0000196  -0.240  58971.2 57371.1 60693.3     34   2129      0716+332
ICRF J072021.4+473744  0716+477     07 20 21.49776154   47 37 44.1248051  0.00000170 0.0000178  -0.226  59320.9 52781.5 60651.7     41   2719      0716+477
ICRF J072123.9+040644  0718+042     07 21 23.90998630   04 06 44.2126824  0.00000117 0.0000393  -0.280  60327.6 60138.9 60532.9     13    960      0718+042
ICRF J072153.4+712036  0716+714  D  07 21 53.44846798   71 20 36.3633670  0.00000305 0.0000134   0.048  58941.5 57371.1 60560.1     49   3308      0716+714
ICRF J072417.2-071520  0721-071     07 24 17.29263721  -07 15 20.3518917  0.00000059 0.0000199  -0.009  59349.2 52781.5 60695.7     44   3439      0721-071
ICRF J072516.8+142513  0722+145     07 25 16.80776281   14 25 13.7464921  0.00000086 0.0000227  -0.272  58635.3 52634.7 60742.7     32   2299      0722+145
ICRF J072524.4-264032  0723-265     07 25 24.41314498  -26 40 32.6794725  0.00000173 0.0000591  -0.201  59435.7 53890.6 60560.1     57   2331      0723-265
ICRF J072550.6-005456  0723-008     07 25 50.63995009  -00 54 56.5439526  0.00000052 0.0000177  -0.175  59270.0 57415.9 60693.3     53   4240      0723-008
ICRF J072611.7+791131  0718+792     07 26 11.73521561   79 11 31.0160964  0.00001548 0.0000487  -0.041  59792.7 59503.1 60608.8     14    809      0718+793
ICRF J072614.2+215320  0723+219     07 26 14.26073088   21 53 20.1140455  0.00000100 0.0000231  -0.210  60018.8 59525.9 60693.3     27   1454      0723+219
ICRF J072820.6+215306  0725+219     07 28 20.60828872   21 53 06.3901561  0.00000110 0.0000270  -0.391  59517.4 53608.3 60708.3     34   2736      0725+219
ICRF J073019.1-114112  0727-115  D  07 30 19.11247350  -11 41 12.6006957  0.00000040 0.0000139   0.007  59221.1 52409.9 60742.7    205  18114      0727-115
ICRF J073025.8-024124  0727-025     07 30 25.87761178  -02 41 24.9047055  0.00000301 0.0001067  -0.473  60363.2 60106.1 60742.7     13   1014      0727-025
ICRF J073106.6-234147  0728-235     07 31 06.66801172  -23 41 47.8708254  0.00000141 0.0000516  -0.212  59332.3 53890.6 60491.8     62   3160      0728-235
ICRF J073131.5-222420  0729-222     07 31 31.50854324  -22 24 20.8668226  0.00000276 0.0001111  -0.323  59142.9 53890.6 60560.1     41   1695      0729-222
ICRF J073133.7+245158  0728+249     07 31 33.74545609   24 51 58.5983905  0.00000304 0.0000615  -0.125  59076.9 53608.3 60437.3     26   1533      0728+249
ICRF J073222.7+015035  0729+019     07 32 22.78869120   01 50 35.3839133  0.00000130 0.0000413  -0.308  59386.0 54028.9 60695.7     30   2516      0729+019
ICRF J073256.2+254838  0729+259     07 32 56.27526943   25 48 38.7954622  0.00000139 0.0000318  -0.211  59923.5 59503.1 60608.8     19   1034      0729+259
ICRF J073352.5+502209  0730+504     07 33 52.52057252   50 22 09.0620702  0.00000147 0.0000153  -0.200  59182.9 53897.6 60742.7     45   3112      0730+504
ICRF J073357.4+045614  0731+050     07 33 57.45989591   04 56 14.4964061  0.00000076 0.0000235  -0.187  59439.3 57371.1 60742.7     59   4091      0731+050
ICRF J073807.3+174218  0735+178     07 38 07.39374675   17 42 18.9980868  0.00000109 0.0000265  -0.301  57530.9 52634.7 60405.3     23   1482      0735+178
ICRF J073856.4-673550  0738-674     07 38 56.49619471  -67 35 50.8270414  0.00005602 0.0003828   0.370  59334.1 59236.2 60228.5      3     11      0738-674
ICRF J073918.0+013704  0736+017  D  07 39 18.03389922   01 37 04.6176376  0.00000035 0.0000113  -0.032  59452.4 52781.5 60742.7    211  18847      0736+017
ICRF J074110.7+311200  0738+313     07 41 10.70329594   31 12 00.2308243  0.00000106 0.0000185  -0.166  59987.7 59525.9 60532.9     19   1281      0738+313
ICRF J074125.7+270645  0738+272     07 41 25.73284050   27 06 45.3920070  0.00000643 0.0001178  -0.460  60261.4 60106.1 60560.1      6    359      0738+272
ICRF J074202.7+490015  0738+491  D  07 42 02.74893698   49 00 15.6088800  0.00000148 0.0000162  -0.229  59418.9 58370.3 60457.8     29   2097      0738+491
ICRF J074320.4-561932  0742-562     07 43 20.48514134  -56 19 32.9587690  0.00003333 0.0004331   0.821  58348.8 57714.0 60431.3     12     23      0742-562
ICRF J074331.6-672625  0743-673     07 43 31.61188860  -67 26 25.5468457  0.00006102 0.0001475  -0.056  58069.6 56781.4 59110.0     15     22      0743-673
ICRF J074352.4-044020  0741-045     07 43 52.40661914  -04 40 20.5313388  0.00000457 0.0001596  -0.581  60406.2 60138.9 60695.7      8    376      0741-045
ICRF J074447.2+212000  0741+214     07 44 47.27672560   21 20 00.4242292  0.00003354 0.0007981   0.214  59023.8 58042.5 60742.7     48    453      0741+214
ICRF J074505.9+261409  0742+263     07 45 05.92250670   26 14 09.7708344  0.00000123 0.0000265  -0.386  59464.1 57415.9 60651.7     35   2540      0742+263
ICRF J074510.2-245143  0743-247     07 45 10.26344726  -24 51 43.7661251  0.00000129 0.0000461  -0.001  59778.3 53890.6 60491.8     30   1795      0743-247
ICRF J074533.0+101112  0742+103     07 45 33.05952456   10 11 12.6921901  0.00000109 0.0000308  -0.362  59950.0 59503.1 60560.1     25   1607      0742+103
ICRF J074554.0-004417  0743-006     07 45 54.08227558  -00 44 17.5406734  0.00000060 0.0000198  -0.046  59062.1 52409.9 60708.3     44   3401      0743-006
ICRF J074618.2-155534  0744-158     07 46 18.23602496  -15 55 34.7462428  0.00000179 0.0000684  -0.466  59373.8 53890.6 60532.9     36   2550      0744-158
ICRF J074625.8+254902  0743+259  D  07 46 25.87417389   25 49 02.1346097  0.00000117 0.0000253  -0.327  58984.5 57371.1 60742.7     33   2014      0743+259
ICRF J074640.4+273459  0743+277  D  07 46 40.43230459   27 34 59.0469910  0.00000091 0.0000185  -0.242  59529.7 58370.3 60695.7     41   2850      0743+277
ICRF J074836.1+240024  0745+241     07 48 36.10928136   24 00 24.1098067  0.00000087 0.0000190  -0.217  58418.5 52634.7 60608.8     24   2244      0745+241
ICRF J075000.3+182311  0747+185     07 50 00.32994031   18 23 11.4070348  0.00000116 0.0000309  -0.228  59961.3 59525.9 60742.7     24   1284      0747+185
ICRF J075020.4+481453  0746+483     07 50 20.43633134   48 14 53.5565353  0.00000208 0.0000251  -0.439  58107.0 52781.5 60695.7     24   1487      0746+483
ICRF J075043.2+790917  0742+792     07 50 43.26512548   79 09 17.0023316  0.00004716 0.0001087  -0.696  60231.8 60138.9 60305.1      4    161      0742+792
ICRF J075052.0+123104  0748+126  D  07 50 52.04572638   12 31 04.8280292  0.00000040 0.0000101  -0.035  59118.8 52409.9 60693.3    193  16465      0748+126
ICRF J075057.7+824158  0740+828     07 50 57.75548370   82 41 58.0319302  0.00007354 0.0001405  -0.139  60221.5 60106.1 60305.1      4    138      0740+828
ICRF J075240.9+373024  0749+376     07 52 40.90788619   37 30 24.3118348  0.00000546 0.0001078  -0.710  60282.3 60138.9 60708.3      7    335      0749+376
ICRF J075301.3+535259  0749+540  D  07 53 01.38456355   53 52 59.6369497  0.00000184 0.0000196  -0.306  56796.7 52409.9 60651.7     33   2421      0749+540
ICRF J075426.4-114716  0752-116     07 54 26.45641920  -11 47 16.9485538  0.00000161 0.0000583  -0.237  60366.5 60138.9 60695.7     11    628      0752-116
ICRF J075445.6+482350  0751+485     07 54 45.67052212   48 23 50.7479965  0.00000284 0.0000308  -0.379  60360.2 60106.1 60532.9      8    653      0751+485
ICRF J075537.0+254239  0752+258     07 55 37.03268075   25 42 39.0228859  0.00001822 0.0005729  -0.661  58928.9 57559.3 60034.6     25    274      0752+258
ICRF J075650.6-154205  0754-155     07 56 50.69895506  -15 42 05.4369391  0.00000155 0.0000589  -0.205  60362.5 60106.1 60651.7      8    934      0754-155
ICRF J075706.6+095634  0754+100     07 57 06.64294870   09 56 34.8521712  0.00000060 0.0000176  -0.093  57842.4 52409.9 60489.3     45   3203      0754+100
ICRF J080248.0+180949  0759+183  D  08 02 48.03196560   18 09 49.2493793  0.00000091 0.0000238  -0.353  59266.9 53608.3 60651.7     48   3433      0759+183
ICRF J080451.4-274911  0802-276     08 04 51.45121533  -27 49 11.3211381  0.00000253 0.0000952  -0.390  59272.3 53890.6 60461.9     37   2007      0802-276
ICRF J080512.8-011113  0802-010  D  08 05 12.88847853  -01 11 13.7955783  0.00000084 0.0000269  -0.202  59663.3 58447.5 60742.7     36   2990      0802-010
ICRF J080518.1+614423  0800+618  D  08 05 18.17954286   61 44 23.7005238  0.00000280 0.0000247  -0.286  59421.1 58370.3 60695.7     36   2359      0800+618
ICRF J080612.7-265233  0804-267  D  08 06 12.72262145  -26 52 33.3084811  0.00000249 0.0000958  -0.360  59485.8 58370.3 60651.7     38   1923      0804-267
ICRF J080709.6-054113  0804-055     08 07 09.61757897  -05 41 13.9157831  0.00000401 0.0001733  -0.472  60238.3 60138.9 60708.3      9    539      0804-055
ICRF J080815.5-075109  0805-077     08 08 15.53603220  -07 51 09.8866226  0.00000057 0.0000197  -0.078  59263.6 52781.5 60695.7     47   3830      0805-077
ICRF J080839.6+495036  0804+499  D  08 08 39.66628472   49 50 36.5301710  0.00000175 0.0000188  -0.222  57021.6 52409.9 60560.1     39   3080      0804+499
ICRF J080856.6+405244  0805+410  D  08 08 56.65205010   40 52 44.8888707  0.00000111 0.0000149  -0.230  58327.8 52409.9 60608.8     40   2692      0805+410
ICRF J081100.6+571412  0806+573     08 11 00.60927182   57 14 12.4946820  0.00000575 0.0000448  -0.565  60377.4 60106.1 60742.7     10    708      0806+573
ICRF J081108.8-492943  0809-493     08 11 08.80315781  -49 29 43.5125922  0.00001936 0.0006788   0.713  58467.0 56781.4 59236.2     12     25      0809-493
ICRF J081126.7+014652  0808+019  D  08 11 26.70731338   01 46 52.2200153  0.00000057 0.0000186  -0.149  58336.0 52409.9 60491.8     46   3717      0808+019
ICRF J081522.9+015459  0812+020     08 15 22.96082725   01 54 59.4807813  0.00000099 0.0000346  -0.354  60031.1 59525.9 60545.8     27   2169      0812+020
ICRF J081525.9+363515  0812+367     08 15 25.94484812   36 35 15.1487008  0.00000128 0.0000202  -0.376  58938.6 52781.5 60708.3     41   2416      0812+367
ICRF J081640.4-242106  0814-241     08 16 40.41236075  -24 21 06.5707560  0.00000100 0.0000352  -0.094  59556.7 56781.4 60695.7     52   3356      0814-241
ICRF J081710.5+235223  0814+240     08 17 10.54769591   23 52 23.9532679  0.00000279 0.0000678  -0.618  60443.2 60106.1 60742.7     14    956      0814+240
ICRF J081815.9+422245  0814+425     08 18 15.99960740   42 22 45.4148072  0.00000119 0.0000156  -0.277  58316.8 52409.9 60461.9     38   2710      0814+425
ICRF J082057.4-125859  0818-128  D  08 20 57.44760842  -12 58 59.1691819  0.00000107 0.0000399  -0.275  59474.5 58418.2 60491.8     30   2472      0818-128
ICRF J082257.5+404149  0819+408     08 22 57.55594001   40 41 49.7666972  0.00000308 0.0000507  -0.443  60318.4 60138.9 60545.8      9    425      0819+408
ICRF J082324.7+222303  0820+225     08 23 24.75915651   22 23 03.2881595  0.00000303 0.0001016  -0.384  60258.7 60138.9 60560.1      8    579      0820+225
ICRF J082433.0+243843  0821+248     08 24 33.00930073   24 38 43.1158134  0.00000130 0.0000301  -0.399  59156.1 53926.0 60708.3     40   2906      0821+248
ICRF J082447.2+555242  0820+560     08 24 47.23634554   55 52 42.6692081  0.00000196 0.0000174  -0.199  58399.0 52409.9 60695.7     38   2805      0820+560
ICRF J082455.4+391641  0821+394     08 24 55.48384334   39 16 41.9039884  0.00000126 0.0000162  -0.298  58643.3 53608.3 60742.7     45   2597      0821+394
ICRF J082511.8+133232  0822+137     08 25 11.89094407   13 32 32.5388842  0.00000196 0.0000725  -0.507  60327.9 60138.9 60693.3     13    988      0822+137
ICRF J082538.6+615728  0821+621     08 25 38.61224272   61 57 28.5792805  0.00000482 0.0000341  -0.147  59782.8 59503.1 60491.8     16    959      0821+621
ICRF J082550.3+030924  0823+033     08 25 50.33835623   03 09 24.5199438  0.00000055 0.0000170  -0.071  59033.0 52409.9 60708.3     50   3566      0823+033
ICRF J082654.4+125702  0824+131     08 26 54.47544284   12 57 02.0951270  0.00000145 0.0000418  -0.348  59252.8 53897.6 60695.7     46   2754      0824+131
ICRF J082738.5+352505  0824+355     08 27 38.58818823   35 25 05.0772517  0.00001168 0.0001804  -0.420  60439.0 60106.1 60742.7     11    454      0824+355
ICRF J082804.7-373106  0826-373  D  08 28 04.78023037  -37 31 06.2817652  0.00000229 0.0000781  -0.018  59281.6 53897.6 60461.9     49   1832      0826-373
ICRF J083052.0+241059  0827+243     08 30 52.08618409   24 10 59.8202197  0.00000079 0.0000171  -0.226  58696.5 52781.5 60491.8     44   3262      0827+243
ICRF J083148.8+042939  0829+046     08 31 48.87696582   04 29 39.0855935  0.00000142 0.0000441  -0.236  60204.4 60138.9 60268.5      5    450      0829+046
ICRF J083155.0+084743  0829+089  D  08 31 55.09149886   08 47 43.6515470  0.00000431 0.0001198   0.008  59448.5 58418.2 60532.9     34   1646      0829+089
ICRF J083223.2+491321  0828+493     08 32 23.21669541   49 13 21.0380458  0.00000228 0.0000266  -0.273  60014.4 59525.9 60695.7     24   1360      0828+493
ICRF J083353.8+422401  0830+425     08 33 53.88537460   42 24 01.8503630  0.00000140 0.0000186  -0.324  60549.5 60106.1 60742.7     12   1103      0830+425
ICRF J083417.5+601947  0830+605     08 34 17.54605396   60 19 47.0666659  0.00001419 0.0000976  -0.139  60398.6 60138.9 60461.9      6    312      0830+605
ICRF J083454.9+553421  0831+557     08 34 54.90259648   55 34 21.0838017  0.00010621 0.0007190  -0.852  60299.7 60138.9 60491.8      6     67      0831+557
ICRF J083622.8+272852  0833+276     08 36 22.88866929   27 28 52.5334100  0.00000204 0.0000404  -0.391  60372.1 60138.9 60651.7     11    897      0833+276
ICRF J083639.2-201659  0834-201  D  08 36 39.21524767  -20 16 59.5043730  0.00000112 0.0000401  -0.176  59503.2 52781.5 60532.9     51   3091      0834-201
ICRF J083700.3-340914  0835-339     08 37 00.31668203  -34 09 14.8594991  0.00000187 0.0000640  -0.104  59158.2 53890.6 60461.9     59   2283      0835-339
ICRF J083722.4+582501  0833+585     08 37 22.40965035   58 25 01.8449064  0.00000519 0.0000408  -0.199  59945.8 59503.1 60695.7     22   1103      0833+585
ICRF J083740.2+245423  0834+250  D  08 37 40.24568154   24 54 23.1213920  0.00000098 0.0000203  -0.383  59257.4 53608.3 60742.7     53   4067      0834+250
ICRF J083949.6+010426  0837+012     08 39 49.61101019   01 04 26.7365480  0.00000101 0.0000330  -0.186  60351.6 60106.1 60693.3     14    929      0837+012
ICRF J084047.5+131223  0838+133     08 40 47.58842631   13 12 23.5636830  0.00000067 0.0000176  -0.215  58689.9 52781.5 60708.3     40   3038      0838+133
ICRF J084124.3+705342  0836+710     08 41 24.36524619   70 53 42.1727931  0.00000390 0.0000244  -0.012  59885.1 59525.9 60651.7     18   1028      0836+710
ICRF J084205.0+183540  0839+187     08 42 05.09415922   18 35 40.9896015  0.00000114 0.0000306  -0.080  59559.5 53608.3 60742.7     34   2552      0839+187
ICRF J084215.3+452544  0838+456     08 42 15.35171941   45 25 44.1809296  0.00001518 0.0002711  -0.040  58559.1 57371.1 60695.7     42    763      0838+456
ICRF J084226.5-605350  0841-607     08 42 26.56109448  -60 53 50.4017215  0.00002097 0.0001937   0.674  58249.0 57598.3 59194.4     14     37      0841-607
ICRF J084349.1+683317  0839+687     08 43 49.10152090   68 33 17.1549398  0.00000598 0.0000394  -0.316  60318.7 60106.1 60461.9      6    613      0839+687
ICRF J084502.4-545808  0843-547     08 45 02.48271265  -54 58 08.5403311  0.00001290 0.0002079   0.696  58679.4 56781.4 60489.3     15     52      0843-547
ICRF J084517.1+043947  0842+048     08 45 17.14369940   04 39 47.3553196  0.00000126 0.0000397  -0.263  60375.5 60106.1 60651.7     11    830      0842+048
ICRF J084549.6-555526  0844-557     08 45 49.67981184  -55 55 26.7421221  0.00004902 0.0006399   0.831  58185.4 57714.0 59138.3     10     16      0844-557
ICRF J084758.7-052033  0845-051     08 47 58.72492145  -05 20 33.9002377  0.00000092 0.0000306  -0.343  59420.3 57415.9 60651.7     44   3560      0845-051
ICRF J084945.6-354101  0847-354     08 49 45.62348811  -35 41 01.2787067  0.00000264 0.0000955  -0.225  59158.1 57598.3 60532.9     48   1543      0847-354
ICRF J085009.6-121335  0847-120  D  08 50 09.63563672  -12 13 35.3762573  0.00000069 0.0000235  -0.149  59393.4 57415.9 60695.7     50   4189      0847-120
ICRF J085238.7-575529  0851-577     08 52 38.72590248  -57 55 29.8091051  0.00001130 0.0001441   0.601  58241.8 57598.3 60489.3     12     35      0851-577
ICRF J085317.8+281349  0850+284     08 53 17.82843347   28 13 49.9973891  0.00000155 0.0000361  -0.355  59408.1 57415.9 60742.7     30   2534      0850+284
ICRF J085441.9+575729  0850+581     08 54 41.99634654   57 57 29.9396526  0.00000316 0.0000312  -0.452  58878.5 53608.3 60651.7     49   3068      0850+581
ICRF J085448.8+200630  0851+202     08 54 48.87492142   20 06 30.6407812  0.00000045 0.0000093  -0.119  59260.1 52409.9 60742.7    200  19129      OJ287   
ICRF J085641.8-110514  0854-108     08 56 41.80415935  -11 05 14.4304247  0.00000084 0.0000294  -0.272  59200.5 57371.1 60491.8     58   4711      0854-108
ICRF J085657.2+211143  0854+213     08 56 57.24478687   21 11 43.6582682  0.00000283 0.0000633  -0.478  60345.9 60106.1 60545.8      9    676      0854+213
ICRF J090040.0-280820  0858-279     09 00 40.03878132  -28 08 20.3460354  0.00000391 0.0001311  -0.440  60448.7 60138.9 60651.7      9    669      0858-279
ICRF J090216.8-141530  0859-140     09 02 16.83092362  -14 15 30.8759047  0.00000073 0.0000256  -0.202  59449.7 57545.3 60695.7     53   4770      0859-140
ICRF J090303.9+465104  0859+470     09 03 03.99008486   46 51 04.1373955  0.00000120 0.0000142  -0.197  59093.0 53897.6 60608.8     51   3899      0859+470
ICRF J090353.1+675722  0859+681     09 03 53.15504736   67 57 22.6855599  0.00000609 0.0000440  -0.070  60388.4 60138.9 60461.9      6    552      0859+681
ICRF J090630.7+693030  0901+697     09 06 30.74872643   69 30 30.8285175  0.00002374 0.0001016   0.074  58069.6 57371.1 59721.2     49   1286      0901+697
ICRF J090651.3-201954  0904-201     09 06 51.30537224  -20 19 54.8053992  0.00000111 0.0000399  -0.079  59327.9 56781.4 60545.8     64   3291      0904-201
ICRF J090754.0-202649  0905-202     09 07 54.04044787  -20 26 49.4753076  0.00000250 0.0000968  -0.286  60272.6 60106.1 60560.1     10    540      0905-202
ICRF J090855.9+160954  0906+163     09 08 55.92534386   16 09 54.7637778  0.00000174 0.0000528  -0.411  59278.8 54189.3 60695.7     39   2649      0906+163
ICRF J090910.0+012135  0906+015     09 09 10.09160400   01 21 35.6175684  0.00000059 0.0000183  -0.091  59391.2 57415.9 60742.7     43   3490      0906+015
ICRF J091224.7+220506  0909+222     09 12 24.78463479   22 05 06.2477102  0.00000287 0.0000634  -0.596  60295.6 60106.1 60708.3     10    771      0909+222
ICRF J091437.9+024559  0912+029     09 14 37.91343527   02 45 59.2460859  0.00000071 0.0000233  -0.213  59011.8 52781.5 60708.3     59   4113      0912+029
ICRF J091552.4+293324  0912+297  D  09 15 52.40163879   29 33 24.0430366  0.00000408 0.0000988  -0.306  59553.2 58370.3 60693.3     40   1806      0912+297
ICRF J091908.7+332441  0916+336     09 19 08.78713555   33 24 41.9431176  0.00000213 0.0000394  -0.410  59062.6 57371.1 60560.1     35   2046      0916+336
ICRF J091944.0-534006  0918-534     09 19 44.03953778  -53 40 06.4472725  0.00002931 0.0004097   0.754  58839.9 56781.4 60199.3     15     26      0918-534
ICRF J092058.4+444153  0917+449     09 20 58.45848786   44 41 53.9847621  0.00000118 0.0000148  -0.218  59304.8 53897.6 60695.7     33   2461      0917+449
ICRF J092129.3-261843  0919-260     09 21 29.35386554  -26 18 43.3865659  0.00000129 0.0000420  -0.044  59289.3 56781.4 60491.8     54   2887      0919-260
ICRF J092136.2+621552  0917+624     09 21 36.23109472   62 15 52.1801621  0.00000214 0.0000156  -0.207  58489.6 52409.9 60742.7     46   2712      0917+624
ICRF J092246.4-395935  0920-397     09 22 46.41828620  -39 59 35.0681161  0.00000218 0.0000729   0.220  59055.2 56781.4 60545.8     99   1929      0920-397
ICRF J092314.4+384939  0920+390  D  09 23 14.45293051   38 49 39.9099612  0.00000150 0.0000215  -0.320  59534.7 58447.5 60693.3     34   1676      0920+390
ICRF J092338.8-213547  0921-213     09 23 38.88515265  -21 35 47.1289383  0.00000251 0.0000878  -0.262  60253.4 59972.1 60695.7     20   1518      0921-213
ICRF J092351.5+281525  0920+284     09 23 51.52338915   28 15 25.0218131  0.00000191 0.0000385  -0.450  60304.6 60106.1 60560.1      7    540      0920+284
ICRF J092551.8+361235  0922+364     09 25 51.85136951   36 12 35.6747523  0.00000355 0.0000606  -0.399  60427.9 60138.9 60742.7     10    870      0922+364
ICRF J092703.0+390220  0923+392     09 27 03.01397143   39 02 20.8515071  0.00000081 0.0000111  -0.218  59255.1 52409.9 60708.3    103   6403      4C39.25 
ICRF J092751.8-203451  0925-203     09 27 51.82433257  -20 34 51.2328815  0.00000107 0.0000401  -0.258  59527.7 57371.1 60491.8     51   2977      0925-203
ICRF J092833.4-040908  0926-039  D  09 28 33.46937020  -04 09 08.8475378  0.00000159 0.0000588  -0.492  59521.0 58418.2 60532.9     31   2316      0926-039
ICRF J092915.4+501335  0925+504     09 29 15.44017309   50 13 35.9896632  0.00000283 0.0000339  -0.348  60451.8 60106.1 60695.7     10    624      0925+504
ICRF J092943.0+861221  0916+864     09 29 43.05791406   86 12 21.2790819  0.00009733 0.0001271  -0.468  60304.5 60138.9 60532.9      6    213      0916+864
ICRF J093053.7+742005  0925+745     09 30 53.78216232   74 20 05.9136137  0.00001901 0.0000668  -0.279  60275.0 60106.1 60742.7      6    288      0925+745
ICRF J093105.3+141416  0928+144     09 31 05.34242050   14 14 16.5184853  0.00000144 0.0000392  -0.453  59104.5 57371.1 60608.8     32   2390      0928+144
ICRF J093317.0-081910  0930-080  D  09 33 17.09539571  -08 19 10.8508500  0.00000099 0.0000361  -0.304  59438.4 58370.3 60461.9     32   2883      0930-080
ICRF J093712.3+500852  0933+503     09 37 12.32733741   50 08 52.0975846  0.00000146 0.0000154  -0.230  58908.0 57371.1 60491.8     38   2987      0933+503
ICRF J093856.1-070800  0936-069     09 38 56.10426238  -07 08 00.6186763  0.00000131 0.0000432  -0.328  59204.8 57371.1 60545.8     37   2850      0936-069
ICRF J094014.7+260329  0937+262     09 40 14.72278150   26 03 29.9459002  0.00000319 0.0000775  -0.633  60354.5 60138.9 60695.7      8    439      0937+262
ICRF J094102.5-133550  0938-133     09 41 02.54947292  -13 35 50.9851259  0.00000127 0.0000458  -0.355  59257.7 57415.9 60742.7     40   3461      0938-133
ICRF J094317.2+170218  0940+172     09 43 17.22394515   17 02 18.9627413  0.00000251 0.0000703  -0.637  60381.6 60106.1 60608.8     12    938      0940+172
ICRF J094452.1+520234  0941+522     09 44 52.15525539   52 02 34.2169542  0.00000200 0.0000184  -0.185  58932.8 57415.9 60461.9     30   2129      0941+522
ICRF J094635.0+101706  0943+105  D  09 46 35.06995496   10 17 06.1343779  0.00000136 0.0000443  -0.437  59518.2 58418.2 60651.7     32   2302      0943+105
ICRF J094855.3+403944  0945+408     09 48 55.33813516   40 39 44.5870011  0.00000131 0.0000177  -0.363  58668.3 53608.3 60545.8     38   2674      0945+408
ICRF J095232.0+351252  0949+354     09 52 32.02617196   35 12 52.4028926  0.00000119 0.0000224  -0.357  59266.0 58042.5 60695.7     49   3338      0949+354
ICRF J095327.9+322551  0950+326     09 53 27.95658476   32 25 51.5206315  0.00000228 0.0000441  -0.282  59176.7 57559.3 60742.7     36   2289      0950+326
ICRF J095439.7+263924  0951+268  D  09 54 39.79653294   26 39 24.5431725  0.00000216 0.0000401  -0.221  59707.5 58418.2 60651.7     31   2201      0951+268
ICRF J095456.8+174331  0952+179     09 54 56.82361666   17 43 31.2224164  0.00000176 0.0000512  -0.241  60309.5 60138.9 60693.3     11    740      0952+179
ICRF J095533.1+690355  0951+693     09 55 33.17305418   69 03 55.0603982  0.00001324 0.0000709  -0.035  60016.0 59525.9 60461.9     14    831      M81     
ICRF J095649.8+251516  0953+254     09 56 49.87538450   25 15 16.0500258  0.00000086 0.0000191  -0.246  57389.4 52409.9 60608.8     33   2666      OK290   
ICRF J095718.1-135001  0954-135     09 57 18.18306501  -13 50 01.1762381  0.00000127 0.0000465  -0.279  60440.6 60138.9 60695.7     11   1243      0954-135
ICRF J095819.6+472507  0955+476  D  09 58 19.67164827   47 25 07.8422760  0.00000144 0.0000167  -0.347  58818.0 52634.7 60742.7     32   2164      0955+476
ICRF J095820.9+322402  0955+326     09 58 20.94963206   32 24 02.2094299  0.00000118 0.0000200  -0.278  58671.1 53608.3 60545.8     37   2394      0955+326
ICRF J095847.2+653354  0954+658  D  09 58 47.24510608   65 33 54.8178989  0.00000207 0.0000120  -0.204  59506.5 54028.9 60742.7     70   4334      0954+658
ICRF J100040.8-313952  0958-314     10 00 40.83657669  -31 39 52.3710720  0.00000579 0.0002279  -0.631  60116.2 59972.1 60532.9     17    776      0958-314
ICRF J100111.9+342450  0958+346     10 01 11.94918506   34 24 50.4592184  0.00000409 0.0000676  -0.225  59178.8 53890.6 60608.8     25   1232      0958+346
ICRF J100252.8+121614  1000+125     10 02 52.84524298   12 16 14.5845295  0.00000180 0.0000382  -0.168  59083.1 53890.6 60489.3     46   2796      1000+125
ICRF J100614.0-501813  1004-500  D  10 06 14.00932154  -50 18 13.4710591  0.00001033 0.0002327   0.668  57876.9 56781.4 59264.2     11     33      1004-500
ICRF J100646.4-215920  1004-217  D  10 06 46.41368140  -21 59 20.4101921  0.00000155 0.0000531  -0.230  59627.0 58370.3 60695.7     40   2861      1004-217
ICRF J100731.3-333306  1005-333     10 07 31.38743873  -33 33 06.7163262  0.00000210 0.0000748  -0.261  59330.3 57598.3 60560.1     58   2230      1005-333
ICRF J100741.4+135629  1004+141     10 07 41.49808697   13 56 29.6007002  0.00000105 0.0000281  -0.319  59145.7 53890.6 60742.7     29   2010      1004+141
ICRF J100800.8+062121  1005+066     10 08 00.81615481   06 21 21.2157136  0.00000114 0.0000373  -0.496  59201.1 52781.5 60474.7     44   3010      1005+066
ICRF J101216.3+231214  1009+234     10 12 16.38974494   23 12 14.6094068  0.00000142 0.0000359  -0.495  60391.6 60138.9 60608.8     11   1307      1009+234
ICRF J101353.4+244916  1011+250     10 13 53.42875634   24 49 16.4405605  0.00000178 0.0000361  -0.238  60027.3 59503.1 60461.9     18   1174      1011+250
ICRF J101447.0+230116  1012+232  D  10 14 47.06545947   23 01 16.5706890  0.00000123 0.0000258  -0.312  58853.6 52781.5 60695.7     31   1900      1012+232
ICRF J101544.0+122707  1013+127     10 15 44.02338698   12 27 07.0701639  0.00000123 0.0000349  -0.428  59225.8 57371.1 60742.7     34   2259      1013+127
ICRF J101603.1+051302  1013+054     10 16 03.13647335   05 13 02.3413085  0.00000102 0.0000315  -0.351  60014.5 59525.9 60545.8     26   1906      1013+054
ICRF J101810.9+354239  1015+359     10 18 10.98810290   35 42 39.4409028  0.00000102 0.0000178  -0.281  59121.3 53890.6 60608.8     42   3340      1015+359
ICRF J101827.8+053029  1015+057  D  10 18 27.84828861   05 30 29.9618595  0.00000098 0.0000310  -0.281  59079.9 57415.9 60444.5     53   4000      1015+057
ICRF J101828.7-312353  1016-311  D  10 18 28.75351207  -31 23 53.8500051  0.00000249 0.0000766  -0.262  59438.9 52781.5 60461.9     29   1231      1016-311
ICRF J102202.0+412605  1019+416     10 22 02.02351728   41 26 05.3724086  0.00000433 0.0000676  -0.360  58973.1 52781.5 60695.7     47   2068      1019+416
ICRF J102311.5+394815  1020+400     10 23 11.56567290   39 48 15.3851700  0.00000128 0.0000193  -0.338  58662.1 52781.5 60742.7     43   2473      1020+400
ICRF J102324.0+285650  1020+292     10 23 24.04614186   28 56 50.9881577  0.00000187 0.0000378  -0.361  59089.0 57415.9 60708.3     33   1941      1020+292
ICRF J102343.5-664648  1022-665  D  10 23 43.53323949  -66 46 48.7170628  0.00002129 0.0002632   0.174  58963.0 57598.3 60228.5     21     36      1022-665
ICRF J102444.8+191220  1022+194  D  10 24 44.80960069   19 12 20.4155932  0.00000126 0.0000308  -0.012  58932.2 53608.3 60444.5     38   2369      1022+194
ICRF J102453.6+233233  1022+237     10 24 53.63728377   23 32 33.9636187  0.00000132 0.0000274  -0.249  59279.2 52781.5 60608.8     44   3151      1022+237
ICRF J102556.2+125349  1023+131     10 25 56.28537124   12 53 49.0218764  0.00000067 0.0000182  -0.239  59236.1 57415.9 60708.3     46   3484      1023+131
ICRF J102838.7-084438  1026-084     10 28 38.79646076  -08 44 38.5358611  0.00000840 0.0003245  -0.603  58368.5 57415.9 60695.7     36    771      1026-084
ICRF J102933.0-185250  1027-186  D  10 29 33.09769778  -18 52 50.2891563  0.00000150 0.0000516  -0.210  59746.3 58418.2 60742.7     36   2418      1027-186
ICRF J103144.7+602030  1028+605     10 31 44.75631891   60 20 30.3657999  0.00000381 0.0000330  -0.402  60196.6 60106.1 60305.1      4    396      1028+605
ICRF J103303.7+411606  1030+415     10 33 03.70787732   41 16 06.2327815  0.00000139 0.0000206  -0.319  60082.1 59503.1 60693.3     21   1140      1030+415
ICRF J103334.0+071126  1030+074     10 33 34.02428549   07 11 26.1474523  0.00000123 0.0000373  -0.299  59974.8 59525.9 60532.9     23   1739      1030+074
ICRF J103502.1-201134  1032-199     10 35 02.15532796  -20 11 34.3595427  0.00000129 0.0000486  -0.175  59214.4 52781.5 60461.9     44   2022      1032-199
ICRF J103653.4-374415  1034-374  D  10 36 53.43961366  -37 44 15.0656867  0.00000320 0.0001110  -0.264  59272.3 58370.3 60545.8     43   1397      1034-374
ICRF J103716.0-293402  1034-293     10 37 16.07974599  -29 34 02.8135090  0.00000128 0.0000430  -0.086  58634.4 52409.9 60742.7     63   3385      1034-293
ICRF J103840.6-531143  1036-529  D  10 38 40.65716412  -53 11 43.2707099  0.00000748 0.0002037   0.609  58660.7 56781.4 60489.3     20     57      1036-529
ICRF J103846.7+051229  1036+054     10 38 46.77986170   05 12 29.0865323  0.00000121 0.0000383  -0.249  60362.8 60138.9 60693.3      8    725      1036+054
ICRF J104117.1+061016  1038+064     10 41 17.16249671   06 10 16.9239137  0.00000060 0.0000189  -0.210  59221.2 57371.1 60532.9     45   3624      1038+064
ICRF J104146.7+523328  1038+528     10 41 46.78164724   52 33 28.2322374  0.00000603 0.0000704  -0.178  60483.3 60138.9 60651.7     10    562      1038+52A
ICRF J104244.6+120331  1040+123     10 42 44.60524519   12 03 31.2636496  0.00000159 0.0000447  -0.476  60397.6 60106.1 60651.7     13   1077      3C245   
ICRF J104309.0+240835  1040+244  D  10 43 09.03577845   24 08 35.4093733  0.00000095 0.0000204  -0.139  58725.4 53890.6 60695.7     28   1966      1040+244
ICRF J104423.0+805439  1039+811     10 44 23.06258601   80 54 39.4429966  0.00000710 0.0000155  -0.094  58108.8 52634.7 60461.9     31   2947      1039+811
ICRF J104455.9+065538  1042+071  D  10 44 55.91124558   06 55 38.2624595  0.00000120 0.0000366  -0.343  59099.0 57415.9 60545.8     30   2365      1042+071
ICRF J104806.6-190935  1045-188     10 48 06.62062019  -19 09 35.7269742  0.00000108 0.0000389  -0.184  57879.5 52409.9 60532.9     47   2666      1045-188
ICRF J104827.6+714335  1044+719     10 48 27.61989600   71 43 35.9384430  0.00000422 0.0000220   0.003  59915.4 59503.1 60357.4     16   1019      1044+719
ICRF J104838.2-411400  1046-409     10 48 38.27113789  -41 14 00.1158985  0.00000404 0.0001300  -0.191  59032.7 58013.3 60651.7     50   1371      1046-409
ICRF J105104.7-313814  1048-313     10 51 04.77752628  -31 38 14.3074596  0.00000297 0.0001011  -0.427  59454.6 52781.5 60742.7     36   1855      1048-313
ICRF J105109.0-534446  1049-534     10 51 09.09987056  -53 44 46.5432123  0.00001316 0.0002032   0.660  58453.6 56781.4 59194.4     17     56      1049-534
ICRF J105148.7+211952  1049+215     10 51 48.78907472   21 19 52.3136809  0.00000086 0.0000194  -0.177  58894.9 52634.7 60708.3     40   2538      1049+215
ICRF J105517.2+020544  1052+023     10 55 17.27241660   02 05 44.9023175  0.00000187 0.0000580  -0.338  58955.0 57371.1 60545.8     37   2797      1052+023
ICRF J105653.6+701145  1053+704  D  10 56 53.61749738   70 11 45.9156116  0.00000263 0.0000151  -0.201  58952.3 57371.1 60560.1     51   4156      1053+704
ICRF J105802.9+430441  1055+433     10 58 02.92079127   43 04 41.5052009  0.00000264 0.0000378  -0.637  60286.1 60106.1 60461.9      8    546      1055+433
ICRF J105811.5+811432  1053+815     10 58 11.53537700   81 14 32.6751053  0.00000662 0.0000154  -0.126  56007.6 52634.7 60532.9     47   6856      1053+815
ICRF J105817.9+195150  1055+201     10 58 17.90080879   19 51 50.8700992  0.00000108 0.0000284  -0.347  60409.6 60138.9 60695.7     13   1370      1055+201
ICRF J105829.6+013358  1055+018     10 58 29.60520422   01 33 58.8237617  0.00000036 0.0000123  -0.085  59060.4 52409.9 60742.7    195  16517      1055+018
ICRF J105843.3-800354  1057-797     10 58 43.30983890  -80 03 54.1598208  0.00001800 0.0000530   0.049  58232.6 56781.4 60199.3     22     86      1057-797
ICRF J105912.4-113422  1056-113     10 59 12.42639680  -11 34 22.7801468  0.00000354 0.0001259  -0.304  60316.2 60106.1 60708.3      9    505      1056-113
ICRF J105939.0+205721  1056+212     10 59 39.04268572   20 57 21.9559686  0.00000110 0.0000275  -0.183  60489.4 60106.1 60742.7     14   1214      1056+212
ICRF J110154.3-632522  1059-631     11 01 54.37849314  -63 25 22.6000811  0.00001332 0.0001201   0.319  58372.3 56781.4 59138.3     14     49      1059-631
ICRF J110214.2+275708  1059+282  D  11 02 14.28846810   27 57 08.6893114  0.00000125 0.0000236  -0.242  59303.4 58418.2 60693.3     31   1988      1059+282
ICRF J110313.3+301442  1100+305     11 03 13.30187979   30 14 42.7025171  0.00000285 0.0000518  -0.716  60386.2 60106.1 60532.9      8    463      1100+305
ICRF J110352.2-535700  1101-536     11 03 52.22171644  -53 57 00.6955234  0.00003919 0.0011963   0.520  59236.2 59236.2 59236.2      1      5      1101-536
ICRF J110427.3+381231  1101+384     11 04 27.31393946   38 12 31.7989225  0.00000124 0.0000197  -0.336  59076.6 52781.5 60608.8     47   3164      1101+384
ICRF J110446.1-243125  1102-242     11 04 46.17644759  -24 31 25.7996169  0.00000118 0.0000429  -0.075  59498.1 57415.9 60695.7     54   3578      1102-242
ICRF J110538.9+020257  1103+023     11 05 38.99280032   02 02 57.4735279  0.00000137 0.0000426  -0.313  60271.7 59972.1 60742.7     23   2007      1103+023
ICRF J110708.6-444907  1104-445     11 07 08.69409920  -44 49 07.6190987  0.00000456 0.0001796  -0.209  60019.5 59525.9 60545.8     28    860      1104-445
ICRF J110741.7+723236  1104+728     11 07 41.72254131   72 32 36.0049692  0.00002524 0.0000851  -0.210  59757.1 59503.1 60560.1     12    548      1104+728
ICRF J111209.5+072449  1109+076     11 12 09.55852954   07 24 49.1175204  0.00000651 0.0001923  -0.004  58832.5 57545.3 60693.3     30   1344      1109+076
ICRF J111358.6+144226  1111+149     11 13 58.69508442   14 42 26.9526438  0.00000113 0.0000322  -0.447  59349.7 57415.9 60608.8     43   2967      1111+149
ICRF J111432.5-081639  1112-080     11 14 32.55065806  -08 16 39.0036537  0.00000095 0.0000338  -0.299  59437.4 54028.9 60695.7     39   2994      1112-080
ICRF J111609.9+082922  1113+087     11 16 09.97337710   08 29 22.0320432  0.00000078 0.0000236  -0.201  59310.4 53926.0 60742.7     53   3632      1113+087
ICRF J111817.1-123254  1115-122     11 18 17.14138127  -12 32 54.2620060  0.00000074 0.0000256  -0.159  59251.8 57371.1 60545.8     47   3422      1115-122
ICRF J111826.9-463415  1116-462     11 18 26.95762232  -46 34 15.0021656  0.00008735 0.0017137   0.961  59250.2 59236.2 59264.2      2      6      1116-462
ICRF J111857.3+123441  1116+128     11 18 57.30143308   12 34 41.7179457  0.00000079 0.0000228  -0.160  59131.9 57371.1 60651.7     33   2264      1116+128
ICRF J112016.1-271906  1117-270     11 20 16.19171783  -27 19 06.3660341  0.00000228 0.0000784  -0.173  60394.8 60106.1 60695.7     12    913      1117-270
ICRF J112055.5-142029  1118-140     11 20 55.56367558  -14 20 29.9247303  0.00000224 0.0000809  -0.075  60367.2 60106.1 60608.8      9    937      1118-140
ICRF J112142.1-071106  1119-069     11 21 42.12293923  -07 11 06.3419018  0.00000140 0.0000514  -0.498  59331.6 57371.1 60742.7     31   2617      1119-069
ICRF J112402.7+233645  1121+238     11 24 02.70587242   23 36 45.8702605  0.00000145 0.0000362  -0.302  60303.8 60138.9 60491.8      7    760      1121+238
ICRF J112553.7+261019  1123+264     11 25 53.71191839   26 10 19.9785691  0.00000112 0.0000220  -0.216  59162.5 57371.1 60651.7     30   2278      1123+264
ICRF J112704.3-185717  1124-186  D  11 27 04.39245845  -18 57 17.4419364  0.00000081 0.0000286  -0.067  58449.8 52409.9 60695.7     51   3522      1124-186
ICRF J112736.5+055532  1125+062     11 27 36.52553791   05 55 32.0590602  0.00000321 0.0001034  -0.479  60350.7 60106.1 60532.9     10    752      1125+062
ICRF J112750.4+215334  1125+221     11 27 50.46725353   21 53 34.8063205  0.00000140 0.0000358  -0.302  59243.8 54028.9 60708.3     36   2373      1125+221
ICRF J112813.3+592514  1125+596     11 28 13.34064757   59 25 14.7984637  0.00000382 0.0000300  -0.127  60371.3 60138.9 60742.7      8    537      1125+596
ICRF J113035.9+084643  1128+090     11 30 35.95153248   08 46 43.1074133  0.00000362 0.0001176  -0.476  60303.3 60138.9 60491.8      9    690      1128+090
ICRF J113053.2+381518  1128+385     11 30 53.28260782   38 15 18.5467317  0.00000103 0.0000182  -0.308  58133.5 52634.7 60545.8     31   2318      1128+385
ICRF J113143.2-581853  1129-580     11 31 43.28809842  -58 18 53.4433137  0.00001069 0.0001280   0.542  57978.4 56781.4 60377.5     12     43      1129-580
ICRF J113259.4+102342  1130+106     11 32 59.48879298   10 23 42.2134205  0.00000158 0.0000440  -0.430  59260.6 57415.9 60532.9     34   2555      1130+106
ICRF J113320.0+004052  1130+009  D  11 33 20.05579428   00 40 52.8371337  0.00000093 0.0000326  -0.297  59083.1 57371.1 60693.3     46   3643      1130+009
ICRF J113558.2-042827  1133-041     11 35 58.23496850  -04 28 27.8863051  0.00000123 0.0000449  -0.295  60352.2 60138.9 60695.7      9   1092      1133-041
ICRF J113602.0-682705  1133-681     11 36 02.09823654  -68 27 05.8224454  0.00007351 0.0002360   0.657  57875.0 56781.4 60489.3      6     10      1133-681
ICRF J113624.5-033029  1133-032  D  11 36 24.57693168  -03 30 29.4966516  0.00000085 0.0000305  -0.371  59855.1 58447.5 60742.7     43   3752      1133-032
ICRF J113821.1+474515  1135+480     11 38 21.13813451   47 45 15.3967863  0.00000511 0.0000629  -0.273  60407.3 60138.9 60651.7     10    606      1135+480
ICRF J113929.5-155251  1136-156     11 39 29.57607680  -15 52 51.6536633  0.00000162 0.0000608  -0.371  60403.8 60138.9 60651.7     12   1138      1136-156
ICRF J114341.6+663331  1140+668     11 43 41.60332541   66 33 31.2295903  0.00000838 0.0000647  -0.072  58482.3 57371.1 60560.1     27   1832      1140+668
ICRF J114521.3+045526  1142+052     11 45 21.31515833   04 55 26.6877421  0.00000097 0.0000316  -0.298  59354.7 54189.3 60608.8     25   2064      1142+052
ICRF J114522.0-225031  1142-225     11 45 22.04685371  -22 50 31.3430563  0.00000288 0.0000979  -0.333  60427.0 60138.9 60695.7     10    883      1142-225
ICRF J114553.6-695401  1143-696  D  11 45 53.62422670  -69 54 01.7976129  0.00000961 0.0000626   0.255  58686.5 56781.4 60474.7     40    112      1143-696
ICRF J114608.1-244732  1143-245     11 46 08.10328723  -24 47 32.8975055  0.00000423 0.0001416  -0.317  59752.9 58447.5 60461.9     24   1304      1143-245
ICRF J114626.1-285918  1143-287     11 46 26.18859483  -28 59 18.5049787  0.00000160 0.0000595  -0.267  59373.7 57371.1 60491.8     50   2399      1143-287
ICRF J114628.4-332842  1143-332  D  11 46 28.45179640  -33 28 42.6327351  0.00000362 0.0001381  -0.450  59010.3 58013.3 60545.8     41   1429      1143-332
ICRF J114658.2+395834  1144+402  D  11 46 58.29790459   39 58 34.3043712  0.00000104 0.0000149  -0.179  58338.0 52409.9 60742.7     42   3006      1144+402
ICRF J114701.3-381211  1144-379  D  11 47 01.37071924  -38 12 11.0237914  0.00000164 0.0000543   0.120  59188.3 52781.5 60560.1    115   3596      1144-379
ICRF J114733.3-675341  1145-676     11 47 33.39960468  -67 53 41.7697139  0.00001427 0.0000782   0.277  58368.6 56781.4 59110.0     11     38      1145-676
ICRF J114751.5-072441  1145-071     11 47 51.55403145  -07 24 41.1412256  0.00000101 0.0000335  -0.258  59373.9 53890.6 60695.7     58   4441      1145-071
ICRF J114759.7+263542  1145+268     11 47 59.76390137   26 35 42.3325362  0.00000132 0.0000339  -0.391  59948.4 59525.9 60461.9     22   1405      1145+268
ICRF J115019.2+241753  1147+245     11 50 19.21217477   24 17 53.8351556  0.00000086 0.0000190  -0.259  58899.2 53608.3 60545.8     44   2708      1147+245
ICRF J115023.9-064026  1147-063     11 50 23.98669715  -06 40 26.5710292  0.00000118 0.0000408  -0.304  58912.2 53890.6 60491.8     28   2003      1147-063
ICRF J115043.8-002354  1148-001     11 50 43.87082814  -00 23 54.2048127  0.00000235 0.0000570  -0.028  60349.0 60106.1 60708.3     10    450      1148-001
ICRF J115113.4-672811  1148-671     11 51 13.42654993  -67 28 11.0944876  0.00007143 0.0005185   0.067  58339.4 56781.4 59047.4      3      7      1148-671
ICRF J115217.2-084103  1149-084  D  11 52 17.20951616  -08 41 03.3138985  0.00000073 0.0000246  -0.159  59445.4 53890.6 60695.7     56   4420      1149-084
ICRF J115232.8+493938  1149+499     11 52 32.87106745   49 39 38.7677193  0.00000212 0.0000235  -0.344  60359.2 60106.1 60608.8     10    878      1149+499
ICRF J115312.4+805829  1150+812     11 53 12.49923141   80 58 29.1544585  0.00000437 0.0000112  -0.127  58719.7 53608.3 60532.9    139  11541      1150+812
ICRF J115324.4+493108  1150+497  D  11 53 24.46663180   49 31 08.8300837  0.00000140 0.0000162  -0.191  58438.6 52781.5 60461.9     44   2955      1150+497
ICRF J115734.8+163859  1155+169     11 57 34.83628233   16 38 59.6498929  0.00000386 0.0000914  -0.340  60299.8 60106.1 60693.3     11    617      1155+169
ICRF J115910.7-215004  1156-215     11 59 10.78536415  -21 50 04.6734094  0.00001016 0.0003970  -0.654  59189.5 58013.3 60444.5     27    625      1156-215
ICRF J115911.2-222836  1156-221     11 59 11.26726524  -22 28 36.9008270  0.00000287 0.0001047  -0.436  60364.7 60106.1 60608.8     11   1167      1156-221
ICRF J115912.7-094052  1156-094     11 59 12.71165428  -09 40 52.0486948  0.00000104 0.0000366  -0.222  59289.3 53890.6 60695.7     41   3223      1156-094
ICRF J115921.4-214244  1156-214     11 59 21.43254563  -21 42 44.9132540  0.00000121 0.0000450  -0.127  59700.7 57415.9 60742.7     39   2337      1156-214
ICRF J115931.8+291443  1156+295     11 59 31.83390631   29 14 43.8267036  0.00000085 0.0000169  -0.186  57541.4 52634.7 60708.3     39   2736      1156+295
ICRF J115944.8+011206  1157+014     11 59 44.82785147   01 12 06.9842314  0.00000441 0.0001364  -0.384  58967.7 57559.3 60545.8     31   1580      1157+014
ICRF J115951.9-214853  1157-215     11 59 51.90600493  -21 48 53.7061230  0.00000272 0.0000956  -0.385  59262.1 57371.1 60491.8     41   1834      1157-215
ICRF J120123.2+002828  1158+007     12 01 23.25077594   00 28 28.3157979  0.00000212 0.0000647  -0.454  58886.4 57415.9 60482.3     37   2430      1158+007
ICRF J120651.4-613856  1204-613     12 06 51.49658685  -61 38 56.7595127  0.00002435 0.0001766   0.613  58476.6 56781.4 60199.3     20     43      1204-613
ICRF J120712.6+121145  1204+124     12 07 12.62453248   12 11 45.8459908  0.00000637 0.0001588  -0.210  60410.4 60106.1 60695.7     12    618      1204+124
ICRF J120741.6-010636  1205-008     12 07 41.67761652  -01 06 36.6900572  0.00000066 0.0000220  -0.161  59365.6 57371.1 60742.7     47   4467      1205-008
ICRF J120940.0-321453  1207-319     12 09 40.04464233  -32 14 53.1078418  0.00000290 0.0001046  -0.465  59092.8 52781.5 60461.9     49   1994      1207-319
ICRF J121106.6+182034  1208+186     12 11 06.68827078   18 20 34.2831295  0.00000128 0.0000302  -0.142  59138.7 53890.6 60491.8     42   2609      1208+186
ICRF J121503.9+165437  1212+171     12 15 03.97914102   16 54 37.9567958  0.00000118 0.0000291  -0.164  59798.7 59503.1 60482.3     19    961      1212+171
ICRF J121514.3-062803  1212-061     12 15 14.39407498  -06 28 03.9316224  0.00000229 0.0000800  -0.480  59277.9 53890.6 60545.8     40   2318      1212-061
ICRF J121546.7-173145  1213-172     12 15 46.75177279  -17 31 45.4031422  0.00000089 0.0000318  -0.110  59207.4 52781.5 60695.7     53   3006      1213-172
ICRF J121711.0+583526  1214+588     12 17 11.01873226   58 35 26.2467018  0.00000287 0.0000259  -0.230  59312.7 53890.6 60742.7     38   2340      1214+588
ICRF J121752.0+300700  1215+303     12 17 52.08196137   30 07 00.6357958  0.00000098 0.0000191  -0.371  59694.9 57415.9 60742.7     66   4736      1215+303
ICRF J121758.7-002946  1215-002     12 17 58.72904312  -00 29 46.2997612  0.00000085 0.0000295  -0.315  59338.4 57415.9 60489.3     30   2566      1215-002
ICRF J121906.4+482956  1216+487     12 19 06.41474463   48 29 56.1646273  0.00000241 0.0000271  -0.356  60082.3 59525.9 60651.7     20    980      1216+487
ICRF J121935.7+660031  1217+662     12 19 35.79422849   66 00 31.8460806  0.00002867 0.0001292  -0.742  60199.8 60138.9 60310.1      6    193      1217+662
ICRF J122011.8+020342  1217+023     12 20 11.88460460   02 03 42.2246392  0.00000147 0.0000445  -0.263  60415.6 60106.1 60695.7     13    712      1217+023
ICRF J122059.2+380855  1218+384     12 20 59.22929851   38 08 55.7067666  0.00000272 0.0000420  -0.589  60408.2 60106.1 60608.8     10    883      1218+384
ICRF J122123.9-024149  1218-024     12 21 23.94118963  -02 41 49.6094758  0.00000202 0.0000634  -0.184  60385.1 60106.1 60708.3     12    867      1218-024
ICRF J122131.6+281358  1219+285     12 21 31.69049806   28 13 58.5002004  0.00000233 0.0000424  -0.340  60479.4 60106.1 60742.7     13   1092      1219+285
ICRF J122222.5+041315  1219+044  D  12 22 22.54962462   04 13 15.7759734  0.00000052 0.0000174  -0.156  59310.4 57415.9 60461.9     53   4281      1219+044
ICRF J122340.4+804004  1221+809  D  12 23 40.49374452   80 40 04.3403769  0.00000587 0.0000159  -0.015  59279.4 58370.3 60651.7     37   3088      1221+809
ICRF J122451.5+433519  1222+438     12 24 51.50528775   43 35 19.2873198  0.00000274 0.0000384  -0.309  60419.4 60138.9 60608.8     10    902      1222+438
ICRF J122452.4+033050  1222+037     12 24 52.42193875   03 30 50.2925956  0.00000055 0.0000184  -0.167  59424.8 57371.1 60742.7     42   3946      1222+037
ICRF J122454.4+212246  1222+216     12 24 54.45840757   21 22 46.3885888  0.00000090 0.0000215  -0.227  59206.8 57415.9 60708.3     29   2202      1222+216
ICRF J122503.7+125313  1222+131  D  12 25 03.74333308   12 53 13.1389718  0.00000131 0.0000411  -0.321  59625.6 58447.5 60651.7     33   2762      M84     
ICRF J122836.9-030439  1226-028     12 28 36.91732335  -03 04 39.3126821  0.00000507 0.0001930  -0.638  59128.2 57415.9 60693.3     32   1657      1226-028
ICRF J122847.4+370612  1226+373  D  12 28 47.42367736   37 06 12.0956589  0.00000259 0.0000415  -0.375  59375.5 58418.2 60491.8     24   1628      1226+373
ICRF J122906.6+020308  1226+023     12 29 06.69977449   02 03 08.5984634  0.00000062 0.0000201  -0.073  59984.2 59525.9 60491.8     31   2359      3C273B  
ICRF J123007.0+583007  1227+587     12 30 07.05725664   58 30 07.7625550  0.00000272 0.0000258  -0.233  59242.5 53890.6 60695.7     41   2575      1227+587
ICRF J123014.0+251807  1227+255  D  12 30 14.08934095   25 18 07.1361769  0.00000090 0.0000189  -0.267  59119.6 57371.1 60742.7     55   3800      1227+255
ICRF J123049.4+122328  1228+126     12 30 49.42337978   12 23 28.0435113  0.00000066 0.0000190  -0.219  59473.8 54028.9 60742.7     43   3297      3C274   
ICRF J123055.5-113909  1228-113     12 30 55.55605255  -11 39 09.7974320  0.00000659 0.0002359  -0.699  60140.4 59972.1 60693.3     20    960      1228-113
ICRF J123200.0-022404  1229-021     12 32 00.01599211  -02 24 04.7944906  0.00000204 0.0000601  -0.265  60420.9 60138.9 60608.8     10    984      1229-021
ICRF J123312.8+805433  1231+811     12 33 12.89307169   80 54 33.9722729  0.00000955 0.0000251  -0.148  58672.4 53897.6 60034.6     52   4685      1231+811
ICRF J123924.5+073017  1236+077  D  12 39 24.58832489   07 30 17.1890776  0.00000081 0.0000240  -0.216  59124.5 52634.7 60693.3     47   3512      1236+077
ICRF J123932.7+044305  1236+049     12 39 32.75568122   04 43 05.2329055  0.00000095 0.0000294  -0.241  60206.3 59972.1 60695.7     23   1837      1236+049
ICRF J123943.0-102328  1237-101     12 39 43.06153556  -10 23 28.6929184  0.00000160 0.0000569  -0.419  60053.1 59503.1 60742.7     20   1554      1237-101
ICRF J124209.8+372005  1239+376     12 42 09.81237639   37 20 05.6925678  0.00000248 0.0000434  -0.258  59022.0 53890.6 60693.3     41   2003      1239+376
ICRF J124251.3+375100  1240+381     12 42 51.36903193   37 51 00.0252647  0.00000240 0.0000268  -0.330  59178.2 53890.6 60708.3     42   2507      1240+381
ICRF J124345.0+744237  1241+749     12 43 45.03331232   74 42 37.1147433  0.00001496 0.0000707  -0.419  60264.6 60106.1 60461.9      6    517      1241+749
ICRF J124553.7-161645  1243-160  D  12 45 53.74227948  -16 16 45.7052960  0.00000096 0.0000347  -0.104  59728.6 58370.3 60651.7     41   2851      1243-160
ICRF J124604.2-073046  1243-072  D  12 46 04.23210922  -07 30 46.5747369  0.00000049 0.0000177  -0.088  59031.6 52634.7 60695.7     96   8336      1243-072
ICRF J124646.8-254749  1244-255  D  12 46 46.80204616  -25 47 49.2891322  0.00000082 0.0000265  -0.030  59992.4 57371.1 60742.7    103   5269      1244-255
ICRF J124822.9-063209  1245-062     12 48 22.97566621  -06 32 09.8181434  0.00000072 0.0000247  -0.030  59105.3 57415.9 60742.7     86   8017      1245-062
ICRF J124828.4-455947  1245-457     12 48 28.49515425  -45 59 47.1804451  0.00000554 0.0001730  -0.317  58966.9 56781.4 60532.9     51    772      1245-454
ICRF J125032.5+021632  1247+025     12 50 32.58080670   02 16 32.1735982  0.00000136 0.0000475  -0.480  60447.1 60138.9 60708.3     15   1678      1247+025
ICRF J125243.2-673738  1249-673     12 52 43.21211510  -67 37 38.7465989  0.00001112 0.0000838   0.218  58623.4 56781.4 59194.4     25     76      1249-673
ICRF J125438.2+114105  1252+119     12 54 38.25562015   11 41 05.8949859  0.00000077 0.0000206  -0.197  59257.7 57371.1 60708.3     46   3116      1252+119
ICRF J125459.9-713818  1251-713     12 54 59.92159623  -71 38 18.4365979  0.00001264 0.0000665   0.068  58514.7 56781.4 60305.3     37    117      1251-713
ICRF J125531.7+181750  1253+185     12 55 31.75991832   18 17 50.9102261  0.00000179 0.0000540  -0.300  60294.5 60138.9 60693.3     10    822      1253+185
ICRF J125611.1-054721  1253-055     12 56 11.16658245  -05 47 21.5251421  0.00000051 0.0000179  -0.076  59309.1 53890.6 60695.7     63   4921      3C279   
ICRF J125757.2+322929  1255+327     12 57 57.23185035   32 29 29.3262863  0.00000197 0.0000306  -0.439  60399.2 60138.9 60742.7     10    666      1255+327
ICRF J125759.0-315516  1255-316     12 57 59.06085477  -31 55 16.8514114  0.00000226 0.0000695  -0.214  59812.3 59525.9 60474.7     17   1107      1255-316
ICRF J125838.3-180003  1255-177     12 58 38.30170731  -18 00 03.1245830  0.00000139 0.0000505  -0.324  59245.5 53890.6 60545.8     40   2412      1255-177
ICRF J125854.4-221931  1256-220     12 58 54.47879066  -22 19 31.1251077  0.00000096 0.0000343  -0.063  58867.8 52781.5 60608.8     58   3755      1256-220
ICRF J125931.1+514056  1257+519     12 59 31.17395849   51 40 56.2612709  0.00000265 0.0000304  -0.299  60256.6 60106.1 60461.9      8    588      1257+519
ICRF J130217.1+481917  1300+485     13 02 17.19606824   48 19 17.5743210  0.00000257 0.0000311  -0.326  59059.9 57371.1 60742.7     27   1874      1300+485
ICRF J130252.4+574837  1300+580  D  13 02 52.46526605   57 48 37.6093529  0.00000339 0.0000334  -0.261  59069.5 53890.6 60695.7     34   1795      1300+580
ICRF J130443.6-034602  1302-034     13 04 43.64221263  -03 46 02.5514724  0.00000201 0.0000766  -0.611  60370.1 60106.1 60560.1      8    748      1302-034
ICRF J130533.0-103319  1302-102     13 05 33.01502509  -10 33 19.4284204  0.00000063 0.0000232  -0.137  59650.4 52634.7 60560.1     59   5414      1302-102
ICRF J130603.3+552943  1303+557     13 06 03.35107397   55 29 43.8568300  0.00000482 0.0000451  -0.354  60396.8 60106.1 60608.8      8    753      1303+557
ICRF J130823.7+354637  1306+360     13 08 23.70912771   35 46 37.1639366  0.00000100 0.0000174  -0.160  59030.1 57415.9 60491.8     29   2209      1306+360
ICRF J130933.9+115424  1307+121     13 09 33.93245142   11 54 24.5530294  0.00000101 0.0000270  -0.023  60015.7 59503.1 60695.7     35   2042      1307+121
ICRF J130948.4-394833  1306-395     13 09 48.48833519  -39 48 33.0855915  0.00000471 0.0001463  -0.248  59424.7 57598.3 60742.7     30    844      1306-395
ICRF J131028.6+322043  1308+326     13 10 28.66385640   32 20 43.7826269  0.00000102 0.0000189  -0.190  55937.2 52409.9 60560.1     38   2639      1308+326
ICRF J131043.3-555211  1307-556     13 10 43.35560702  -55 52 11.5295058  0.00001056 0.0001662   0.481  58680.2 57598.3 60489.3     17     55      1307-556
ICRF J131053.5+465352  1308+471     13 10 53.59158038   46 53 52.2203781  0.00000740 0.0000875  -0.406  59271.0 53890.6 60651.7     27   1537      1308+471
ICRF J131059.4+323334  1308+328  D  13 10 59.40272737   32 33 34.4494394  0.00000110 0.0000207  -0.328  59588.0 58370.3 60693.3     37   2179      1308+328
ICRF J131103.2+551354  1308+554     13 11 03.21080741   55 13 54.3223511  0.00000543 0.0000451  -0.247  58573.6 52781.5 60651.7     22   1057      1308+554
ICRF J131250.9-042449  1310-041     13 12 50.90122945  -04 24 49.8921084  0.00000075 0.0000269  -0.251  59320.9 53890.6 60695.7     49   3765      1310-041
ICRF J131504.1-533435  1312-533     13 15 04.18113271  -53 34 35.8748878  0.00003135 0.0005368   0.588  59340.9 59236.2 60275.3      3     11      1312-533
ICRF J131607.9-333859  1313-333  D  13 16 07.98595442  -33 38 59.1727454  0.00000114 0.0000387   0.011  58952.7 52409.9 60742.7    119   4996      1313-333
ICRF J131736.4+342515  1315+346     13 17 36.49417631   34 25 15.9324454  0.00000116 0.0000210  -0.189  59126.8 57371.1 60708.3     31   2251      OP326   
ICRF J131833.7-060723  1315-058     13 18 33.70943138  -06 07 23.8203541  0.00000099 0.0000358  -0.543  59158.7 58042.5 60560.1     85   7270      1315-058
ICRF J131912.0-121732  1316-120     13 19 12.07207384  -12 17 32.1289007  0.00000193 0.0000651  -0.326  60390.1 60106.1 60693.3     11    928      1316-120
ICRF J132026.7+014036  1317+019     13 20 26.79488343   01 40 36.8120969  0.00000181 0.0000617  -0.290  60455.5 60138.9 60693.3     10    822      1317+019
ICRF J132111.2+221612  1318+225     13 21 11.20254715   22 16 12.1083372  0.00000146 0.0000343  -0.373  60335.3 60106.1 60742.7      9    598      1318+225
ICRF J132145.6+831613  1322+835     13 21 45.60882972   83 16 13.4237326  0.00005048 0.0001120   0.250  60337.5 60106.1 60695.7      8    343      1322+835
ICRF J132236.9-093737  1319-093     13 22 36.91263164  -09 37 37.8003015  0.00000121 0.0000427  -0.359  59335.2 57415.9 60693.3     31   2408      1319-093
ICRF J132425.7-104923  1321-105     13 24 25.79310568  -10 49 23.1345154  0.00000075 0.0000271  -0.094  59353.6 57371.1 60545.8     41   3496      1321-105
ICRF J132616.5+315409  1323+321     13 26 16.51138692   31 54 09.5223743  0.00006414 0.0011190  -0.022  60317.9 60106.1 60532.9      9     66      1323+321
ICRF J132700.8+221050  1324+224  D  13 27 00.86131471   22 10 50.1626931  0.00000077 0.0000183  -0.179  58282.1 52409.9 60608.8     44   3328      1324+224
ICRF J132742.0-133600  1325-133     13 27 42.02372802  -13 36 00.1609041  0.00000284 0.0001065  -0.601  59468.1 58013.3 60742.7     33   2464      1325-133
ICRF J132754.6+122309  1325+126  D  13 27 54.68299916   12 23 09.1782049  0.00000093 0.0000261  -0.326  59263.8 57415.9 60695.7     42   3120      1325+126
ICRF J132901.1-560802  1325-558  D  13 29 01.14492717  -56 08 02.6658815  0.00001314 0.0001554   0.702  58131.0 57714.0 59236.2     14     50      1325-558
ICRF J132905.8+500926  1327+504     13 29 05.80269606   50 09 26.4006848  0.00000404 0.0000481  -0.423  59961.2 59525.9 60545.8     20    803      1327+504
ICRF J133108.2+303032  1328+307     13 31 08.28806387   30 30 32.9592872  0.00000404 0.0000607   0.296  59364.5 58806.0 60532.9     81   5541      3C286   
ICRF J133204.4-050943  1329-049     13 32 04.46468775  -05 09 43.3061464  0.00000067 0.0000247  -0.153  59440.5 57415.9 60695.7     35   3085      1329-049
ICRF J133239.2-125615  1329-126     13 32 39.25140586  -12 56 15.3435999  0.00000148 0.0000551  -0.311  60430.0 60138.9 60742.7     13   1162      1329-126
ICRF J133245.2+472222  1330+476  D  13 32 45.24642528   47 22 22.6676900  0.00000187 0.0000224  -0.190  59471.8 58418.2 60491.8     34   2234      1330+476
ICRF J133253.2+020045  1330+022  D  13 32 53.27053746   02 00 45.6990384  0.00000090 0.0000275  -0.259  59443.3 58370.3 60457.8     34   2634      1330+022
ICRF J133307.4+272518  1330+276     13 33 07.49072705   27 25 18.3825224  0.00000166 0.0000330  -0.199  60314.3 60138.9 60693.3      8    547      1330+276
ICRF J133335.7+164904  1331+170     13 33 35.78263151   16 49 04.0144024  0.00000253 0.0000713  -0.410  60393.8 60138.9 60651.7      9    760      1331+170
ICRF J133345.1-195042  1331-195     13 33 45.17568892  -19 50 42.3434139  0.00000192 0.0000705  -0.299  59493.0 53890.6 60545.8     34   1792      1331-195
ICRF J133608.2-082951  1333-082     13 36 08.25983383  -08 29 51.7982235  0.00000079 0.0000309  -0.191  59266.0 54028.9 60708.3     46   3783      1333-082
ICRF J133739.7-125724  1334-127  D  13 37 39.78278123  -12 57 24.6933794  0.00000043 0.0000155  -0.041  59153.0 52409.9 60742.7    179  15889      1334-127
ICRF J133749.6+550102  1335+552     13 37 49.64221764   55 01 02.1172698  0.00000469 0.0000434  -0.405  60420.3 60138.9 60695.7     12   1062      1335+552
ICRF J134204.7-205129  1339-206     13 42 04.73955791  -20 51 29.5413587  0.00000109 0.0000389  -0.177  59514.2 53890.6 60742.7     55   3205      1339-206
ICRF J134215.3-290041  1339-287     13 42 15.34564539  -29 00 41.8313370  0.00000177 0.0000568  -0.152  59391.0 53890.6 60491.8     35   1788      1339-287
ICRF J134345.9+660225  1342+662     13 43 45.95957786   66 02 25.7449620  0.00000492 0.0000346  -0.075  60204.1 59503.1 60560.1     18   1264      1342+662
ICRF J134408.6+660611  1342+663     13 44 08.67958179   66 06 11.6436944  0.00000337 0.0000212  -0.001  58913.1 57371.1 60532.9     33   2591      1342+663
ICRF J134414.4-172340  1341-171     13 44 14.40245980  -17 23 40.3958477  0.00000157 0.0000629  -0.381  59293.9 57415.9 60545.8     44   2362      1341-171
ICRF J134545.3+533252  1343+537     13 45 45.35523222   53 32 52.2887909  0.00000245 0.0000242  -0.275  59064.9 53890.6 60695.7     45   2836      1343+537
ICRF J134549.3+070631  1343+073     13 45 49.31477081   07 06 31.1202454  0.00000176 0.0000626  -0.413  60383.7 60138.9 60742.7     15   1072      1343+073
ICRF J134733.3+121724  1345+125     13 47 33.36168787   12 17 24.2377172  0.00000474 0.0001362  -0.548  60246.2 60106.1 60708.3      9    419      1345+125
ICRF J134804.3+284025  1345+289     13 48 04.34908422   28 40 25.3668230  0.00000448 0.0001160  -0.329  58917.9 57559.3 60708.3     26   1248      1345+289
ICRF J134903.1-111000  1346-109     13 49 03.19304855  -11 10 00.8191071  0.00000163 0.0000651  -0.335  59418.5 58013.3 60560.1     38   3276      1346-109
ICRF J134934.6+534117  1347+539     13 49 34.65662875   53 41 17.0397835  0.00000272 0.0000297  -0.104  60055.0 59525.9 60532.9     18    951      1347+539
ICRF J135052.7+303453  1348+308  D  13 50 52.73622008   30 34 53.5906026  0.00000159 0.0000283  -0.193  59667.3 58418.2 60695.7     36   2054      1348+308
ICRF J135116.9+083039  1348+087     13 51 16.91905928   08 30 39.9033217  0.00000086 0.0000289  -0.361  59537.5 57371.1 60742.7     45   3852      1348+087
ICRF J135152.6-144914  1349-145     13 51 52.64963394  -14 49 14.5580479  0.00000205 0.0000752  -0.280  60304.5 60138.9 60491.8      8    662      1349-145
ICRF J135256.5-441240  1349-439     13 52 56.53497973  -44 12 40.3879497  0.00000294 0.0000923   0.043  59002.6 57714.0 60545.8     96   1840      1349-439
ICRF J135323.1+753257  1352+757     13 53 23.16806257   75 32 57.7354950  0.00000500 0.0000244   0.015  58747.7 54028.9 60608.8     40   3156      1352+757
ICRF J135406.8-020603  1351-018  D  13 54 06.89532922  -02 06 03.1904469  0.00000071 0.0000244  -0.082  59608.8 57415.9 60742.7     48   4002      1351-018
ICRF J135446.5-104102  1352-104     13 54 46.51868674  -10 41 02.6561204  0.00000131 0.0000461  -0.195  60136.8 59781.6 60532.9     14   1006      1352-104
ICRF J135704.4+191907  1354+195     13 57 04.43664320   19 19 07.3725358  0.00000089 0.0000223  -0.131  59018.5 53897.6 60742.7     31   1778      1354+195
ICRF J135711.2-152728  1354-152     13 57 11.24498476  -15 27 28.7867883  0.00000075 0.0000268  -0.136  59141.7 52634.7 60474.7     58   3914      1354-152
ICRF J135755.3+764321  1357+769  D  13 57 55.37151642   76 43 21.0509904  0.00000601 0.0000215  -0.062  58404.5 52634.7 59950.1     37   2904      1357+769
ICRF J135927.1+015954  1356+022     13 59 27.14933483   01 59 54.5629743  0.00000108 0.0000374  -0.240  60311.5 60106.1 60708.3     13    890      1356+022
ICRF J135938.0+401138  1357+404     13 59 38.09425940   40 11 38.2502746  0.00000372 0.0000624  -0.003  60256.5 60138.9 60444.5      8    428      1357+404
ICRF J140003.8-185811  1357-187     14 00 03.86598884  -18 58 11.0854342  0.00000224 0.0000765  -0.218  60416.1 60138.9 60651.7     10    943      1357-187
ICRF J140105.3-091631  1358-090     14 01 05.33184982  -09 16 31.5720399  0.00000336 0.0001210  -0.689  60414.5 60138.9 60708.3     13   1005      1358-090
ICRF J140412.1-001325  1401+000     14 04 12.12398005  -00 13 25.0912089  0.00000144 0.0000489  -0.325  60403.9 60106.1 60742.7      9    997      1401+000
ICRF J140501.1+041535  1402+044     14 05 01.11982984   04 15 35.8186447  0.00000223 0.0000768  -0.427  60326.6 60106.1 60693.3      9    563      1402+044
ICRF J140507.7+405657  1403+411     14 05 07.79544807   40 56 57.8310739  0.00001481 0.0002179  -0.609  60362.7 60138.9 60708.3     12    401      1403+411
ICRF J140532.8-144018  1402-144     14 05 32.86735434  -14 40 18.2968009  0.00000302 0.0001226  -0.547  58646.6 57371.1 60545.8     28   1574      1402-144
ICRF J140700.3+282714  1404+286     14 07 00.39433271   28 27 14.6888077  0.00000738 0.0001334  -0.037  58724.6 57371.1 60693.3     32   1143      OQ208   
ICRF J140849.6-290023  1405-287     14 08 49.61375659  -29 00 23.6083435  0.00000211 0.0000739  -0.156  59269.3 53890.6 60742.7     40   2227      1405-287
ICRF J140856.4-075226  1406-076  D  14 08 56.48120267  -07 52 26.6666442  0.00000056 0.0000205  -0.119  59158.1 52634.7 60695.7     54   4687      1406-076
ICRF J140950.1-265736  1406-267  D  14 09 50.16978260  -26 57 36.9805036  0.00000188 0.0000684  -0.234  59293.5 52781.5 60491.8     50   2194      1406-267
ICRF J141004.6+020306  1407+022     14 10 04.65594953   02 03 06.9128660  0.00000207 0.0000668  -0.363  60345.8 60138.9 60545.8     10    541      1407+022
ICRF J141114.5+370535  1409+373     14 11 14.51613011   37 05 35.6236808  0.00000296 0.0000555  -0.547  60320.1 60106.1 60560.1      9    686      1409+373
ICRF J141526.0-370526  1412-368  D  14 15 26.01635739  -37 05 26.9701399  0.00001241 0.0004030  -0.554  59588.8 58410.3 60651.7     44    849      1412-368
ICRF J141558.8+132023  1413+135     14 15 58.81751360   13 20 23.7129403  0.00000078 0.0000205  -0.149  59160.9 57415.9 60608.8     45   3248      1413+135
ICRF J141708.1+460705  1415+463     14 17 08.16147817   46 07 05.4489309  0.00000511 0.0000482  -0.305  60317.4 60106.1 60742.7      8    488      1415+463
ICRF J141935.2-515458  1416-516     14 19 35.24532214  -51 54 58.5697773  0.00002418 0.0004008   0.787  58372.7 57714.0 58996.3     10     21      1416-516
ICRF J141946.5+542314  1418+546  D  14 19 46.59740840   54 23 14.7869814  0.00000196 0.0000192  -0.241  58353.7 53608.3 60560.1     45   2840      1418+546
ICRF J141946.6+382148  1417+385     14 19 46.61375377   38 21 48.4749686  0.00000225 0.0000302  -0.238  59945.8 59525.9 60693.3     21    932      1417+385
ICRF J141959.2+270625  1417+273     14 19 59.29706636   27 06 25.5526449  0.00000094 0.0000194  -0.132  58889.6 53890.6 60491.8     42   2965      1417+273
ICRF J142138.6-482022  1418-481     14 21 38.64654868  -48 20 22.7970079  0.00000976 0.0002211   0.666  58424.8 57598.3 60431.3     11     28      1418-481
ICRF J142230.3+322310  1420+326     14 22 30.37893158   32 23 10.4402689  0.00000160 0.0000272  -0.422  60451.3 60138.9 60708.3     14    984      1420+326
ICRF J142237.1-230830  1419-229     14 22 37.10636255  -23 08 30.1359834  0.00000201 0.0000680  -0.252  59509.8 58013.3 60742.7     36   2149      1419-229
ICRF J142455.5-680758  1420-679  D  14 24 55.55747124  -68 07 58.0949333  0.00002854 0.0001816   0.235  59248.7 59236.2 59264.2      2      9      1420-679
ICRF J142549.0+142456  1423+146  D  14 25 49.01801413   14 24 56.9017814  0.00000093 0.0000244  -0.192  59703.9 58452.3 60489.3     31   2028      1423+146
ICRF J142637.0+362509  1424+366     14 26 37.08750649   36 25 09.5734969  0.00000625 0.0000824  -0.262  59923.0 59525.9 60545.8     20    700      1424+366
ICRF J142700.3+234800  1424+240     14 27 00.39177353   23 48 00.0375334  0.00000123 0.0000293  -0.368  59195.9 57371.1 60693.3     45   3127      1424+240
ICRF J142756.2-420619  1424-418  D  14 27 56.29758164  -42 06 19.4376776  0.00000151 0.0000500   0.228  59694.6 56781.4 60742.7    183   4830      1424-418
ICRF J143009.7+104326  1427+109     14 30 09.73877636   10 43 26.8615725  0.00000128 0.0000428  -0.324  60488.7 60138.9 60742.7     14   1273      1427+109
ICRF J143023.7+420436  1428+422     14 30 23.74164109   42 04 36.4911819  0.00000218 0.0000271  -0.264  59106.4 58042.5 60608.8     88   5123      1428+422
ICRF J143040.5+364903  1428+370  D  14 30 40.58368856   36 49 03.8887177  0.00000178 0.0000244  -0.330  59636.3 58370.3 60695.7     45   2231      1428+370
ICRF J143125.8+244220  1429+249     14 31 25.88470357   24 42 20.7049141  0.00000363 0.0000684  -0.433  59164.9 58013.3 60461.9     36   2082      1429+249
ICRF J143421.1-114619  1431-115     14 34 21.13585124  -11 46 19.5113677  0.00000311 0.0001256  -0.555  60288.0 60106.1 60693.3     10    685      1431-115
ICRF J143439.7+195200  1432+200     14 34 39.79336631   19 52 00.7357750  0.00000111 0.0000266  -0.164  59956.2 59503.1 60545.8     20   1472      1432+200
ICRF J143640.9+232103  1434+235     14 36 40.98108817   23 21 03.2594460  0.00000281 0.0000637  -0.503  60432.6 60106.1 60708.3     11    608      1434+235
ICRF J143645.8+633637  1435+638     14 36 45.80225579   63 36 37.8667452  0.00000479 0.0000323   0.098  59991.2 59525.9 60461.9     26   1495      1435+638
ICRF J143809.4-220454  1435-218  D  14 38 09.46939650  -22 04 54.7484979  0.00000098 0.0000358  -0.150  59417.5 52781.5 60742.7     57   3579      1435-218
ICRF J143810.7-312228  1435-311     14 38 10.78572666  -31 22 28.5267987  0.00000170 0.0000593  -0.231  59516.2 53890.6 60608.8     47   2569      1435-311
ICRF J143920.5+371202  1437+374     14 39 20.57785410   37 12 02.8359095  0.00000687 0.0000993  -0.474  58385.2 57415.9 60651.7     31   1153      1437+374
ICRF J143946.9+495805  1438+501     14 39 46.97622019   49 58 05.4556825  0.00000367 0.0000318  -0.412  60351.6 60138.9 60532.9      8    452      1438+501
ICRF J143956.8-153150  1437-153     14 39 56.87206004  -15 31 50.5549113  0.00000154 0.0000563  -0.345  59090.8 52781.5 60491.8     43   2647      1437-153
ICRF J144145.4-152336  1438-151     14 41 45.41725907  -15 23 36.2653668  0.00000136 0.0000524  -0.388  59010.8 57415.9 60695.7     81   5608      1438-151
ICRF J144302.7+520137  1441+522     14 43 02.76069642   52 01 37.2984709  0.00000185 0.0000190  -0.187  59004.1 53897.6 60742.7     30   2245      1441+522
ICRF J144356.8+250144  1441+252     14 43 56.89220387   25 01 44.4906227  0.00000170 0.0000419  -0.350  60048.6 59503.1 60651.7     27   1642      1441+252
ICRF J144553.3-162901  1443-162  D  14 45 53.37630436  -16 29 01.6190802  0.00000161 0.0000575  -0.396  59469.2 58370.3 60491.8     32   1941      1443-162
ICRF J144815.0-162024  1445-161     14 48 15.05415505  -16 20 24.5490305  0.00000114 0.0000441  -0.497  59292.7 57371.1 60545.8     87   5526      1445-161
ICRF J144828.7+760111  1448+762  D  14 48 28.77915405   76 01 11.5973153  0.00000370 0.0000142   0.062  58839.2 57371.1 60560.1     56   5076      1448+762
ICRF J145353.6+264833  1451+270     14 53 53.60064045   26 48 33.4097310  0.00000131 0.0000284  -0.366  59072.0 57559.3 60695.7     28   2055      1451+270
ICRF J145427.4-374733  1451-375     14 54 27.40977485  -37 47 33.1452131  0.00000230 0.0000774   0.008  59246.0 52781.5 60532.9     39   1631      1451-375
ICRF J145432.9-401232  1451-400     14 54 32.91236708  -40 12 32.5149052  0.00000442 0.0001545   0.065  59517.6 58447.5 60608.8     28    804      1451-400
ICRF J145641.3-061743  1454-060     14 56 41.39264250  -06 17 43.2042803  0.00000643 0.0001921  -0.227  59029.9 57415.9 60491.8     31   1290      1454-060
ICRF J145859.3+041613  1456+044     14 58 59.35620724   04 16 13.8205143  0.00000109 0.0000363  -0.438  60022.0 59525.9 60708.3     25   2146      1456+044
ICRF J145907.5+714019  1458+718     14 59 07.58395500   71 40 19.8663123  0.00000305 0.0000172   0.025  58879.7 57371.1 60608.8     49   4274      3C309.1 
ICRF J145928.7-181045  1456-179     14 59 28.76319841  -18 10 45.1864207  0.00000769 0.0002260  -0.762  59187.3 58013.3 60695.7     33   1357      1456-179
ICRF J150048.6+475115  1459+480     15 00 48.65421685   47 51 15.5379584  0.00000248 0.0000277  -0.096  59149.0 52781.5 60742.7     29   1840      1459+480
ICRF J150225.0-150852  1459-149     15 02 25.01745384  -15 08 52.5198774  0.00000099 0.0000371  -0.327  59331.1 58042.5 60693.3     86   6951      1459-149
ICRF J150424.9+102939  1502+106  D  15 04 24.97977785   10 29 39.1984691  0.00000067 0.0000197  -0.159  56999.5 52409.9 60708.3     34   2969      1502+106
ICRF J150502.3-343256  1501-343     15 05 02.37038186  -34 32 56.8206618  0.00000528 0.0001737  -0.617  59277.4 54028.9 60474.7     37   1165      1501-343
ICRF J150506.4+032630  1502+036     15 05 06.47716152   03 26 30.8125405  0.00000070 0.0000231  -0.290  59322.4 52634.7 60651.7     35   2956      1502+036
ICRF J150609.5+373051  1504+377  D  15 06 09.52997284   37 30 51.1324502  0.00000127 0.0000182  -0.224  59156.1 52781.5 60742.7     49   2305      1504+377
ICRF J150653.0+423923  1505+428     15 06 53.04183485   42 39 23.0355240  0.00000156 0.0000207  -0.244  57413.5 52781.5 60695.7     30   1671      1505+428
ICRF J150704.7-165230  1504-166     15 07 04.78696513  -16 52 30.2672436  0.00000110 0.0000344  -0.096  60335.9 60106.1 60560.1      8    982      1504-166
ICRF J150835.7-154831  1505-156     15 08 35.70160837  -15 48 31.5318564  0.00000144 0.0000551  -0.425  59255.2 57415.9 60608.8     83   5395      1505-156
ICRF J151002.9+570243  1508+572  D  15 10 02.92236580   57 02 43.3757336  0.00000292 0.0000298  -0.038  59461.1 58418.2 60519.7     35   2132      1508+572
ICRF J151053.5-054307  1508-055     15 10 53.59141940  -05 43 07.4175410  0.00000077 0.0000255  -0.172  59231.0 53890.6 60491.8     52   4276      1508-055
ICRF J151215.7+020316  1509+022     15 12 15.74174524   02 03 16.9790100  0.00000075 0.0000253  -0.242  59487.1 53897.6 60695.7     30   2629      1509+022
ICRF J151250.5-090559  1510-089  D  15 12 50.53293242  -09 05 59.8297466  0.00000050 0.0000180  -0.165  60008.7 57415.9 60742.7     81   7102      1510-089
ICRF J151255.8-564030  1509-564     15 12 55.81940167  -56 40 30.6432727  0.00001862 0.0003285   0.417  58011.4 56781.4 60199.3     11     27      1509-564
ICRF J151344.8-101200  1511-100     15 13 44.89342818  -10 12 00.2648388  0.00000076 0.0000272  -0.200  58610.5 52409.9 60742.7     35   2943      1511-100
ICRF J151356.9-211457  1511-210     15 13 56.97012398  -21 14 57.5070325  0.00000160 0.0000626  -0.444  59349.4 57371.1 60608.8     32   2442      1511-210
ICRF J151440.0-474829  1511-476  D  15 14 40.02459755  -47 48 29.8581990  0.00001324 0.0002978   0.680  59610.1 59236.2 60431.3      4     18      1511-476
ICRF J151440.8-361704  1511-360     15 14 40.87393206  -36 17 04.8756548  0.00000281 0.0001091  -0.305  59245.7 56781.4 60461.9     34   1346      1511-360
ICRF J151512.6-555932  1511-558  D  15 15 12.67293114  -55 59 32.8383127  0.00001515 0.0001897   0.578  58487.4 56781.4 59264.2     11     30      1511-558
ICRF J151640.2+001501  1514+004     15 16 40.21906095   00 15 01.9089700  0.00000071 0.0000246  -0.304  58755.9 52781.5 60695.7     40   3287      1514+004
ICRF J151656.7+193212  1514+197  D  15 16 56.79615963   19 32 12.9919183  0.00000105 0.0000245  -0.240  59005.5 52781.5 60651.7     28   1604      1514+197
ICRF J151726.6-261818  1514-261     15 17 26.62239139  -26 18 18.9787977  0.00000272 0.0000839  -0.394  60186.2 60034.6 60491.8     12    929      1514-261
ICRF J151741.8-242219  1514-241     15 17 41.81314485  -24 22 19.4761329  0.00000061 0.0000199  -0.078  59373.1 52781.5 60742.7    200  14271      1514-241
ICRF J152122.5+042030  1518+045     15 21 22.54359825   04 20 30.1366742  0.00000177 0.0000568  -0.186  60350.0 60106.1 60532.9     10    896      1518+045
ICRF J152149.6+433639  1520+437  D  15 21 49.61387372   43 36 39.2679621  0.00000265 0.0000277  -0.243  59174.3 58370.3 60491.8     31   1827      1520+437
ICRF J152209.9+314414  1520+319  D  15 22 09.99172999   31 44 14.3819686  0.00000170 0.0000302  -0.335  58996.5 54028.9 60461.9     31   1863      1520+319
ICRF J152237.6-273010  1519-273  D  15 22 37.67600269  -27 30 10.7855203  0.00000101 0.0000366  -0.091  59462.2 52781.5 60695.7     60   4031      1519-273
ICRF J152441.6+152121  1522+155     15 24 41.61149208   15 21 21.0504708  0.00000085 0.0000236  -0.258  59438.3 54028.9 60742.7     41   2816      1522+155
ICRF J152502.9+110744  1522+113     15 25 02.93422575   11 07 44.0626427  0.00000271 0.0000755   0.029  60306.2 60138.9 60545.8      9    715      1522+113
ICRF J153245.3-131910  1529-131     15 32 45.37473421  -13 19 10.0857388  0.00000095 0.0000335  -0.200  60217.8 59972.1 60532.9     24   1721      1529-131
ICRF J153420.6-535113  1530-536     15 34 20.66069171  -53 51 13.4229497  0.00001385 0.0002046   0.704  58389.7 57714.0 59194.4     12     35      1530-536
ICRF J153452.4+013104  1532+016     15 34 52.45367595   01 31 04.2064977  0.00000068 0.0000236  -0.263  59468.7 57415.9 60461.9     40   3383      1532+016
ICRF J153454.6-352623  1531-352     15 34 54.68758451  -35 26 23.4973321  0.00000251 0.0000950  -0.060  59304.8 56781.4 60608.8     49   1538      1531-352
ICRF J153552.2-473022  1532-473     15 35 52.24152682  -47 30 22.9765085  0.00001674 0.0003692   0.750  58394.8 57598.3 59138.3     12     28      1532-473
ICRF J153714.5+230040  1535+231     15 37 14.50085007   23 00 40.5114637  0.00000177 0.0000412  -0.323  58982.2 57415.9 60742.7     44   2290      1535+231
ICRF J153741.5-152712  1534-152     15 37 41.57311241  -15 27 12.4988449  0.00000209 0.0000959  -0.708  59010.2 57371.1 60491.8     75   5186      1534-152
ICRF J153934.8+473531  1538+477     15 39 34.81036012   47 35 31.2640778  0.00000169 0.0000182  -0.196  58951.5 57371.1 60651.7     51   3491      1538+477
ICRF J154049.4+144745  1538+149  D  15 40 49.49151726   14 47 45.8847878  0.00000078 0.0000213  -0.218  58888.0 53890.6 60560.1     35   2235      1538+149
ICRF J154917.4+503805  1547+507     15 49 17.46855530   50 38 05.7875083  0.00000223 0.0000219  -0.265  59963.2 59503.1 60608.8     18   1202      1547+507
ICRF J154929.4+023701  1546+027     15 49 29.43685097   02 37 01.1632186  0.00000036 0.0000126  -0.118  59193.2 52409.9 60742.7    194  16422      1546+027
ICRF J155035.2+052710  1548+056     15 50 35.26924558   05 27 10.4479093  0.00000036 0.0000124  -0.118  59208.5 52781.5 60695.7    186  16148      1548+056
ICRF J155158.2+580644  1550+582     15 51 58.20782492   58 06 44.4545613  0.00000714 0.0000643  -0.535  60267.8 60106.1 60742.7      6    348      1550+582
ICRF J155331.6-242206  1550-242     15 53 31.62781485  -24 22 06.0359412  0.00000114 0.0000405  -0.135  59525.8 57415.9 60461.9     36   2208      1550-242
ICRF J155658.8-791404  1549-790     15 56 58.86951317  -79 14 04.2825400  0.00005047 0.0001664   0.673  58537.0 56781.4 59138.3     18     34      1549-790
ICRF J155751.4-000150  1555+001  D  15 57 51.43397675  -00 01 50.4138225  0.00000080 0.0000271  -0.364  59176.3 57371.1 60708.3     39   3092      1555+001
ICRF J155855.1+332318  1556+335     15 58 55.18626953   33 23 18.6064555  0.00000435 0.0000902  -0.196  58725.4 57371.1 60384.9     23   1445      1556+335
ICRF J155930.9+030448  1557+032  D  15 59 30.97261084   03 04 48.2568078  0.00000073 0.0000244  -0.408  60130.3 58465.4 60742.7     86   7189      1557+032
ICRF J155941.4-244238  1556-245  D  15 59 41.40911822  -24 42 38.8322671  0.00000239 0.0000846  -0.473  59628.7 58370.3 60560.1     38   2222      1556-245
ICRF J160207.2+332653  1600+335     16 02 07.26348982   33 26 53.0738380  0.00000121 0.0000221  -0.145  59150.3 57415.9 60695.7     48   3106      1600+335
ICRF J160341.9+110548  1601+112     16 03 41.93125664   11 05 48.6791444  0.00000097 0.0000289  -0.292  60086.5 59503.1 60742.7     21   1430      1601+112
ICRF J160431.0-444131  1600-445  D  16 04 31.02075245  -44 41 31.9732801  0.00000326 0.0001125   0.122  59169.1 56781.4 60305.1     53   1057      1600-445
ICRF J160517.5-113926  1602-115  D  16 05 17.53165809  -11 39 26.8310337  0.00000089 0.0000326  -0.314  59173.3 57371.1 60545.8     35   2781      1602-115
ICRF J160533.0+300129  1603+301     16 05 33.04801200   30 01 29.7029666  0.00000361 0.0000690  -0.467  60339.6 60106.1 60560.1      6    606      1603+301
ICRF J160608.5+312446  1604+315     16 06 08.51837041   31 24 46.4581072  0.00000590 0.0001303  -0.192  60492.6 60138.9 60651.7      8    567      1604+315
ICRF J160658.3+271705  1604+274     16 06 58.30033124   27 17 05.5835202  0.00000225 0.0000481  -0.256  60379.5 60138.9 60708.3     12    578      1604+274
ICRF J160734.7-333108  1604-333     16 07 34.76233510  -33 31 08.9132604  0.00000166 0.0000554  -0.296  59284.1 57598.3 60742.7     98   4304      1604-333
ICRF J160822.1+401217  1606+403     16 08 22.15769490   40 12 17.8335744  0.00000332 0.0000515  -0.428  60355.2 60106.1 60560.1      7    478      1606+403
ICRF J160846.2+102907  1606+106  D  16 08 46.20318811   10 29 07.7757089  0.00000064 0.0000193  -0.234  58040.1 52409.9 60545.8     43   3348      1606+106
ICRF J160913.3+264129  1607+268     16 09 13.32073354   26 41 29.0350690  0.00001325 0.0002429  -0.327  60345.9 60106.1 60693.3      7    334      CTD93   
ICRF J161021.8-395858  1606-398     16 10 21.87912037  -39 58 58.3290102  0.00000236 0.0000801   0.016  59086.3 58013.3 60695.7     52   1624      1606-398
ICRF J161042.0+241449  1608+243  D  16 10 42.02678017   24 14 49.0116246  0.00000194 0.0000376  -0.219  59325.6 58418.2 60532.9     26   1534      1608+243
ICRF J161233.8-742340  1606-742     16 12 33.88504446  -74 23 40.1429806  0.00005477 0.0005713   0.149  58502.4 57598.3 59138.3      9     12      1606-742
ICRF J161341.0+341247  1611+343     16 13 41.06423072   34 12 47.9085923  0.00000060 0.0000109  -0.025  59001.5 52634.7 60742.7    172  12247      1611+343
ICRF J161630.6-710831  1611-710     16 16 30.64169467  -71 08 31.4535646  0.00006449 0.0004365   0.620  58070.3 57714.0 58356.3      8     13      1611-710
ICRF J161637.5+045932  1614+051     16 16 37.55682210   04 59 32.7363421  0.00000089 0.0000262  -0.393  59940.6 57545.3 60608.8     81   6772      1614+051
ICRF J161727.0-194132  1614-195     16 17 27.09306598  -19 41 32.0145209  0.00000306 0.0001131  -0.525  59248.8 57415.9 60608.8     44   2478      1614-195
ICRF J161749.2-771718  1610-771     16 17 49.27651801  -77 17 18.4676438  0.00001848 0.0000648  -0.037  58293.6 56781.4 60260.2     10     36      1610-771
ICRF J161749.9+024643  1615+029     16 17 49.90811763   02 46 43.1044603  0.00000099 0.0000328  -0.241  60300.8 60106.1 60461.9      7    869      1615+029
ICRF J161903.6+061302  1616+063     16 19 03.68767655   06 13 02.2426200  0.00000108 0.0000327  -0.252  60055.6 59525.9 60695.7     30   2254      1616+063
ICRF J161914.8+224747  1617+229     16 19 14.82459342   22 47 47.8511678  0.00000104 0.0000242  -0.381  58354.2 52781.5 60545.8     47   2866      1617+229
ICRF J162304.5+662401  1622+665     16 23 04.52166828   66 24 01.0787210  0.00000869 0.0000411  -0.299  60489.8 60106.1 60742.7      8    621      1622+665
ICRF J162418.4-680912  1619-680     16 24 18.43713163  -68 09 12.4956436  0.00003048 0.0003032   0.430  58381.4 56781.4 60199.3     16     23      1619-680
ICRF J162424.8+574116  1623+578  D  16 24 24.80756175   57 41 16.2808532  0.00000178 0.0000154  -0.165  59418.0 58370.3 60545.8     47   3307      1623+578
ICRF J162432.1+565228  1623+569     16 24 32.17948298   56 52 28.0009876  0.00001285 0.0001253  -0.663  60218.8 60106.1 60491.8      8    425      1623+569
ICRF J162546.8-252738  1622-253     16 25 46.89165302  -25 27 38.3267124  0.00000082 0.0000290  -0.105  59089.1 52781.5 60560.1     97   6531      1622-253
ICRF J162557.6+413440  1624+416     16 25 57.66970927   41 34 40.6292505  0.00000209 0.0000290  -0.299  60003.2 59503.1 60693.3     22   1368      1624+416
ICRF J162606.0-295126  1622-297     16 26 06.02084287  -29 51 26.9711267  0.00000136 0.0000486  -0.149  59431.2 52781.5 60695.7     57   3086      1622-297
ICRF J162700.0-242640  1623-243     16 27 00.00621143  -24 26 40.4633545  0.00000249 0.0000908  -0.398  59379.7 58042.5 60742.7     61   3129      1623-243
ICRF J162854.6-615236  1624-617  D  16 28 54.68982163  -61 52 36.3982370  0.00001260 0.0001297   0.572  58177.2 56781.4 60213.5     13     47      1624-617
ICRF J163231.9+823216  1637+826     16 32 31.96987662   82 32 16.3999665  0.00001442 0.0000311  -0.172  59874.7 59503.1 60651.7     16    970      NGC6251 
ICRF J163515.4+380804  1633+382     16 35 15.49297474   38 08 04.5004535  0.00000105 0.0000175  -0.177  59965.0 59525.9 60693.3     23   1441      1633+38 
ICRF J163638.1+211255  1634+213     16 36 38.18345878   21 12 55.5945957  0.00000272 0.0000585  -0.471  60373.5 60138.9 60708.3     12    571      1634+213
ICRF J163745.1+471733  1636+473  D  16 37 45.13055100   47 17 33.8310808  0.00000134 0.0000163  -0.087  58983.4 57415.9 60461.9     27   2087      1636+473
ICRF J163813.4+572023  1637+574     16 38 13.45628856   57 20 23.9789887  0.00000150 0.0000134   0.006  58282.9 52409.9 60695.7     58   4601      1637+574
ICRF J164029.6+394646  1638+398     16 40 29.63276875   39 46 46.0283656  0.00000146 0.0000212  -0.237  57690.3 52409.9 60742.7     31   2082      NRAO512 
ICRF J164047.9+122002  1638+124     16 40 47.93882593   12 20 02.0792384  0.00000686 0.0001342  -0.322  60322.2 60106.1 60693.3      9    617      1638+124
ICRF J164125.2+225704  1639+230     16 41 25.22755775   22 57 04.0328025  0.00000107 0.0000273  -0.361  60117.5 59525.9 60651.7     31   2178      1639+230
ICRF J164202.1-062123  1639-062  D  16 42 02.17771981  -06 21 23.6950705  0.00000062 0.0000214  -0.197  59278.5 57415.9 60695.7     51   4337      1639-062
ICRF J164205.2-200724  1639-200     16 42 05.29090468  -20 07 24.8493790  0.00000418 0.0001685  -0.471  59364.9 57415.9 60742.7     34   1456      1639-200
ICRF J164207.8+685639  1642+690  D  16 42 07.84852879   68 56 39.7560733  0.00000237 0.0000131   0.053  58789.6 57371.1 60461.9     68   5111      1642+690
ICRF J164258.8+394836  1641+399     16 42 58.80999990   39 48 36.9942359  0.00000114 0.0000171  -0.257  59967.3 59503.1 60461.9     26   1435      3C345   
ICRF J164558.5+633010  1645+635     16 45 58.55265393   63 30 10.9226578  0.00000912 0.0000468  -0.255  60174.9 60138.9 60268.5      4    198      1645+635
ICRF J164737.7-643800  1642-645     16 47 37.74146205  -64 38 00.2688705  0.00001452 0.0001217   0.705  58391.7 57598.3 59138.3     15     54      1642-645
ICRF J165039.5-294346  1647-296  D  16 50 39.54411520  -29 43 46.9546398  0.00000128 0.0000472  -0.076  59167.9 52781.5 60545.8     51   2622      1647-296
ICRF J165103.6+012923  1648+015     16 51 03.66237597   01 29 23.4577024  0.00000299 0.0000872  -0.483  60295.7 60138.9 60560.1      9    526      1648+015
ICRF J165258.5+390249  1651+391     16 52 58.50957256   39 02 49.8220034  0.00000186 0.0000270  -0.369  59991.1 59525.9 60708.3     23   1324      1651+391
ICRF J165334.2-155129  1650-157     16 53 34.20642807  -15 51 29.8881907  0.00000176 0.0000699  -0.552  59527.5 58013.3 60742.7     47   3615      1650-157
ICRF J165352.2+394536  1652+398     16 53 52.21668045   39 45 36.6087323  0.00000123 0.0000191  -0.252  58848.8 52781.5 60695.7     42   2601      DA426   
ICRF J165648.2+601216  1656+602     16 56 48.24497748   60 12 16.4344855  0.00000633 0.0000482  -0.219  60294.1 60106.1 60532.9      6    384      1656+602
ICRF J165720.7+570553  1656+571     16 57 20.70891661   57 05 53.5036230  0.00000543 0.0000413  -0.538  60383.8 60138.9 60651.7      8    552      1656+571
ICRF J165746.8+480833  1656+482     16 57 46.87895949   48 08 33.0407406  0.00000417 0.0000488  -0.623  60280.3 60138.9 60545.8      6    415      1656+482
ICRF J165802.7+473749  1656+477     16 58 02.77957922   47 37 49.2303955  0.00000212 0.0000247  -0.098  59835.6 59503.1 60491.8     16    916      1656+477
ICRF J165809.0+074127  1655+077     16 58 09.01146336   07 41 27.5405274  0.00000044 0.0000137  -0.189  59912.7 57415.9 60695.7     90   8370      1655+077
ICRF J165833.4+051516  1656+053     16 58 33.44731064   05 15 16.4436047  0.00000336 0.0000994  -0.373  60448.5 60138.9 60742.7     15   1259      1656+053
ICRF J165844.0-073917  1656-075     16 58 44.06196971  -07 39 17.6943809  0.00000112 0.0000388  -0.227  59958.4 52781.5 60608.8     74   5579      1656-075
ICRF J165924.1+262936  1657+265     16 59 24.14945151   26 29 36.9430609  0.00000110 0.0000233  -0.269  59125.5 57371.1 60608.8     34   2221      1657+265
ICRF J170053.1-261051  1657-261  D  17 00 53.15407000  -26 10 51.7254544  0.00000075 0.0000234  -0.072  59688.3 52781.5 60608.8    123   8614      1657-261
ICRF J170124.6+395437  1659+399  D  17 01 24.63481410   39 54 37.0915095  0.00000346 0.0000539  -0.269  59634.1 58496.3 60461.9     31   2014      1659+399
ICRF J170144.8-562155  1657-562     17 01 44.85814773  -56 21 55.9018481  0.00001023 0.0001866   0.419  58522.7 57714.0 60213.5     10     30      1657-562
ICRF J170336.5-621240  1659-621     17 03 36.54121978  -62 12 40.0086569  0.00000946 0.0000975   0.607  58381.1 56781.4 59138.3     13     48      1659-621
ICRF J170717.7+453610  1705+456     17 07 17.75344246   45 36 10.5527703  0.00000249 0.0000312  -0.352  60000.7 59503.1 60695.7     20   1464      1705+456
ICRF J170720.3-141523  1704-141     17 07 20.39056709  -14 15 23.1270016  0.00000517 0.0001446  -0.469  60286.8 60138.9 60491.8      6    261      1704-141
ICRF J170734.4+014845  1705+018  D  17 07 34.41526446   01 48 45.6992495  0.00000065 0.0000207  -0.151  59835.9 52634.7 60651.7     80   7770      1705+018
ICRF J170745.6+133105  1705+135     17 07 45.63727847   13 31 05.2324416  0.00000125 0.0000352  -0.152  60392.8 60106.1 60742.7     10    948      1705+135
ICRF J170844.6+003509  1706+006     17 08 44.64743011   00 35 09.5154770  0.00000251 0.0000895  -0.576  60409.0 60138.9 60608.8     10   1156      1706+006
ICRF J170934.3-172853  1706-174  D  17 09 34.34538986  -17 28 53.3648539  0.00000112 0.0000430  -0.409  59862.0 58370.3 60651.7     36   3118      1706-174
ICRF J171123.1-250901  1708-250     17 11 23.10228103  -25 09 01.5629412  0.00000109 0.0000392  -0.197  59256.1 58069.2 60474.7     90   5270      1708-250
ICRF J171309.9-341829  1709-342     17 13 09.94155036  -34 18 29.4280317  0.00000402 0.0001421  -0.259  58665.8 53890.6 60228.5     32   1162      1709-342
ICRF J171331.2-265852  1710-269     17 13 31.27558196  -26 58 52.5264395  0.00000121 0.0000422  -0.063  59520.3 53890.6 60742.7     42   2843      1710-269
ICRF J171350.7-322612  1710-323     17 13 50.79025019  -32 26 12.2094959  0.00000579 0.0001947  -0.522  59137.2 54028.9 60560.1     30   1013      1710-323
ICRF J171432.5-205354  1711-208     17 14 32.51303121  -20 53 54.2896760  0.00001861 0.0005167  -0.254  59093.2 57415.9 60532.9     32    745      1711-208
ICRF J171613.9+683638  1716+686     17 16 13.93798153   68 36 38.7450403  0.00001874 0.0000859  -0.472  60231.2 60106.1 60461.9      4    182      1716+686
ICRF J171736.0-334208  1714-336     17 17 36.02937396  -33 42 08.8272897  0.00000242 0.0000820  -0.133  59429.3 54657.8 60695.7     39   1800      1714-336
ICRF J171913.0+174506  1717+178  D  17 19 13.04848710   17 45 06.4372243  0.00000074 0.0000186  -0.141  59133.2 52634.7 60742.7     52   3029      1717+178
ICRF J172010.3+382556  1718+384     17 20 10.33478284   38 25 56.1643092  0.00000186 0.0000323  -0.206  59020.1 54028.9 60560.1     30   1865      1718+384
ICRF J172139.0-615443  1717-618     17 21 39.01657729  -61 54 43.0185048  0.00002438 0.0002389   0.614  58038.4 57598.3 58356.3     11     31      1717-618
ICRF J172155.9-255840  1718-259  D  17 21 55.97916084  -25 58 40.6931762  0.00000208 0.0000810  -0.381  59367.8 57371.1 60545.8     28   1709      1718-259
ICRF J172242.1+281500  1720+282     17 22 42.16158814   28 15 00.0759084  0.00000232 0.0000529  -0.331  60380.7 60106.1 60608.8      9    667      1720+282
ICRF J172244.5+101335  1720+102     17 22 44.58278202   10 13 35.7735286  0.00000189 0.0000593  -0.431  60345.1 60138.9 60693.3     12    947      1720+102
ICRF J172405.4+400436  1722+401     17 24 05.42882139   40 04 36.4569378  0.00000168 0.0000241  -0.363  60484.5 60138.9 60695.7     12   1016      1722+401
ICRF J172414.1+330303  1722+330     17 24 14.19782876   33 03 03.9387900  0.00000159 0.0000277  -0.444  60021.3 59525.9 60742.7     22   1252      1722+330
ICRF J172446.9-144359  1721-146     17 24 46.96654686  -14 43 59.7608242  0.00000401 0.0001816  -0.536  60325.8 60106.1 60461.9      6    451      1721-146
ICRF J172504.3+115215  1722+119     17 25 04.34089815   11 52 15.4715163  0.00000217 0.0000654  -0.363  58973.9 57545.3 60708.3     28   1643      1722+119
ICRF J172601.1-725959  1719-729     17 26 01.11244614  -72 59 59.9920331  0.00002376 0.0001170   0.104  58334.9 57598.3 59113.3     14     41      1719-729
ICRF J172635.1+321323  1724+322     17 26 35.12466680   32 13 23.0222814  0.00000396 0.0000588  -0.593  60296.4 60138.9 60532.9      9    524      1724+322
ICRF J172727.6+453039  1726+455     17 27 27.65080236   45 30 39.7312262  0.00000130 0.0000162  -0.064  56907.8 52409.9 60357.4     47   3368      1726+455
ICRF J172807.0+121539  1725+123     17 28 07.05121924   12 15 39.4854243  0.00000081 0.0000234  -0.232  60084.7 59525.9 60695.7     22   1768      1725+123
ICRF J172824.9+042704  1725+044  D  17 28 24.95273124   04 27 04.9138022  0.00000063 0.0000200  -0.181  59780.8 58447.5 60742.7     38   3404      1725+044
ICRF J172908.2-265750  1726-269     17 29 08.21637309  -26 57 50.7443694  0.00001188 0.0003979  -0.424  59175.9 57415.9 60491.8     47   1036      1726-269
ICRF J173302.7-130449  1730-130  D  17 33 02.70579470  -13 04 49.5481969  0.00000043 0.0000144  -0.086  59170.6 52409.9 60742.7    206  18809      NRAO530 
ICRF J173420.5+385751  1732+389     17 34 20.57853758   38 57 51.4429804  0.00000095 0.0000141  -0.110  58346.8 52409.9 60560.1     50   3478      1732+389
ICRF J173548.0+361645  1734+363     17 35 48.08661363   36 16 45.6113991  0.00000213 0.0000329  -0.274  60364.1 60106.1 60608.8      9    600      1734+363
ICRF J173713.7+062103  1734+063     17 37 13.72902250   06 21 03.5721512  0.00000137 0.0000448  -0.348  60347.8 60106.1 60532.9     11   1067      1734+063
ICRF J173719.6-592141  1732-593     17 37 19.67260681  -59 21 41.8918385  0.00001529 0.0002000   0.575  58100.1 57598.3 58356.3     10     40      1732-593
ICRF J173840.5+322409  1736+324     17 38 40.50182170   32 24 09.0255740  0.00000388 0.0000744  -0.350  60209.9 59503.1 60695.7     21   1063      1736+324
ICRF J173927.3+495503  1738+499     17 39 27.39049465   49 55 03.3682545  0.00000206 0.0000220  -0.175  59920.3 59503.1 60560.1     14   1105      1738+499
ICRF J173957.1+473758  1738+476     17 39 57.12906417   47 37 58.3614063  0.00000151 0.0000191  -0.102  58641.9 52634.7 60545.8     32   2344      1738+476
ICRF J174001.5-081114  1737-081  D  17 40 01.56620414  -08 11 14.7819810  0.00000089 0.0000339  -0.351  59528.7 58418.2 60693.3     39   2949      1737-081
ICRF J174036.9+521143  1739+522     17 40 36.97786007   52 11 43.4073368  0.00000246 0.0000213  -0.207  60110.2 59525.9 60651.7     26   1358      1739+522
ICRF J174211.6-151729  1739-152     17 42 11.66284870  -15 17 29.1584141  0.00000111 0.0000420  -0.302  59249.3 57415.9 60532.9     41   2401      1739-152
ICRF J174358.8-035004  1741-038  D  17 43 58.85613600  -03 50 04.6168309  0.00000036 0.0000123  -0.093  59278.1 52409.9 60742.7    207  18712      1741-038
ICRF J174423.5-311636  1741-312     17 44 23.57823089  -31 16 36.2929107  0.00000896 0.0003155   0.247  59487.0 54189.3 60742.7     33    985      1741-312
ICRF J174456.6+554217  1744+557     17 44 56.60705356   55 42 17.1609812  0.00000529 0.0000439   0.073  59931.0 59503.1 60695.7     16   1016      NGC6454 
ICRF J174527.1-075303  1742-078     17 45 27.10494759  -07 53 03.9482825  0.00000075 0.0000271  -0.114  58705.8 52781.5 60708.3     39   3151      1742-078
ICRF J174535.2+172001  1743+173     17 45 35.20817423   17 20 01.4236682  0.00000094 0.0000266  -0.343  59144.3 57415.9 60693.3     32   2038      1743+173
ICRF J174614.0+622654  1745+624  D  17 46 14.03410234   62 26 54.7381333  0.00000390 0.0000275  -0.060  58784.0 57371.1 60560.1     58   3387      1745+624
ICRF J174724.4-545021  1743-548     17 47 24.43513968  -54 50 21.5768883  0.00001489 0.0002234   0.616  58283.2 57598.3 59047.4     13     39      1743-548
ICRF J174726.6+465850  1746+470  D  17 47 26.64727158   46 58 50.9261895  0.00000158 0.0000196  -0.118  58712.3 52781.5 60532.9     31   2014      1746+470
ICRF J174832.8+700550  1749+701     17 48 32.84033313   70 05 50.7687470  0.00000314 0.0000149  -0.019  58607.0 53608.3 60695.7     55   3673      1749+701
ICRF J175132.8+093900  1749+096  D  17 51 32.81857508   09 39 00.7283567  0.00000035 0.0000105  -0.060  59296.2 52409.9 60742.7    213  18858      1749+096
ICRF J175151.2-252400  1748-253     17 51 51.26217410  -25 24 00.0645447  0.00010432 0.0021466   0.132  59674.6 58042.5 60742.7     35    249      1748-253
ICRF J175233.1-295644  1749-299     17 52 33.10807967  -29 56 44.9161388  0.00000776 0.0002680  -0.683  59301.3 58013.3 60461.9     23    956      1749-299
ICRF J175246.0+173420  1750+175     17 52 46.00289486   17 34 20.3499704  0.00000317 0.0000825  -0.365  60393.4 60138.9 60708.3      8    514      1750+175
ICRF J175309.0-184338  1750-187     17 53 09.08863011  -18 43 38.5227236  0.00000265 0.0001040  -0.364  59203.2 57371.1 60695.7     31   1616      1750-187
ICRF J175322.6+440945  1751+441     17 53 22.64787486   44 09 45.6861078  0.00000172 0.0000204  -0.185  59936.7 59525.9 60532.9     22   1328      1751+441
ICRF J175342.4+284804  1751+288  D  17 53 42.47364362   28 48 04.9388923  0.00000053 0.0000102  -0.022  59126.9 52634.7 60560.1    176  12060      1751+288
ICRF J175535.5+202357  1753+204  D  17 55 35.52096306   20 23 57.1373134  0.00000103 0.0000286  -0.362  59693.4 58410.3 60742.7     40   2529      1753+204
ICRF J175653.1+153520  1754+155  D  17 56 53.10213441   15 35 20.8264428  0.00000102 0.0000287  -0.240  59147.6 52781.5 60651.7     40   2776      1754+155
ICRF J180024.7+384830  1758+388  D  18 00 24.76534944   38 48 30.6973216  0.00000146 0.0000227  -0.277  59542.6 58370.3 60651.7     38   2381      1758+388
ICRF J180045.6+782804  1803+784     18 00 45.68390164   78 28 04.0183980  0.00000419 0.0000114   0.093  58092.1 52409.9 60651.7     62   5931      1803+784
ICRF J180132.3+440421  1800+440     18 01 32.31481300   44 04 21.9001839  0.00000106 0.0000145  -0.094  58713.3 52781.5 60560.1     48   3463      1800+440
ICRF J180242.6-394007  1759-396  D  18 02 42.68005897  -39 40 07.9083161  0.00000234 0.0000799   0.050  59007.0 58013.3 60545.8     45   1445      1759-396
ICRF J180541.6-380544  1802-381     18 05 41.64820196  -38 05 44.5247392  0.00000930 0.0003069  -0.790  58987.3 58013.3 60742.7     45    868      1802-381
ICRF J180650.6+694928  1807+698     18 06 50.68064489   69 49 28.1085003  0.00000401 0.0000204   0.006  59783.1 59525.9 60187.8     16   1066      3C371   
ICRF J180754.0-641350  1803-642     18 07 54.03276850  -64 13 50.1140297  0.00001776 0.0001243   0.593  58577.1 57598.3 59138.3     18     56      1803-642
ICRF J180813.8-501153  1804-502     18 08 13.83562813  -50 11 53.6123836  0.00001202 0.0002133   0.580  58520.3 57598.3 59047.4     10     36      1804-502
ICRF J180821.8+454220  1806+456     18 08 21.88589243   45 42 20.8664608  0.00000194 0.0000253  -0.053  59852.4 59503.1 60491.8     16   1111      1806+456
ICRF J180957.8-455241  1806-458  D  18 09 57.87176277  -45 52 41.0145219  0.00000419 0.0001264  -0.118  59343.2 58042.5 60651.7     51   1109      1806-458
ICRF J181003.3+564922  1809+568     18 10 03.31900630   56 49 22.9701926  0.00000886 0.0000733  -0.600  60334.6 60138.9 60560.1      8    345      1809+568
ICRF J181143.1+170457  1809+170     18 11 43.18346544   17 04 57.2575121  0.00000250 0.0000681  -0.500  60338.6 60106.1 60545.8      7    573      1809+170
ICRF J181422.7+411305  1812+412     18 14 22.70617909   41 13 05.6082224  0.00000542 0.0000639  -0.537  60296.5 60138.9 60532.9      9    313      1812+412
ICRF J181926.5+384501  1817+387     18 19 26.54735794   38 45 01.7861025  0.00000147 0.0000238  -0.102  58856.9 52781.5 60461.9     35   1778      1817+387
ICRF J181945.3-552120  1815-553  D  18 19 45.39954113  -55 21 20.7456073  0.00000894 0.0001119   0.616  58737.8 57598.3 60275.3     30     88      1815-553
ICRF J182057.8-252812  1817-254     18 20 57.84869031  -25 28 12.5838166  0.00000114 0.0000387  -0.242  59410.1 53926.0 60651.7     59   3124      1817-254
ICRF J182111.8-050220  1818-050     18 21 11.80954702  -05 02 20.0852291  0.00000242 0.0000885  -0.493  60267.5 60138.9 60491.8      9    696      1818-050
ICRF J182332.8+685752  1823+689  D  18 23 32.85390321   68 57 52.6124306  0.00000395 0.0000238   0.023  59365.4 58370.3 60608.8     55   3701      1823+689
ICRF J182402.8+104423  1821+107     18 24 02.85525501   10 44 23.7739667  0.00000065 0.0000208  -0.460  59930.2 57559.3 60742.7     83   6867      1821+107
ICRF J182407.0+565101  1823+568     18 24 07.06836532   56 51 01.4907053  0.00000172 0.0000146   0.008  58612.4 53890.6 60695.7     40   2987      1823+568
ICRF J182448.1+011934  1822+012     18 24 48.14343520   01 19 34.2016983  0.00000094 0.0000323  -0.440  59215.7 53890.6 60693.3     54   3793      1822+012
ICRF J182620.5-292424  1823-294     18 26 20.59911800  -29 24 24.9527506  0.00000183 0.0000568  -0.209  59293.8 53897.6 60560.1     29   1888      1823-294
ICRF J182819.4-212338  1825-214     18 28 19.48702770  -21 23 38.7696161  0.00000677 0.0002215  -0.582  59317.2 58013.3 60461.9     30   1303      1825-214
ICRF J182912.4-581355  1824-582     18 29 12.40238588  -58 13 55.1620384  0.00000559 0.0000657   0.492  58717.5 57598.3 60489.3     40    128      1824-582
ICRF J182931.7+484446  1828+487     18 29 31.78093956   48 44 46.1608342  0.00000741 0.0000727  -0.814  60353.4 60106.1 60545.8      4    128      3C380   
ICRF J183100.0-271406  1827-272     18 31 00.04479069  -27 14 06.1820108  0.00000431 0.0001596  -0.496  59113.9 53890.6 60695.7     36   1645      1827-272
ICRF J183141.4-480521  1827-481     18 31 41.45666713  -48 05 21.0093735  0.00001599 0.0003466   0.779  58510.7 57598.3 59194.4     11     31      1827-481
ICRF J183211.0-203948  1829-207     18 32 11.04657267  -20 39 48.2024120  0.00000154 0.0000547  -0.246  59259.6 53926.0 60560.1     33   2053      1829-207
ICRF J183220.8-103511  1829-106     18 32 20.83643572  -10 35 11.1994088  0.00000480 0.0000995   0.296  59219.0 53926.0 60545.8     40   1445      1829-106
ICRF J183250.1+283335  1830+285     18 32 50.18565072   28 33 35.9547422  0.00000260 0.0000525  -0.701  60347.5 60138.9 60532.9     11    521      1830+285
ICRF J183339.8-210340  1830-211     18 33 39.88659558  -21 03 40.5517964  0.00000320 0.0001093   0.164  60696.1 60693.3 60708.3      4    143      1830-21A
ICRF J                 1830-211     18 33 39.88660390  -21 03 40.5521019  0.00000072 0.0000242  -0.076  59930.7 53926.0 60742.7     74   4627      1830-211
ICRF J183728.7-710843  1831-711  D  18 37 28.71495350  -71 08 43.5546717  0.00001371 0.0001072   0.298  58107.5 56781.4 59264.2     14     45      1831-711
ICRF J184057.3+545215  1839+548     18 40 57.37669264   54 52 15.9103715  0.00000264 0.0000254  -0.173  58984.4 57415.9 60651.7     49   3052      1839+548
ICRF J184233.6+680925  1842+681     18 42 33.64164487   68 09 25.2276752  0.00000717 0.0000405   0.274  59605.1 59503.1 59831.3      8    422      1842+681
ICRF J184551.3-285240  1842-289     18 45 51.36829741  -28 52 40.2760439  0.00000177 0.0000673   0.045  59299.2 57371.1 60742.7     51   2957      1842-289
ICRF J184822.0+321902  1846+322  D  18 48 22.08857597   32 19 02.6036564  0.00000112 0.0000186  -0.205  59601.6 58447.5 60708.3     28   1639      1846+322
ICRF J184847.5-271818  1845-273     18 48 47.50418668  -27 18 18.0724352  0.00000152 0.0000521  -0.239  59421.9 57415.9 60545.8     39   2714      1845-273
ICRF J184916.0+670541  1849+670  D  18 49 16.07227759   67 05 41.6801908  0.00000240 0.0000139  -0.023  57877.8 52409.9 60028.4     39   3206      1849+670
ICRF J184920.1+302414  1847+303     18 49 20.10341283   30 24 14.2371209  0.00000243 0.0000534  -0.337  60348.5 60138.9 60693.3      9    555      1847+303
ICRF J185027.5+282513  1848+283     18 50 27.58981235   28 25 13.1553256  0.00000226 0.0000404  -0.364  60303.2 60106.1 60608.8      9    441      1848+283
ICRF J185228.5+485547  1851+488     18 52 28.54780333   48 55 47.4812041  0.00000164 0.0000195  -0.106  58859.4 57371.1 60742.7     37   2329      1851+488
ICRF J185230.3+401906  1850+402     18 52 30.37255825   40 19 06.6084708  0.00000762 0.0000985  -0.593  60306.1 60106.1 60491.8      7    158      1850+402
ICRF J185802.3+031316  1855+031     18 58 02.35274971   03 13 16.3008879  0.00000105 0.0000315  -0.430  58831.6 53897.6 60708.3     31   2210      1855+031
ICRF J190255.9+315941  1901+319     19 02 55.93889296   31 59 41.7018364  0.00000098 0.0000172  -0.265  58664.9 52634.7 60560.1     52   2946      3C395   
ICRF J190536.4+194308  1903+196     19 05 36.47210649   19 43 08.0449565  0.00000218 0.0000576  -0.492  59032.8 57415.9 60532.9     31   1800      1903+196
ICRF J190711.9+012708  1904+013     19 07 11.99614828   01 27 08.9615150  0.00000116 0.0000356  -0.198  59283.4 53890.6 60695.7     55   3967      1904+013
ICRF J190946.5+483431  1908+484  D  19 09 46.56270830   48 34 31.8200965  0.00000388 0.0000373  -0.156  59281.1 58370.3 60742.7     36   2085      1908+484
ICRF J191109.6-200655  1908-201  D  19 11 09.65289015  -20 06 55.1090667  0.00000066 0.0000218  -0.039  59315.3 56781.4 60651.7     94   6902      1908-201
ICRF J191158.2+161146  1909+161  D  19 11 58.25740361   16 11 46.8650345  0.00000097 0.0000274  -0.249  59450.2 58370.3 60545.8     42   2694      1909+161
ICRF J191225.1+374036  1910+375     19 12 25.12361642   37 40 36.6447763  0.00000234 0.0000381  -0.604  60517.9 60138.9 60708.3     10    632      1910+375
ICRF J191240.0-801005  1903-802     19 12 40.01909500  -80 10 05.9464161  0.00003339 0.0000815   0.138  58456.6 57714.0 60213.5     16     48      1903-802
ICRF J191413.8-463131  1910-466     19 14 13.81413495  -46 31 31.9366405  0.00002652 0.0005643   0.506  59589.3 57598.3 60028.4      8     45      1910-466
ICRF J191652.5-151900  1914-154     19 16 52.51099673  -15 19 00.0714686  0.00000121 0.0000463  -0.297  59320.8 57415.9 60693.3     43   3054      1914-154
ICRF J192327.2+475416  1922+478     19 23 27.22978756   47 54 16.8181495  0.00000332 0.0000432  -0.497  60317.2 60106.1 60545.8      6    341      1922+478
ICRF J192332.1-210433  1920-211     19 23 32.18981538  -21 04 33.3331200  0.00000084 0.0000287  -0.058  59582.7 56781.4 60608.8     41   3246      1920-211
ICRF J192439.4+154043  1922+155     19 24 39.45586840   15 40 43.9414435  0.00000110 0.0000286  -0.274  60336.6 60106.1 60708.3     10    665      1922+155
ICRF J192451.0-291430  1921-293  D  19 24 51.05596307  -29 14 30.1210332  0.00000073 0.0000201   0.012  59103.2 52409.9 60651.7    226  14194      1921-293
ICRF J192539.7-221935  1922-224     19 25 39.79019035  -22 19 35.1127959  0.00000144 0.0000571  -0.438  59174.2 58042.5 60461.9     79   4915      1922-224
ICRF J192559.6+210626  1923+210     19 25 59.60535298   21 06 26.1620197  0.00000092 0.0000215  -0.093  60123.4 59503.1 60693.3     20   1287      1923+210
ICRF J192606.3+505257  1924+507     19 26 06.32165892   50 52 57.0171479  0.00000780 0.0000785  -0.653  60286.8 60138.9 60532.9      8    371      1924+507
ICRF J192730.4+611732  1926+611     19 27 30.44258150   61 17 32.8791255  0.00000457 0.0000314  -0.477  60342.4 60106.1 60608.8      8    417      1926+611
ICRF J192748.4+735801  1928+738     19 27 48.49510060   73 58 01.5703686  0.00000528 0.0000201  -0.039  59800.6 59525.9 60260.8     16   1114      1928+738
ICRF J193006.1-605609  1925-610  D  19 30 06.16010762  -60 56 09.1841460  0.00001529 0.0001635   0.557  58474.3 57598.3 60199.3     29     57      1925-610
ICRF J193052.7+153234  1928+154     19 30 52.76698391   15 32 34.4272552  0.00000068 0.0000199  -0.222  59233.8 52781.5 60482.3     51   3455      1928+154
ICRF J193124.9+224331  1929+226  D  19 31 24.91677756   22 43 31.2584975  0.00000111 0.0000246  -0.330  58975.8 57371.1 60708.3     48   3144      1929+226
ICRF J193244.8-453637  1929-457     19 32 44.88777223  -45 36 37.9298877  0.00000435 0.0001363   0.043  59094.9 56781.4 60545.8     40    782      1929-457
ICRF J193510.4+203154  1932+204     19 35 10.47289925   20 31 54.1540523  0.00000122 0.0000304  -0.141  60319.0 60138.9 60532.9     11    794      1932+204
ICRF J193716.2-395801  1933-400     19 37 16.21737312  -39 58 01.5532258  0.00000171 0.0000564  -0.044  59766.6 56781.4 60608.8     93   3428      1933-400
ICRF J193731.4+360735  1935+360     19 37 31.43661138   36 07 35.8418326  0.00000337 0.0000833  -0.352  58977.7 57415.9 60742.7     40   1802      1935+360
ICRF J193830.6+044811  1936+046  D  19 38 30.66955084   04 48 11.6143511  0.00000108 0.0000331  -0.410  59090.1 57415.9 60651.7     34   2442      1936+046
ICRF J193926.6-152543  1936-155  D  19 39 26.65775639  -15 25 43.0586695  0.00000086 0.0000296  -0.325  59022.2 52634.7 60708.3     55   3840      1936-155
ICRF J193957.2-100241  1937-101     19 39 57.25659725  -10 02 41.5200475  0.00000154 0.0000604  -0.547  60064.7 58452.3 60742.7     85   6410      1937-101
ICRF J194719.5+124855  1944+126     19 47 19.52665036   12 48 55.4199177  0.00001424 0.0002604  -0.213  60274.7 60138.9 60693.3     12    363      1944+126
ICRF J194804.5+355620  1946+358     19 48 04.52009927   35 56 20.6712155  0.00000173 0.0000284  -0.278  59068.4 53890.6 60695.7     42   2139      1946+358
ICRF J194953.4-195713  1946-200     19 49 53.42020008  -19 57 13.3299811  0.00000140 0.0000541  -0.157  59472.9 52781.5 60742.7     31   1879      1946-200
ICRF J195147.4-050943  1949-052  D  19 51 47.46845695  -05 09 43.9626296  0.00000049 0.0000165  -0.152  59847.2 57371.1 60608.8     94   7573      1949-052
ICRF J195248.2+252653  1950+253     19 52 48.29396812   25 26 53.4838849  0.00000201 0.0000400  -0.329  60344.2 60106.1 60608.8     11    551      1950+253
ICRF J195330.8+353759  1951+355  D  19 53 30.87570581   35 37 59.3589780  0.00000165 0.0000244  -0.035  59463.3 58418.2 60491.8     40   2379      1951+355
ICRF J195441.1-112322  1951-115     19 54 41.15573044  -11 23 22.6422496  0.00000140 0.0000499  -0.330  60313.5 60106.1 60461.9      8    847      1951-115
ICRF J195542.7+513148  1954+513     19 55 42.73827096   51 31 48.5459381  0.00000183 0.0000191  -0.047  60086.1 59525.9 60695.7     20   1162      1954+513
ICRF J195659.4-322546  1953-325     19 56 59.45529329  -32 25 46.0070491  0.00000195 0.0000664  -0.222  59298.6 56781.4 60742.7     39   1877      1953-325
ICRF J195759.8-384506  1954-388  D  19 57 59.81928497  -38 45 06.3560949  0.00000121 0.0000359   0.040  59709.4 52781.5 60742.7    180   7209      1954-388
ICRF J200057.0-174857  1958-179     20 00 57.09044218  -17 48 57.6727329  0.00000056 0.0000171  -0.032  59555.3 52634.7 60651.7    129   9919      1958-179
ICRF J200142.2+332344  1959+332     20 01 42.20908008   33 23 44.7661356  0.00000258 0.0000435  -0.322  59411.2 53890.6 60693.3     38   1849      1959+332
ICRF J200153.7+241639  1959+241     20 01 53.77789870   24 16 39.9897324  0.00000315 0.0000736   0.085  59281.8 53890.6 60708.3     37   1598      1959+241
ICRF J200210.4+472528  2000+472  D  20 02 10.41825645   47 25 28.7735926  0.00000213 0.0000200  -0.276  58602.7 52781.5 60491.8     30   2018      2000+472
ICRF J200241.9+150114  2000+148  D  20 02 41.99923513   15 01 14.5739598  0.00000074 0.0000212  -0.189  59651.8 58418.2 60695.7     35   2310      2000+148
ICRF J200517.2-182203  2002-185     20 05 17.29315247  -18 22 03.3218959  0.00000272 0.0001117  -0.302  60290.0 60106.1 60545.8      6    340      2002-185
ICRF J200530.9+775243  2007+777     20 05 30.99861681   77 52 43.2475586  0.00001522 0.0000358   0.315  59651.0 59503.1 60034.6     12    651      2007+777
ICRF J200555.0-372341  2002-375  D  20 05 55.07088591  -37 23 41.4782170  0.00000397 0.0001390  -0.433  59461.1 58370.3 60560.1     49   1532      2002-375
ICRF J200617.6+642445  2005+642     20 06 17.69451450   64 24 45.4178433  0.00000435 0.0000300  -0.298  60438.8 60106.1 60608.8      8    481      2005+642
ICRF J200728.7+660722  2007+659     20 07 28.77108743   66 07 22.5354518  0.00000229 0.0000145  -0.113  58757.7 57371.1 60461.9     54   4190      2007+659
ICRF J200824.4-041829  2005-044     20 08 24.42920346  -04 18 29.2981388  0.00000176 0.0000614  -0.243  59105.7 53897.6 60695.7     36   2624      2005-044
ICRF J200957.6+354318  2008+355     20 09 57.63761970   35 43 18.0016101  0.00000137 0.0000225  -0.059  59294.4 53890.6 60742.7     31   2017      2008+355
ICRF J201049.7+332213  2008+332     20 10 49.72303090   33 22 13.8125904  0.00002056 0.0002038  -0.199  60335.0 60106.1 60708.3      9    245      2008+332
ICRF J201114.2-064403  2008-068     20 11 14.21582426  -06 44 03.5555560  0.00001958 0.0005421  -0.553  60303.7 60138.9 60708.3     12    293      OW-015  
ICRF J201115.7-154640  2008-159  D  20 11 15.71093018  -15 46 40.2537324  0.00000048 0.0000152  -0.023  59046.7 52409.9 60708.3    213  17251      2008-159
ICRF J201205.6+462855  2010+463     20 12 05.63724044   46 28 55.7784237  0.00000209 0.0000228  -0.443  60447.5 60106.1 60651.7     10    692      2010+463
ICRF J201515.1-013732  2012-017     20 15 15.15795827  -01 37 32.5602566  0.00000250 0.0000843  -0.209  60380.4 60106.1 60608.8     11    962      2012-017
ICRF J201613.8+163234  2013+163     20 16 13.86002706   16 32 34.1129150  0.00000091 0.0000244  -0.276  58841.5 52781.5 60695.7     36   2498      2013+163
ICRF J201713.0+744047  2017+745  D  20 17 13.07929574   74 40 47.9999356  0.00000446 0.0000148   0.011  59352.2 58370.3 60742.7     60   4776      2017+743
ICRF J202006.5+294214  2018+295     20 20 06.56361936   29 42 14.1862767  0.00000156 0.0000357  -0.244  59022.3 53890.6 60545.8     28   1830      2018+295
ICRF J202206.6+613658  2021+614     20 22 06.68175044   61 36 58.8050317  0.00000494 0.0000333  -0.476  60392.6 60138.9 60608.8     10    610      2021+614
ICRF J202319.0+315302  2021+317     20 23 19.01733921   31 53 02.3061385  0.00000109 0.0000178  -0.187  59104.3 52634.7 60532.9     49   2651      2021+317
ICRF J202323.1+222352  2021+222     20 23 23.16023336   22 23 52.5251390  0.00000361 0.0000876  -0.557  59192.3 57371.1 60695.7     43   1905      2021+222
ICRF J202355.8+542735  2022+542     20 23 55.84400978   54 27 35.8287022  0.00000434 0.0000489  -0.642  60330.9 60138.9 60545.8      6    317      2022+542
ICRF J202456.5+171813  2022+171     20 24 56.56344324   17 18 13.1972810  0.00000172 0.0000438  -0.505  60362.0 60138.9 60742.7     13    782      2022+171
ICRF J202510.8+334300  2023+335     20 25 10.84211661   33 43 00.2142106  0.00000095 0.0000151  -0.107  59108.2 53890.6 60651.7     40   2348      2023+336
ICRF J202540.6-073552  2022-077  D  20 25 40.66040417  -07 35 52.6889406  0.00000062 0.0000215  -0.148  59228.4 57371.1 60461.9     50   4317      2022-077
ICRF J203022.4-050312  2027-052     20 30 22.42838844  -05 03 12.7767382  0.00000296 0.0001044  -0.557  60354.1 60138.9 60532.9     11    812      2027-052
ICRF J203147.2+023937  2029+024     20 31 47.25111129   02 39 37.2835545  0.00000106 0.0000328  -0.292  59378.5 53890.6 60742.7     48   3910      2029+024
ICRF J203147.9+545503  2030+547     20 31 47.95854985   54 55 03.1381649  0.00001186 0.0001325  -0.717  60263.1 60106.1 60461.9      6    237      2030+547
ICRF J203154.9+121941  2029+121  D  20 31 54.99426317   12 19 41.3400834  0.00000055 0.0000155  -0.076  59672.8 52781.5 60708.3     95   6346      2029+121
ICRF J203548.8-684633  2030-689     20 35 48.87648446  -68 46 33.8410428  0.00001798 0.0001285   0.333  58597.0 57598.3 59194.4     20     48      2030-689
ICRF J203640.7-062903  2034-066     20 36 40.70894565  -06 29 03.8481407  0.00000625 0.0001894  -0.478  60318.4 60106.1 60693.3     10    448      2034-066
ICRF J203651.1-214636  2033-219     20 36 51.17272083  -21 46 36.7505367  0.00000375 0.0001692  -0.699  58980.3 57415.9 60491.8     48   1914      2033-219
ICRF J203837.0+511912  2037+511     20 38 37.03471789   51 19 12.6623916  0.00000097 0.0000089  -0.128  59109.6 52634.7 60742.7    160  10564      3C418   
ICRF J203900.7-104641  2036-109     20 39 00.71042741  -10 46 41.8629952  0.00000147 0.0000532  -0.384  59237.9 58013.3 60695.7     39   2793      2036-109
ICRF J203909.9-031714  2036-034     20 39 09.98490016  -03 17 14.4173410  0.00000464 0.0001618  -0.297  59675.4 58410.3 60651.7     35   1826      2036-034
ICRF J203934.8+215209  2037+216  D  20 39 34.80830805   21 52 09.6825535  0.00000100 0.0000251  -0.353  59525.2 58370.3 60651.7     35   2687      2037+216
ICRF J204008.7-250746  2037-253  D  20 40 08.77294341  -25 07 46.6636439  0.00000177 0.0000621  -0.385  59725.2 58370.3 60608.8     32   2182      2037-253
ICRF J204048.3+452717  2039+452     20 40 48.33311485   45 27 17.1458482  0.00000486 0.0000559  -0.401  58878.4 54028.9 60742.7     35   2028      2039+452
ICRF J205002.2+361952  2048+361     20 50 02.28454309   36 19 52.5021557  0.00000116 0.0000164  -0.252  58883.2 53890.6 60560.1     48   2516      2048+361
ICRF J205024.6-262818  2047-266     20 50 24.69384089  -26 28 18.0576242  0.00000187 0.0000665  -0.240  59089.6 57371.1 60545.8     30   2046      2047-266
ICRF J205051.1+312727  2048+312     20 50 51.13146118   31 27 27.3737162  0.00000211 0.0000325  -0.110  58781.3 53608.3 60482.3     39   1846      CL4     
ICRF J205252.0+363535  2050+364     20 52 52.05513460   36 35 35.2994395  0.00001311 0.0001612  -0.419  60385.3 60138.9 60695.7     10    352      2050+364
ICRF J205422.0-201616  2051-204     20 54 22.07245693  -20 16 16.8195371  0.00000147 0.0000558  -0.226  59496.4 57371.1 60608.8     52   3198      2051-204
ICRF J205429.5+240733  2052+239     20 54 29.53307869   24 07 33.7651796  0.00000506 0.0000977  -0.386  58971.3 57415.9 60742.7     26   1329      2052+239
ICRF J205616.3-471447  2052-474  D  20 56 16.35982187  -47 14 47.6278200  0.00000661 0.0001756   0.564  58240.7 56781.4 60275.3     14     49      2052-474
ICRF J205741.6-373402  2054-377     20 57 41.60349643  -37 34 02.9904223  0.00000319 0.0000940  -0.257  59258.7 52781.5 60651.7     43   1356      2054-377
ICRF J210101.6-293327  2058-297     21 01 01.65999589  -29 33 27.8368413  0.00000132 0.0000467  -0.046  59412.3 56781.4 60695.7     57   3092      2058-297
ICRF J210138.8+034131  2059+034  D  21 01 38.83415108   03 41 31.3208542  0.00000041 0.0000127  -0.105  59726.9 53890.6 60608.8    102   8361      2059+034
ICRF J210217.0+470216  2100+468     21 02 17.05600622   47 02 16.2532116  0.00000326 0.0000367  -0.179  59149.5 53890.6 60742.7     38   2352      2100+468
ICRF J210544.9-782534  2059-786     21 05 44.96148333  -78 25 34.5470267  0.00003364 0.0000933   0.086  58773.9 57598.3 60305.3     16     47      2059-786
ICRF J210610.8+213535  2103+213     21 06 10.81817691   21 35 35.9963549  0.00000171 0.0000419  -0.421  59100.5 57559.3 60693.3     29   1745      2103+213
ICRF J210637.5+552041  2105+551     21 06 37.53887098   55 20 41.7159884  0.00000380 0.0000348  -0.265  58712.1 54028.9 60608.8     26   1687      2105+551
ICRF J210841.0+143027  2106+143     21 08 41.03214015   14 30 27.0125766  0.00000096 0.0000280  -0.303  59175.4 57415.9 60708.3     43   2898      2106+143
ICRF J210933.1-411020  2106-413     21 09 33.18860486  -41 10 20.6055634  0.00000268 0.0000861  -0.079  59032.8 52781.5 60461.9     97   2365      2106-413
ICRF J211329.4+401251  2111+400     21 13 29.48620398   40 12 51.3874268  0.00003468 0.0004290  -0.059  59380.8 58418.2 60695.7     28    494      2111+400
ICRF J211401.1+820448  2116+818     21 14 01.17105970   82 04 48.3403405  0.00001027 0.0000236  -0.148  58793.8 54028.9 60742.7     68   5849      2116+818
ICRF J211432.8+463439  2112+463     21 14 32.87565374   46 34 39.3016894  0.00000250 0.0000358  -0.373  59137.6 53897.6 60651.7     41   2382      2112+463
ICRF J211518.4-141643  2112-144     21 15 18.43556289  -14 16 43.3723061  0.00000085 0.0000309  -0.438  59181.7 57371.1 60560.1     90   7761      2112-144
ICRF J211529.4+293338  2113+293  D  21 15 29.41344105   29 33 38.3668042  0.00000091 0.0000176  -0.128  58696.7 52634.7 60608.8     41   2440      2113+293
ICRF J211630.8-805355  2109-811     21 16 30.84573402  -80 53 55.2234219  0.00004963 0.0001104  -0.034  58133.6 57598.3 60228.5     13     32      2109-811
ICRF J211843.2-063617  2116-068     21 18 43.24216611  -06 36 17.9991642  0.00000161 0.0000612  -0.359  59010.3 57415.9 60461.9     35   2878      2116-068
ICRF J212031.7+443434  2118+443     21 20 31.77426947   44 34 34.2627389  0.00000209 0.0000242  -0.280  58872.7 53890.6 60695.7     33   2390      2118+443
ICRF J212305.3+550027  2121+547  D  21 23 05.31343348   55 00 27.3251944  0.00000195 0.0000203  -0.294  58842.9 53890.6 60742.7     44   3403      2121+547
ICRF J212313.3+100754  2120+099     21 23 13.35848052   10 07 54.9452287  0.00000263 0.0000745  -0.368  60352.0 60106.1 60532.9      9    802      2120+099
ICRF J212344.5+053522  2121+053     21 23 44.51739987   05 35 22.0929675  0.00000039 0.0000120  -0.080  59358.9 52409.9 60608.8    130  10518      2121+053
ICRF J212348.5-304605  2120-309     21 23 48.59954517  -30 46 05.4385808  0.00000331 0.0001152  -0.170  59314.7 58013.3 60560.1     33   1554      2120-309
ICRF J212630.7-460547  2123-463     21 26 30.70427359  -46 05 47.8917634  0.00000742 0.0001697  -0.046  60040.1 57598.3 60742.7     47    465      2123-463
ICRF J212912.1-153841  2126-158     21 29 12.17589105  -15 38 41.0416935  0.00000073 0.0000252   0.015  59809.8 52634.7 60742.7     98   7678      2126-158
ICRF J213019.0-092737  2127-096     21 30 19.08825620  -09 27 37.4353345  0.00000119 0.0000417  -0.120  60108.6 59503.1 60695.7     20   1568      2127-096
ICRF J213032.8+050217  2128+048     21 30 32.87743443   05 02 17.4737715  0.00001261 0.0002540  -0.196  60319.8 60106.1 60693.3      9    358      2128+048
ICRF J213135.2-120704  2128-123     21 31 35.26177024  -12 07 04.7959136  0.00000046 0.0000149   0.019  59396.4 52781.5 60742.7    182  16565      2128-123
ICRF J213410.3-015317  2131-021     21 34 10.30958865  -01 53 17.2390247  0.00000037 0.0000122  -0.032  59208.5 52409.9 60608.8    187  16980      2131-021
ICRF J213638.5+004154  2134+004     21 36 38.58637623   00 41 54.2125093  0.00000043 0.0000141  -0.158  59859.6 57371.1 60651.7     86   8394      2134+00 
ICRF J213700.9+510136  2135+508     21 37 00.98615810   51 01 36.1290148  0.00000181 0.0000214  -0.165  58566.1 53890.6 60560.1     25   1771      2135+508
ICRF J213837.1-243954  2135-248     21 38 37.18108162  -24 39 54.4662395  0.00000530 0.0001779  -0.280  60288.5 60106.1 60545.8      9    570      2135-248
ICRF J213901.3+142335  2136+141     21 39 01.30926340   14 23 35.9921702  0.00000074 0.0000207  -0.295  57034.8 52409.9 60695.7     38   2771      2136+141
ICRF J214230.9-244438  2139-249     21 42 30.95905415  -24 44 38.8322185  0.00000391 0.0001238  -0.616  59324.8 56781.4 60742.7     51   2517      2139-249
ICRF J214335.5+174348  2141+175     21 43 35.54456317   17 43 48.7873929  0.00000100 0.0000272  -0.289  60083.5 59525.9 60651.7     23   1891      2141+175
ICRF J214518.7+111527  2142+110  D  21 45 18.77506256   11 15 27.3122394  0.00000097 0.0000303  -0.463  59678.1 58447.5 60693.3     35   2673      2142+110
ICRF J214605.7-293511  2143-298     21 46 05.75218220  -29 35 11.4111498  0.00000468 0.0001857  -0.550  58973.1 58013.3 60560.1     27   1004      2143-298
ICRF J214622.9-152543  2143-156  D  21 46 22.97933135  -15 25 43.8857168  0.00000063 0.0000224  -0.137  58986.2 53608.3 60545.8     94   7469      2143-156
ICRF J214710.1+092946  2144+092     21 47 10.16296653   09 29 46.6721274  0.00000062 0.0000186  -0.236  59627.3 57371.1 60695.7     46   4156      2144+092
ICRF J214712.7-753613  2142-758  D  21 47 12.73067977  -75 36 13.2248086  0.00005568 0.0001704   0.446  58612.5 56781.4 59264.2     13     24      2142-758
ICRF J214805.4+065738  2145+067     21 48 05.45866222   06 57 38.6039450  0.00000034 0.0000106  -0.055  59263.3 52409.9 60608.8    200  18668      2145+067
ICRF J214816.0+610705  2146+608     21 48 16.04221048   61 07 05.7933419  0.00003358 0.0002579   0.005  60473.1 60138.9 60742.7      8    161      2146+608
ICRF J214836.8-172344  2145-176     21 48 36.80082983  -17 23 44.0146874  0.00000327 0.0001194  -0.398  60397.0 60138.9 60608.8      9    727      2145-176
ICRF J215013.3-680250  2146-682     21 50 13.39054243  -68 02 50.4086497  0.00006068 0.0003140   0.387  58231.6 57598.3 60213.5      8     12      2146-682
ICRF J215131.4+070926  2149+069     21 51 31.42924973   07 09 26.7834845  0.00000134 0.0000413  -0.442  60288.2 60138.9 60560.1     11    779      2149+069
ICRF J215137.8+055212  2149+056  D  21 51 37.87548989   05 52 12.9543635  0.00000243 0.0000555  -0.180  59509.0 58418.2 60545.8     36   2334      2149+056
ICRF J215155.5-302753  2149-307     21 51 55.52397246  -30 27 53.6977997  0.00000141 0.0000471  -0.087  59636.3 56781.4 60695.7     49   2848      2149-306
ICRF J215224.8+173437  2150+173     21 52 24.81939020   17 34 37.7949419  0.00000112 0.0000244  -0.338  59198.2 52634.7 60742.7     61   4299      2150+173
ICRF J215440.9+172750  2152+172     21 54 40.90046129   17 27 50.7939041  0.00000294 0.0000626   0.120  60370.4 60138.9 60608.8      8    517      2152+172
ICRF J215506.4+225022  2152+226     21 55 06.45849882   22 50 22.2811848  0.00000208 0.0000531  -0.386  60366.8 60106.1 60708.3      8    749      2152+226
ICRF J215728.8+312701  2155+312  D  21 57 28.82387419   31 27 01.3516718  0.00000110 0.0000183  -0.131  59433.1 58370.3 60560.1     34   2216      2155+312
ICRF J215806.2-150109  2155-152     21 58 06.28188822  -15 01 09.3283337  0.00000081 0.0000278  -0.066  60078.6 59525.9 60651.7     24   2251      2155-152
ICRF J215852.0-301332  2155-304  D  21 58 52.06513960  -30 13 32.1183703  0.00000259 0.0000920  -0.311  59625.3 58418.2 60695.7     38   1847      2155-304
ICRF J220143.5+504856  2159+505     22 01 43.53724626   50 48 56.3890631  0.00000162 0.0000173  -0.315  59203.0 53890.6 60742.7     28   2061      2159+505
ICRF J220243.2+421639  2200+420     22 02 43.29135954   42 16 39.9798947  0.00000073 0.0000095  -0.193  58970.0 52634.7 60742.7    177  11296      VR422201
ICRF J220314.9+314538  2201+315     22 03 14.97576265   31 45 38.2697355  0.00000096 0.0000163  -0.206  59009.9 53890.6 60461.9     36   2117      2201+315
ICRF J220326.8+172548  2201+171     22 03 26.89368011   17 25 48.2476410  0.00000079 0.0000203  -0.116  58829.3 52781.5 60693.3     34   2413      2201+171
ICRF J220643.2-003102  2204-007     22 06 43.28260596  -00 31 02.4952146  0.00000074 0.0000259  -0.260  59347.9 57415.9 60491.8     39   3329      2204-007
ICRF J220743.7-534633  2204-540     22 07 43.73331001  -53 46 33.8199365  0.00000571 0.0000992   0.520  58758.9 57598.3 60305.3     38    113      2204-540
ICRF J220752.8+165217  2205+166     22 07 52.86567399   16 52 17.8153653  0.00000233 0.0000565  -0.377  60295.2 60106.1 60560.1      9    540      2205+166
ICRF J220755.2-000215  2205-002     22 07 55.24708684  -00 02 15.0862525  0.00000351 0.0001195  -0.255  59277.2 58370.3 60695.7     39   2322      2205-002
ICRF J221124.0-132809  2208-137     22 11 24.09945214  -13 28 09.7240250  0.00000058 0.0000205  -0.114  59289.7 57371.1 60742.7     88   8126      2208-137
ICRF J221201.5+081916  2209+080     22 12 01.58929596   08 19 16.5098116  0.00000154 0.0000468  -0.321  60405.4 60138.9 60608.8     11    912      2209+080
ICRF J221205.9+235540  2209+236  D  22 12 05.96631121   23 55 40.5436767  0.00000078 0.0000190  -0.176  59126.8 52781.5 60461.9     25   2110      2209+236
ICRF J221250.8+064608  2210+065     22 12 50.83929229   06 46 08.7405861  0.00000262 0.0000803  -0.558  60357.6 60138.9 60708.3      9    648      2210+065
ICRF J221302.4-252930  2210-257  D  22 13 02.49799035  -25 29 30.0806122  0.00000198 0.0000723  -0.254  59523.8 58418.2 60491.8     26   1823      2210-257
ICRF J221405.6+373909  2211+374     22 14 05.69485445   37 39 09.1961881  0.00000453 0.0000564  -0.222  59269.7 53897.6 60695.7     32   1518      2211+374
ICRF J221408.8+071142  2211+069     22 14 08.86159654   07 11 42.3922926  0.00000161 0.0000478  -0.314  60395.3 60106.1 60742.7     11    674      2211+069
ICRF J221620.0+351814  2214+350  D  22 16 20.00989339   35 18 14.1800805  0.00000163 0.0000316  -0.172  59183.3 52781.5 60708.3     42   2164      2214+350
ICRF J221717.5+315649  2215+316     22 17 17.57638085   31 56 49.9953932  0.00000618 0.0001498   0.077  60284.6 60106.1 60693.3     10    345      2215+316
ICRF J221810.9+152035  2215+150  D  22 18 10.91389904   15 20 35.7174302  0.00000061 0.0000168  -0.261  60090.8 58447.5 60651.7     72   6112      2215+150
ICRF J221852.0-033536  2216-038  D  22 18 52.03772900  -03 35 36.8792076  0.00000071 0.0000245  -0.000  59539.9 58465.4 60491.8     20   1967      2216-038
ICRF J222252.9+121349  2220+119     22 22 52.98901207   12 13 49.8085613  0.00000171 0.0000436  -0.407  60391.0 60106.1 60708.3     15    810      2220+119
ICRF J222305.9-345547  2220-351  D  22 23 05.93057079  -34 55 47.1777263  0.00000368 0.0001369  -0.193  59363.3 58447.5 60742.7     25    960      2220-351
ICRF J222543.7-111340  2223-114     22 25 43.71839445  -11 13 40.6983495  0.00000413 0.0001552  -0.561  59238.7 57371.1 60532.9     73   2586      2223-114
ICRF J222547.2-045701  2223-052     22 25 47.25929553  -04 57 01.3909594  0.00000046 0.0000154  -0.074  59869.8 57371.1 60708.3     91   7988      3C446   
ICRF J222940.0-083254  2227-088  D  22 29 40.08433443  -08 32 54.4357029  0.00000039 0.0000135   0.034  59180.7 52409.9 60742.7    199  17752      2227-088
ICRF J223036.4+694628  2229+695  D  22 30 36.46970028   69 46 28.0768216  0.00000355 0.0000179   0.014  58729.9 57371.1 60545.8     39   2959      2229+695
ICRF J223040.2-394252  2227-399     22 30 40.27856933  -39 42 52.0666309  0.00000278 0.0000940   0.042  59479.3 58013.3 60651.7     38   1309      2227-399
ICRF J223117.0+592200  2229+591     22 31 17.07548457   59 22 00.8471746  0.00000215 0.0000173  -0.173  58800.4 53890.6 60695.7     29   2225      2229+591
ICRF J223222.5-165901  2229-172     22 32 22.56457513  -16 59 01.8923386  0.00000471 0.0001849  -0.574  60183.0 60138.9 60431.3      5    395      2229-172
ICRF J223236.4+114350  2230+114     22 32 36.40889620   11 43 50.9039819  0.00000045 0.0000128  -0.124  60066.0 53890.6 60742.7     72   5830      CTA102  
ICRF J223513.2-483558  2232-488  D  22 35 13.23657465  -48 35 58.7947672  0.00000520 0.0000940   0.647  58517.9 57598.3 59236.2     34    118      2232-488
ICRF J223609.5-170621  2233-173     22 36 09.52277431  -17 06 21.9732298  0.00000171 0.0000639  -0.204  60388.3 60106.1 60742.7     11   1009      2233-173
ICRF J223622.4+282857  2234+282     22 36 22.47082088   28 28 57.4128782  0.00000082 0.0000167  -0.178  59021.5 53890.6 60651.7     30   2185      2234+282
ICRF J223626.2-230926  2233-234     22 36 26.23871746  -23 09 26.5974349  0.00000199 0.0000758  -0.305  59356.9 57415.9 60608.8     45   2231      2233-234
ICRF J223634.0-143322  2233-148     22 36 34.08715739  -14 33 22.1897836  0.00000080 0.0000281  -0.156  59699.4 57415.9 60695.7     38   3269      2233-148
ICRF J223638.5+732252  2235+731     22 36 38.59694057   73 22 52.6620830  0.00000783 0.0000360   0.022  59757.6 59525.9 60147.4     18   1040      2235+731
ICRF J223834.6+124250  2236+124     22 38 34.60483462   12 42 50.7818673  0.00000473 0.0001380  -0.519  60299.3 60138.9 60545.8      8    584      2236+124
ICRF J223912.0-570100  2236-572  D  22 39 12.07591423  -57 01 00.8400986  0.00002860 0.0003797   0.728  59246.4 59236.2 59264.2      2     11      2236-572
ICRF J224149.7+095352  2239+096     22 41 49.71731044   09 53 52.4448737  0.00000083 0.0000251  -0.178  58780.5 52781.5 60560.1     36   2650      2239+096
ICRF J224528.2+032408  2242+031     22 45 28.28474132   03 24 08.8636109  0.00001379 0.0003823  -0.403  60293.8 60106.1 60693.3     10    250      2242+031
ICRF J224618.2-120651  2243-123     22 46 18.23197577  -12 06 51.2781193  0.00000079 0.0000285  -0.161  60099.9 59503.1 60695.7     29   2325      2243-123
ICRF J224703.9-365746  2244-372  D  22 47 03.91734843  -36 57 46.3040279  0.00000139 0.0000452  -0.020  59539.6 56781.4 60608.8    150   5471      2244-372
ICRF J224752.6-123719  2245-128     22 47 52.64104528  -12 37 19.7215298  0.00000232 0.0000815  -0.493  59385.3 57415.9 60742.7     20   1615      2245-128
ICRF J224838.6-323552  2245-328  D  22 48 38.68575291  -32 35 52.1884245  0.00000100 0.0000306   0.085  59560.9 57371.1 60742.7    152   7489      2245-328
ICRF J225042.8+555014  2248+555     22 50 42.85101209   55 50 14.5812549  0.00000206 0.0000205  -0.232  59177.3 53890.6 60651.7     31   2085      2248+555
ICRF J225307.3+194234  2250+190  D  22 53 07.36916013   19 42 34.6284101  0.00000255 0.0000616  -0.449  59661.5 58475.2 60708.3     40   2215      2250+194
ICRF J225357.7+160853  2251+158     22 53 57.74794971   16 08 53.5609739  0.00000039 0.0000108  -0.091  59230.1 53608.3 60608.8    175  14075      3C454.3 
ICRF J225409.3+244523  2251+244     22 54 09.34191942   24 45 23.4237094  0.00000315 0.0000723  -0.545  60305.8 60138.9 60532.9     11    648      2251+244
ICRF J225436.6-413940  2251-419     22 54 36.69749648  -41 39 40.2542381  0.00000426 0.0001343  -0.130  59224.7 58013.3 60742.7     41   1035      2251-419
ICRF J225504.2-084404  2252-090     22 55 04.23979783  -08 44 04.0217655  0.00000143 0.0000484  -0.319  59207.2 57371.1 60608.8     33   2881      2252-089
ICRF J225536.7+420252  2253+417     22 55 36.70783124   42 02 52.5325166  0.00000161 0.0000226  -0.190  59004.0 57415.9 60461.9     30   1758      2253+417
ICRF J225717.3+074312  2254+074  D  22 57 17.30311487   07 43 12.3024443  0.00000068 0.0000201  -0.099  59274.1 57559.3 60651.7     52   3905      2254+074
ICRF J225717.5+024317  2254+024     22 57 17.56309969   02 43 17.5114031  0.00000082 0.0000267  -0.234  59021.9 52781.5 60491.8     34   2507      2254+024
ICRF J225805.9-275821  2255-282     22 58 05.96288493  -27 58 21.2567273  0.00000068 0.0000200   0.120  59162.6 52409.9 60742.7    225  15321      2255-282
ICRF J225857.9+571906  2256+570     22 58 57.94123197   57 19 06.4635913  0.00000377 0.0000307  -0.059  59231.3 53897.6 60695.7     40   2914      2256+570
ICRF J225900.6-081103  2256-084     22 59 00.68885317  -08 11 03.0462257  0.00000636 0.0002180  -0.582  59159.6 57415.9 60693.3     21   1036      2256-084
ICRF J230042.9+165514  2258+166     23 00 42.99111235   16 55 14.3913926  0.00000201 0.0000465  -0.371  60403.1 60106.1 60693.3     11    906      2258+166
ICRF J230153.4+060912  2259+058     23 01 53.46115323   06 09 12.8204809  0.00000248 0.0000954  -0.539  60220.3 60106.1 60693.3      7    524      2259+058
ICRF J230436.4+233107  2302+232     23 04 36.43640014   23 31 07.6110967  0.00000105 0.0000262  -0.307  60418.7 60138.9 60708.3     10    893      2302+232
ICRF J230615.3-045948  2303-052     23 06 15.31708952  -04 59 48.2850483  0.00000242 0.0000869  -0.491  60312.6 60106.1 60693.3      8    717      2303-052
ICRF J230738.6-224752  2304-230     23 07 38.65487323  -22 47 52.9947633  0.00000882 0.0003184  -0.547  60355.8 60138.9 60560.1     10    340      2304-230
ICRF J230844.1+094626  2306+095     23 08 44.17160605   09 46 26.1109901  0.00000118 0.0000361  -0.467  59511.5 52781.5 60742.7     44   3405      2306+095
ICRF J231028.5+105530  2307+106     23 10 28.51774781   10 55 30.6965044  0.00000148 0.0000432  -0.366  60083.4 59503.1 60708.3     33   2518      2307+106
ICRF J231147.4+454356  2309+454     23 11 47.40896299   45 43 56.0164588  0.00000168 0.0000201  -0.310  58404.0 52781.5 60461.9     48   2965      2309+454
ICRF J231544.3-501839  2312-505     23 15 44.33036368  -50 18 39.7044965  0.00001034 0.0002381   0.537  58154.7 57598.3 60260.2     11     32      2312-505
ICRF J231811.3-165929  2315-172     23 18 11.36139442  -16 59 29.1888375  0.00000169 0.0000637  -0.448  59347.2 57415.9 60491.8     51   3225      2315-172
ICRF J231833.9+240439  2316+238     23 18 33.96783953   24 04 39.7493666  0.00000170 0.0000433  -0.405  59000.0 57371.1 60545.8     38   2713      2316+238
ICRF J232044.8+051349  2318+049  D  23 20 44.85659832   05 13 49.9524204  0.00000067 0.0000209  -0.240  58676.1 52409.9 60695.7     54   4678      2318+049
ICRF J232154.9+320407  2319+317  D  23 21 54.95597777   32 04 07.6225420  0.00000116 0.0000207  -0.294  59406.0 58370.3 60742.7     33   2033      2319+317
ICRF J232159.8+273246  2319+272     23 21 59.86222226   27 32 46.4436590  0.00000071 0.0000150  -0.254  59137.6 54028.9 60532.9     54   4096      2319+272
ICRF J232220.3+444542  2319+444  D  23 22 20.35807273   44 45 42.3535814  0.00000162 0.0000207  -0.294  59440.3 58370.3 60461.9     38   2496      2319+444
ICRF J232225.9+505751  2320+506     23 22 25.98217093   50 57 51.9636896  0.00000160 0.0000201  -0.127  59874.1 59525.9 60545.8     18   1186      2320+506
ICRF J232236.0+081201  2320+079     23 22 36.08947458   08 12 01.5931427  0.00000250 0.0000791  -0.433  60292.7 60138.9 60491.8      8    764      2320+079
ICRF J232331.9-031705  2320-035     23 23 31.95375120  -03 17 05.0239189  0.00000047 0.0000163  -0.094  59797.6 57415.9 60695.7     82   6892      2320-035
ICRF J232652.8+150739  2324+148     23 26 52.89168786   15 07 39.7124650  0.00000157 0.0000407  -0.427  59255.7 54028.9 60742.7     47   3673      2324+148
ICRF J232733.5+094009  2325+093     23 27 33.58054701   09 40 09.4625671  0.00000062 0.0000189  -0.133  58477.8 52781.5 60608.8     40   3104      2325+093
ICRF J232735.9+153309  2325+152     23 27 35.98487822   15 33 09.5748503  0.00000370 0.0001036  -0.464  60294.7 60138.9 60461.9      9    641      2325+152
ICRF J232747.9-144755  2325-150     23 27 47.96431818  -14 47 55.7499768  0.00000236 0.0000787   0.191  59442.1 58447.5 60651.7     22   1591      2325-150
ICRF J232917.7-473019  2326-477     23 29 17.70437082  -47 30 19.1148872  0.00000702 0.0001504   0.706  58487.7 56781.4 60260.2     14     43      2326-477
ICRF J232920.8-495540  2326-502     23 29 20.88178102  -49 55 40.6547546  0.00001348 0.0002931   0.678  58492.9 57598.3 60213.5     10     31      2326-502
ICRF J233040.8+110018  2328+107     23 30 40.85224846   11 00 18.7095653  0.00000072 0.0000224  -0.394  59075.6 54028.9 60491.8     57   4463      2328+107
ICRF J233355.2-234340  2331-240  D  23 33 55.23783298  -23 43 40.6583235  0.00000071 0.0000233  -0.103  59788.6 57371.1 60608.8    116   8203      2331-240
ICRF J233412.8+073627  2331+073     23 34 12.82814731   07 36 27.5511164  0.00000061 0.0000181  -0.124  59072.9 53890.6 60545.8     59   4957      2331+073
ICRF J233756.6-175220  2335-181     23 37 56.62776643  -17 52 20.4102201  0.00000244 0.0000856  -0.279  60199.4 60106.1 60431.3      5    344      2335-181
ICRF J233757.3-023057  2335-027  D  23 37 57.33907794  -02 30 57.6293077  0.00000068 0.0000233  -0.108  58968.8 52781.5 60560.1     52   4317      2335-027
ICRF J233921.1+601011  2336+598  D  23 39 21.12518422   60 10 11.8495432  0.00000243 0.0000193  -0.167  58956.7 53890.6 60695.7     54   3784      2336+598
ICRF J234625.6+800755  2344+798     23 46 25.60898547   80 07 55.2395379  0.00000565 0.0000159  -0.069  58810.3 53890.6 60742.7     56   4689      2344+798
ICRF J234636.8+093045  2344+092     23 46 36.83855494   09 30 45.5149581  0.00000058 0.0000177  -0.118  59018.5 52781.5 60693.3     47   4096      2344+09A
ICRF J234719.8-511036  2344-514     23 47 19.86411749  -51 10 36.0653773  0.00001180 0.0001757   0.673  58764.8 57598.3 60489.3     32     75      2344-514
ICRF J234802.6-163112  2345-167     23 48 02.60850802  -16 31 12.0222573  0.00000142 0.0000457  -0.048  60299.4 60138.9 60560.1      8    688      2345-167
ICRF J234811.7-042556  2345-047     23 48 11.75775489  -04 25 56.3822679  0.00000327 0.0001097  -0.489  60244.0 60138.9 60708.3      9    523      2345-047
ICRF J234831.7+062459  2345+061     23 48 31.77066385   06 24 59.7818209  0.00000417 0.0001668  -0.460  58682.2 57371.1 60708.3     28   1363      2345+061
ICRF J234920.8+384917  2346+385     23 49 20.82652863   38 49 17.5584453  0.00000113 0.0000169  -0.253  58875.8 52781.5 60695.7     49   2809      2346+385
ICRF J235002.0+110636  2347+108     23 50 02.03094468   11 06 36.7064802  0.00000197 0.0000592  -0.122  60262.3 60106.1 60461.9      7    509      2347+108
ICRF J235421.6+455304  2351+456     23 54 21.68022881   45 53 04.2365817  0.00000162 0.0000196  -0.370  58899.0 53890.6 60651.7     49   3075      2351+456
ICRF J235430.1-151311  2351-154     23 54 30.19517573  -15 13 11.2130580  0.00000127 0.0000439  -0.268  59283.8 57371.1 60491.8     34   2465      2351-154
ICRF J235600.6-682003  2353-686     23 56 00.68146953  -68 20 03.4729214  0.00006741 0.0004416   0.375  59103.1 58837.0 59236.2      2      6      2353-686
ICRF J235622.7+815252  2353+816  D  23 56 22.79385890   81 52 52.2551942  0.00000680 0.0000151  -0.055  58105.3 52781.5 60260.8     53   5460      2353+816
ICRF J235725.1-015215  2354-021     23 57 25.13793134  -01 52 15.5094079  0.00000131 0.0000436  -0.271  59279.8 57371.1 60532.9     39   3021      2354-021
ICRF J235753.2-531113  2355-534  D  23 57 53.26607849  -53 11 13.6896041  0.00000560 0.0000841   0.603  58919.1 56781.4 60489.3     42    135      2355-534
ICRF J235810.8-102008  2355-106  D  23 58 10.88240101  -10 20 08.6115152  0.00000070 0.0000247  -0.144  59221.0 52781.5 60695.7     57   4572      2355-106
ICRF J235933.1+385042  2356+385  D  23 59 33.18078442   38 50 42.3183225  0.00000210 0.0000322  -0.494  59712.1 58418.2 60742.7     30   1639      2356+385
ICRF J235935.4-313343  2357-318     23 59 35.49153708  -31 33 43.8244340  0.00000189 0.0000654  -0.458  59199.3 52781.5 60651.7     92   4553      2357-318
