Created on 16.08.2025 at 15:57:24 local time




---------------------------------------------------------------------------------------------------------------------------------------------------
ICRF  Designation     IERS Des. Inf. Right Ascension   Declination         Uncertainty            Corr.   Mean     First    Last      Nb     Nb     IVS name
                                         J2000.0         J2000.0           R.A.      Dec.         RA-Dc   MJD      MJD      MJD       sess.  obs.       
                                      h  m  s           o  m  as           s         as                   of observation span               
---------------------------------------------------------------------------------------------------------------------------------------------------
ICRF J000019.2+024814  2357+025     00 00 19.28243921   02 48 14.6910140  0.00000941 0.0002970  -0.199  59363.5 58510.3 60259.3      6    357      2357+025
ICRF J000020.3-322101  2357-326     00 00 20.39998023  -32 21 01.2336602  0.00000578 0.0002000   0.158  57366.3 52305.8 60118.4      6    348      2357-326
ICRF J000027.0+030715  2357+028     00 00 27.02248366   03 07 15.6466439  0.00000738 0.0001601  -0.133  58791.5 57973.7 59586.9      6    495      2357+028
ICRF J000053.0+405401  2358+406     00 00 53.08109338   40 54 01.8096895  0.00000851 0.0001546  -0.364  57462.4 50241.8 58644.9      5    310      2358+406
ICRF J000105.3-155107  2358-161     00 01 05.32874252  -15 51 07.0756041  0.00000498 0.0001576  -0.202  56802.4 50631.3 58794.6      6    395      2358-161
ICRF J000107.0+605122  2358+605     00 01 07.09982528   60 51 22.7982412  0.00001336 0.0000934  -0.056  58814.3 52305.8 60602.5      7    540      2358+605
ICRF J000108.6+191433  2358+189     00 01 08.62156727   19 14 33.8016656  0.00000102 0.0000252  -0.032  57148.3 50084.5 60831.8    194   6065      2358+189
ICRF J000109.5+024309  2358+024     00 01 09.53553907   02 43 09.6027189  0.00000592 0.0002377  -0.188  59946.7 59586.9 60406.0      6    325      2358+024
ICRF J000118.0-074626  2358-080     00 01 18.02491760  -07 46 26.9219293  0.00000700 0.0001480  -0.005  58467.3 58216.3 58868.4      5    291      2358-080
ICRF J000211.9-215309  2359-221     00 02 11.98142337  -21 53 09.8653787  0.00000547 0.0001533  -0.278  58527.6 54817.8 60472.1      7    296      2359-221
ICRF J000231.1+745947  2359+747     00 02 31.13149565   74 59 47.1350566  0.00003786 0.0001360   0.209  60252.6 60129.7 60448.8      2    213      2359+747
ICRF J000257.1-002447  0000-006     00 02 57.17531769  -00 24 47.2756149  0.00001171 0.0004116  -0.405  59191.5 58510.3 60406.0      7    293      0000-006
ICRF J000314.9+021457  0000+019     00 03 14.96286529   02 14 57.4826023  0.00000825 0.0003216  -0.577  59336.4 58510.3 60295.4      6    411      0000+019
ICRF J000315.9-194150  0000-199     00 03 15.94940864  -19 41 50.4021194  0.00000748 0.0002502  -0.179  57664.9 54087.1 58794.6      5    305      0000-199
ICRF J000318.6-192722  0000-197     00 03 18.67502019  -19 27 22.3559865  0.00001048 0.0003275   0.050  56198.8 50631.3 58794.6      6    352      0000-197
ICRF J000319.3+212944  0000+212     00 03 19.35001080   21 29 44.5082315  0.00000337 0.0000957  -0.105  57844.5 50084.5 60497.5      7    611      0000+212
ICRF J000321.9-172711  0000-177     00 03 21.95475454  -17 27 11.8753469  0.00000709 0.0002503  -0.063  60148.0 59875.5 60485.9      5    364      0000-177
ICRF J000327.2-154705  0000-160     00 03 27.26416182  -15 47 05.4556115  0.00000889 0.0003188  -0.309  57846.3 54817.8 58794.6      5    299      0000-160
ICRF J000346.0+480704  0001+478     00 03 46.04156942   48 07 04.1353949  0.00002174 0.0002866  -0.118  57938.1 50305.3 58644.9      5    289      0001+478
ICRF J000404.9-114858  0001-120     00 04 04.91503007  -11 48 58.3863609  0.00000236 0.0000831   0.013  57344.3 50575.3 60442.8      7    496      0001-120
ICRF J000416.1+461517  0001+459     00 04 16.12764566   46 15 17.9707895  0.00000434 0.0000644  -0.065  56718.2 50305.3 58669.6      5    464      0001+459
ICRF J000435.6-473619  0002-478  D  00 04 35.65548527  -47 36 19.6039910  0.00000324 0.0000624   0.299  56871.0 49329.0 60163.6     89    732      0002-478
ICRF J000435.7+201942  0002+200     00 04 35.75829141   20 19 42.3177164  0.00000273 0.0000709  -0.075  57924.7 52408.7 60530.8      7    548      0002+200
ICRF J000504.3+542824  0002+541     00 05 04.36334652   54 28 24.9243745  0.00000453 0.0000471   0.032  57284.6 49576.0 59190.8      7    584      0002+541
ICRF J000505.9-344549  0002-350     00 05 05.92509951  -34 45 49.6552509  0.00001010 0.0003303   0.322  58180.5 56878.0 60323.7      6    278      0002-350
ICRF J000507.0-013245  0002-018     00 05 07.07182323  -01 32 45.1350734  0.00000586 0.0002249  -0.235  59433.7 58512.3 60295.4      6    419      0002-018
ICRF J000517.9-164804  0002-170     00 05 17.93379475  -16 48 04.6785107  0.00000659 0.0002429  -0.268  56623.1 50631.3 58803.0      5    382      0002-170
ICRF J000520.2+052410  0002+051     00 05 20.21550395   05 24 10.8030202  0.00000480 0.0001067  -0.052  57811.8 49913.7 58681.8      8    555      0002+051
ICRF J000530.4+692359  0002+691     00 05 30.47047330   69 23 59.0536809  0.00016645 0.0010064   0.222  60136.3 59742.1 60472.1      5    154      0002+691
ICRF J000557.1+382015  0003+380     00 05 57.17538938   38 20 15.1489296  0.00000187 0.0000271  -0.167  53410.0 48719.9 59358.6     33   2131      0003+380
ICRF J000559.2+160949  0003+158     00 05 59.23777313   16 09 49.0216855  0.00000337 0.0000954  -0.307  58827.5 57406.7 60554.7      7    699      0003+158
ICRF J000601.1-295550  0003-302     00 06 01.12335585  -29 55 50.0969901  0.00001040 0.0003349   0.209  57573.8 52408.7 58669.6      5    267      0003-302
ICRF J000607.3+342220  0003+340     00 06 07.38256652   34 22 20.4057005  0.00000502 0.0001286  -0.161  58256.9 55915.7 60554.7      7    574      0003+340
ICRF J000613.8-062335  0003-066     00 06 13.89288910  -06 23 35.3354208  0.00000027 0.0000057   0.007  56048.8 47175.5 60852.8   2270  68324      0003-066
ICRF J000623.0+123553  0003+123     00 06 23.05608137   12 35 53.0978962  0.00000302 0.0000821  -0.037  58142.5 54111.8 60135.7      6    564      0003+123
ICRF J000648.7+242236  0004+240     00 06 48.78940415   24 22 36.3921200  0.00000267 0.0000740  -0.018  57934.2 50084.5 60530.8      7    573      0004+240
ICRF J000653.3+413511  0004+413     00 06 53.31270893   41 35 11.4585708  0.00004872 0.0006270  -0.213  60131.1 59707.7 60406.0      4    172      0004+413
ICRF J000743.8+022632  0005+021     00 07 43.84019566   02 26 32.2499525  0.00002417 0.0009027   0.392  59477.3 58512.3 60425.9      8    220      0005+021
ICRF J000748.4+570610  0005+568     00 07 48.46861996   57 06 10.4391748  0.00000526 0.0000564  -0.072  57833.8 49576.0 58644.9      5    395      0005+568
ICRF J000755.6+102744  0005+101     00 07 55.67835811   10 27 44.2983109  0.00000683 0.0002291  -0.010  59773.4 59402.8 59951.1      5    322      0005+101
ICRF J000800.3-233918  0005-239     00 08 00.36961398  -23 39 18.1499229  0.00000540 0.0001631  -0.306  56114.2 50631.3 58669.6      9    356      0005-239
ICRF J000800.8+114400  0005+114     00 08 00.83825432   11 44 00.7747123  0.00000650 0.0001658  -0.174  57392.4 52408.7 58512.3      5    465      0005+114
ICRF J000826.2-255911  0005-262     00 08 26.25249917  -25 59 11.5405489  0.00000665 0.0002280  -0.200  56114.5 50631.3 58669.6      6    340      0005-262
ICRF J000828.0-132930  0005-137     00 08 28.01684091  -13 29 30.5739544  0.00000734 0.0002507   0.108  60268.4 60129.7 60448.8      2    191      0005-137
ICRF J000833.4+683722  0005+683     00 08 33.47286928   68 37 22.0486774  0.00002910 0.0001710  -0.231  58420.6 49826.5 60472.1      9    298      0005+683
ICRF J000833.6-360125  0006-363     00 08 33.66112305  -36 01 25.0341515  0.00002451 0.0008875   0.743  58356.3 53551.8 60323.7      9    285      0006-363
ICRF J000903.9+062821  0006+061     00 09 03.93184982   06 28 21.2401752  0.00000462 0.0001360   0.083  56897.1 52408.7 59190.8      6    469      0006+061
ICRF J000904.1+400146  0006+397     00 09 04.17358167   40 01 46.7055698  0.00000475 0.0000786   0.074  56634.5 50241.8 58669.6      5    414      0006+397
ICRF J000917.0+062554  0006+06A     00 09 17.05517384   06 25 54.7479296  0.00000435 0.0001388  -0.242  59731.0 59402.8 59951.1      5    368      0006+06A
ICRF J000934.8+180343  0007+177     00 09 34.86049506   18 03 43.0133489  0.00000421 0.0001362  -0.262  60117.4 59867.7 60530.8      4    303      0007+177
ICRF J000935.5-321636  0007-325     00 09 35.55775408  -32 16 36.9293125  0.00000874 0.0002811  -0.265  57675.3 54964.8 58746.6      6    293      0007-325
ICRF J000943.0+772442  0006+771     00 09 43.09194733   77 24 42.0045211  0.00007170 0.0002206   0.091  58151.6 57914.1 59405.2      4    218      0006+771
ICRF J000948.2+760318  0007+757     00 09 48.23424698   76 03 18.1644367  0.00004741 0.0001577   0.340  59119.5 57868.7 60623.9      8    356      0007+757
ICRF J000958.6+015755  0007+016     00 09 58.65774186   01 57 55.1496232  0.00000852 0.0002402   0.033  59190.2 58169.7 60799.7      7    562      0007+016
ICRF J001000.3-043348  0007-048     00 10 00.38866330  -04 33 48.5069883  0.00000309 0.0001067  -0.120  58059.3 57103.0 58829.4      6    335      0007-048
ICRF J001028.7+204749  0007+205     00 10 28.74305026   20 47 49.7883354  0.00000509 0.0001423  -0.280  58391.2 56808.7 59875.5      6    515      0007+205
ICRF J001030.0+441242  0007+439     00 10 30.04647746   44 12 42.5049597  0.00000458 0.0000846  -0.059  58005.1 54087.1 60554.7      6    512      0007+439
ICRF J001031.0+105829  0007+106  D  00 10 31.00590263   10 58 29.5042326  0.00000099 0.0000183  -0.092  56922.9 47287.8 60799.7    153   5824      IIIZW2  
ICRF J001033.9+172418  0007+171     00 10 33.99064435   17 24 18.7611287  0.00000227 0.0000430  -0.073  52793.9 47930.6 60135.7     42   1434      0007+171
ICRF J001034.9-305415  0008-311     00 10 34.90973008  -30 54 15.3000447  0.00001231 0.0004093   0.025  57824.2 55965.8 60323.7      6    269      0008-311
ICRF J001035.7-302747  0008-307     00 10 35.74220474  -30 27 47.4187022  0.00000526 0.0001840   0.151  57645.3 52305.8 58746.6      5    271      0008-307
ICRF J001045.1-294513  0008-300     00 10 45.17734951  -29 45 13.1776996  0.00000743 0.0003276  -0.064  57998.1 54087.1 60406.0      6    291      0008-300
ICRF J001052.5-415310  0008-421     00 10 52.51760316  -41 53 10.7809244  0.00002391 0.0006340   0.064  58071.9 48161.5 60323.7     18    242      0008-421
ICRF J001053.6-215704  0008-222     00 10 53.64997908  -21 57 04.2199751  0.00000344 0.0001243   0.021  56025.3 50631.3 60259.3      6    451      0008-222
ICRF J001101.2-261233  0008-264     00 11 01.24673608  -26 12 33.3771567  0.00000091 0.0000142  -0.109  57871.6 47684.8 60831.8    650  10743      0008-264
ICRF J001130.4+005751  0008+006     00 11 30.40322066   00 57 51.8768771  0.00000268 0.0000898   0.021  58262.7 56817.4 58712.2      6    663      0008+006
ICRF J001131.9+704531  0008+704     00 11 31.90283603   70 45 31.6258294  0.00000837 0.0000399   0.152  57529.5 49826.5 60770.3      7    764      0008+704
ICRF J001135.2+082355  0009+081     00 11 35.26961912   08 23 55.5860924  0.00000191 0.0000326  -0.017  58525.0 49913.7 60704.8     23   1187      0009+081
ICRF J001140.4-143404  0009-148  D  00 11 40.45584395  -14 34 04.6349336  0.00000253 0.0000597  -0.108  59272.2 54111.8 60770.3     36   1595      0009-148
ICRF J001208.3+071951  0009+070     00 12 08.35130733   07 19 51.2499609  0.00000589 0.0001880  -0.028  59704.1 59402.8 59951.1      5    375      0009+070
ICRF J001229.3+470434  0009+467     00 12 29.30289160   47 04 34.7378470  0.00000682 0.0000987  -0.158  57594.4 53572.0 58669.6      5    422      0009+467
ICRF J001237.6+655110  0009+655     00 12 37.67093472   65 51 10.8233587  0.00004815 0.0003090  -0.091  58353.7 53152.3 60472.1      6    281      0009+655
ICRF J001247.3+335338  0010+336     00 12 47.38217482   33 53 38.4715882  0.00000444 0.0000855  -0.148  58189.7 53502.7 60602.5      6    418      0010+336
ICRF J001259.9-395426  0010-401     00 12 59.90982461  -39 54 26.0555587  0.00000315 0.0000728   0.045  58893.1 52305.8 60770.3     34   1031      0010-401
ICRF J001316.4+463608  0010+463     00 13 16.48884807   46 36 08.6704064  0.00000618 0.0000711  -0.281  58723.7 50305.3 60760.8      8    748      0010+463
ICRF J001320.7-151347  0010-155     00 13 20.70180801  -15 13 47.7849807  0.00000572 0.0001926  -0.038  57695.0 54087.1 58803.0      5    348      0010-155
ICRF J001331.1+405137  0010+405  D  00 13 31.13019922   40 51 37.1441290  0.00000086 0.0000137  -0.153  57436.1 48433.8 60849.7    141   7623      0010+405
ICRF J001354.1-042352  0011-046     00 13 54.13098284  -04 23 52.2954610  0.00000211 0.0000637  -0.084  58385.6 50575.3 60799.7     10    729      0011-046
ICRF J001356.3+191041  0011+189     00 13 56.37610741   19 10 41.9155147  0.00000490 0.0001440  -0.034  56793.7 50084.5 60135.7      6    465      0011+189
ICRF J001420.4-045928  0011-052     00 14 20.43332512  -04 59 28.8210353  0.00001178 0.0004631  -0.171  59985.0 59894.2 60425.9      4     81      0011-052
ICRF J001448.7+611743  0012+610     00 14 48.79212318   61 17 43.5424596  0.00000996 0.0000867   0.173  58115.6 52408.7 59378.0      8    418      0012+610
ICRF J001502.4-181250  0012-184     00 15 02.49201905  -18 12 50.8837800  0.00000338 0.0001167   0.097  57136.2 50631.3 60623.9      8    609      0012-184
ICRF J001503.3-003459  0012-008     00 15 03.39696966  -00 34 59.3385552  0.00001159 0.0004577   0.170  59063.4 58530.3 59894.2      5    291      0012-008
ICRF J001506.1+321613  0012+319     00 15 06.14742262   32 16 13.3093754  0.00000487 0.0000944  -0.129  57038.1 53522.9 58644.9      5    353      0012+319
ICRF J001525.8+080204  0012+077     00 15 25.85387126   08 02 04.2106824  0.00000651 0.0001699  -0.297  58947.0 57973.7 59742.1      5    300      0012+077
ICRF J001534.3-180725  0013-184     00 15 34.32453634  -18 07 25.5864871  0.00000479 0.0001703  -0.367  58142.1 54111.8 59358.6      7    483      0013-184
ICRF J001605.7-234352  0013-240     00 16 05.73865665  -23 43 52.1998097  0.00001376 0.0004151  -0.586  58157.9 56817.4 59460.3      5    293      0013-240
ICRF J001611.0-001512  0013-005  D  00 16 11.08855451  -00 15 12.4454418  0.00000088 0.0000215  -0.022  58102.3 47717.7 60834.1    174   5750      0013-005
ICRF J001708.4+813508  0014+813     00 17 08.47489601   81 35 08.1364329  0.00000195 0.0000049  -0.053  52997.8 47284.7 60704.8   1376  78304      0014+813
ICRF J001735.8-051241  0015-054     00 17 35.81720323  -05 12 41.7682428  0.00000245 0.0000576   0.093  58304.6 53560.9 60448.8      9    550      0015-054
ICRF J001736.9+145101  0015+145     00 17 36.90384177   14 51 01.8800766  0.00000886 0.0002504   0.060  58268.9 57427.7 59405.2      5    416      0015+145
ICRF J001751.7+531219  0015+529     00 17 51.75980211   53 12 19.1216514  0.00000592 0.0000568  -0.287  56695.1 49576.0 58644.9      5    462      0015+529
ICRF J001752.4-023619  0015-028     00 17 52.42368198  -02 36 19.2198830  0.00000447 0.0001458  -0.121  59053.7 58530.3 59642.1      5    392      0015-028
ICRF J001759.0-274821  0015-280     00 17 59.00597143  -27 48 21.5739873  0.00000825 0.0002859  -0.199  57341.9 53572.0 58677.2      5    287      0015-280
ICRF J001837.6+041544  0016+039     00 18 37.69810879   04 15 44.3098012  0.00000394 0.0001395   0.016  59180.6 58530.3 59894.2      5    454      0016+039
ICRF J001917.4-010357  0016-013     00 19 17.46879708  -01 03 57.5872988  0.00001063 0.0004311  -0.465  59280.5 58540.2 60425.9      7    229      0016-013
ICRF J001922.8-220527  0016-223     00 19 22.82810573  -22 05 27.9380683  0.00000432 0.0001572  -0.165  58511.1 57914.1 60623.9      7    388      0016-223
ICRF J001929.0+453743  0016+453     00 19 29.02787406   45 37 43.0938688  0.00000868 0.0001183  -0.055  59580.3 58672.7 60314.3      6    476      0016+453
ICRF J001937.7+295601  0017+296     00 19 37.79032215   29 56 01.9216313  0.00002011 0.0003956  -0.417  58154.8 56808.7 59508.8      5    277      0017+296
ICRF J001937.8+202145  0017+200  D  00 19 37.85449196   20 21 45.6445676  0.00000031 0.0000049  -0.024  58179.9 50084.5 60845.8    716  70833      0017+200
ICRF J001939.7+260252  0017+257     00 19 39.78059429   26 02 52.2770375  0.00000232 0.0000548  -0.152  57188.8 50218.8 59271.2      8    608      0017+257
ICRF J001942.6-303119  0017-307     00 19 42.67529289  -30 31 19.3486300  0.00000539 0.0001838   0.065  56950.4 52305.8 58794.6      5    295      0017-307
ICRF J001945.7+732730  0016+731  D  00 19 45.78635551   73 27 30.0175822  0.00000082 0.0000038  -0.077  57252.3 44342.5 60856.7   1442 244797      0016+731
ICRF J002102.8+715020  0018+715     00 21 02.81378117   71 50 20.7704777  0.00001483 0.0000635   0.031  57479.6 49826.5 58600.6      5    477      0018+715
ICRF J002127.3+731241  0018+729     00 21 27.37516406   73 12 41.9310636  0.00002323 0.0001000   0.073  57917.7 49826.5 58600.6      5    405      0018+729
ICRF J002206.6+452533  0019+451     00 22 06.61133602   45 25 33.8602374  0.00000477 0.0000649  -0.256  57233.1 50305.3 59707.7      6    548      0019+451
ICRF J002225.4+001456  0019-000     00 22 25.42582990   00 14 56.1647849  0.00000971 0.0003063  -0.169  57758.8 50575.3 58746.6      6    323      4C+00.02
ICRF J002232.4+060804  0019+058     00 22 32.44121170   06 08 04.2688649  0.00000043 0.0000064   0.006  58659.7 48102.5 60856.7    898  29077      0019+058
ICRF J002238.2+014702  0020+015     00 22 38.22512207   01 47 02.4264570  0.00000542 0.0001501   0.043  58676.2 58490.7 58989.8      5    319      0020+015
ICRF J002335.4+445635  0020+446     00 23 35.44246696   44 56 35.7581225  0.00000417 0.0000642  -0.044  57637.7 50305.3 60602.5      6    522      0020+446
ICRF J002338.1+041700  0021+040     00 23 38.16469396   04 17 00.4341181  0.00003707 0.0012576  -0.451  59427.5 58540.2 60425.9      8    204      0021+040
ICRF J002400.6-081110  0021-084     00 24 00.67275782  -08 11 10.0490001  0.00000299 0.0001118  -0.067  58995.9 53152.3 60799.7      9    625      0021-084
ICRF J002421.5+464406  0021+464     00 24 21.53763876   46 44 06.2296286  0.00000432 0.0000710  -0.119  57088.7 50305.3 58677.2      5    476      0021+464
ICRF J002427.3+243926  0021+243     00 24 27.33054249   24 39 26.2291408  0.00000655 0.0001457  -0.111  56312.1 52408.7 58592.8     16    357      0021+243
ICRF J002442.9-420203  0022-423     00 24 42.99006173  -42 02 03.9486580  0.00001535 0.0003129  -0.390  57986.8 48161.5 60323.7     19    246      0022-423
ICRF J002445.9-041201  0022-044     00 24 45.98321124  -04 12 01.5490142  0.00000433 0.0000959   0.028  57327.5 50575.3 59795.8     10    478      0022-044
ICRF J002524.2-222747  0022-227     00 25 24.24739397  -22 27 47.5970057  0.00000423 0.0001468   0.169  57610.1 54087.1 60623.9      6    461      0022-227
ICRF J002526.1+391935  0022+390     00 25 26.15769548   39 19 35.4388777  0.00000479 0.0000888  -0.340  56438.1 50241.8 58669.6      5    351      0022+390
ICRF J002549.1-260212  0023-263     00 25 49.15631025  -26 02 12.6147639  0.00001656 0.0004722   0.359  57764.4 52408.7 60259.3      6    254      0023-263
ICRF J002554.2+083711  0023+083     00 25 54.25931666   08 37 11.4004195  0.00000409 0.0001250  -0.200  59966.9 59405.2 60406.0      6    533      0023+083
ICRF J002616.3-351248  0023-354     00 26 16.38712557  -35 12 48.7929551  0.00000677 0.0001285   0.229  58833.6 56878.0 60770.3     14    316      0023-354
ICRF J002641.7+350842  0024+348     00 26 41.72479856   35 08 42.2723514  0.00002560 0.0005057  -0.627  58857.7 50218.8 60162.4     10    323      OB338   
ICRF J002651.4-111252  0024-114     00 26 51.44319191  -11 12 52.4254105  0.00001008 0.0003728  -0.269  57576.6 53551.8 58829.4      5    257      0024-114
ICRF J002703.2+595852  0024+597     00 27 03.28618976   59 58 52.9595417  0.00001200 0.0001005  -0.064  57413.9 49576.0 59230.1      7    319      0024+597
ICRF J002705.7+092957  0024+092     00 27 05.79369244   09 29 57.7638682  0.00000525 0.0001319  -0.034  57554.2 52305.8 58677.2      5    372      0024+092
ICRF J002715.3+224158  0024+224     00 27 15.37153330   22 41 58.0681983  0.00000305 0.0000710  -0.066  57326.8 50084.5 60530.8      9    575      0024+224
ICRF J002717.9-365659  0024-372     00 27 17.94233360  -36 56 59.6942710  0.00002652 0.0009177  -0.649  60119.3 59642.1 60406.0      4    111      0024-372
ICRF J002742.2+451457  0025+449     00 27 42.26275719   45 14 57.0757426  0.00000956 0.0001566  -0.299  58801.9 57784.7 60623.9      6    356      0025+449
ICRF J002829.8+200026  0025+197     00 28 29.81847799   20 00 26.7439548  0.00000069 0.0000111  -0.012  58529.1 50084.5 60852.8    343  10100      0025+197
ICRF J002845.9+075759  0026+076     00 28 45.99034103   07 57 59.3049414  0.00000531 0.0001408   0.111  59915.1 59440.3 60406.0      6    622      0026+076
ICRF J002900.9-011341  0026-015     00 29 00.98603154  -01 13 41.7594427  0.00000410 0.0000961   0.176  57933.8 53125.1 59367.7      8    461      0026-015
ICRF J002903.5+050934  0026+048     00 29 03.59218572   05 09 34.8673256  0.00000506 0.0001370  -0.152  57758.3 49913.7 58794.6      6    510      0026+048
ICRF J002914.2+345632  0026+346     00 29 14.24235579   34 56 32.2461455  0.00001097 0.0001420   0.226  53432.6 47010.4 59016.7     23    399      0026+346
ICRF J002933.0+324450  0026+324     00 29 33.01413726   32 44 50.7927498  0.00000911 0.0002017  -0.256  59347.5 58672.7 59981.8      5    406      0026+324
ICRF J002945.8+055440  0027+056     00 29 45.89631887   05 54 40.7120499  0.00000215 0.0000611  -0.058  56842.5 49913.7 58794.6     12    615      0027+056
ICRF J003012.2+055526  0027+05A     00 30 12.26701590   05 55 26.9100493  0.00000942 0.0003295  -0.498  59150.3 58551.2 59971.0      5    316      0027+05A
ICRF J003014.4+703740  0027+703     00 30 14.41295534   70 37 40.0608528  0.00000845 0.0000407   0.009  56315.7 49826.5 58600.6      5    567      0027+703
ICRF J003017.4-422446  0027-426     00 30 17.49265339  -42 24 46.4814074  0.00000863 0.0002920   0.049  58582.3 54942.7 60406.0      9    296      0027-426
ICRF J003031.8-021156  0027-024     00 30 31.82374260  -02 11 56.1329125  0.00000203 0.0000709  -0.092  59071.8 53125.1 60799.7      9    789      0027-024
ICRF J003043.4+590419  0027+587     00 30 43.45423411   59 04 19.7000324  0.00002110 0.0004040  -0.120  58796.1 58237.7 59816.3      5    286      0027+587
ICRF J003055.2-012831  0028-017     00 30 55.26841849  -01 28 31.2482596  0.00000743 0.0001849  -0.149  59090.5 58556.9 59642.1      5    361      0028-017
ICRF J003103.2-132658  0028-137     00 31 03.22448865  -13 26 58.6233232  0.00000900 0.0003476  -0.222  59845.1 59542.8 60448.8      6    308      0028-137
ICRF J003124.3-392249  0028-396     00 31 24.33149907  -39 22 49.3681172  0.00001259 0.0003894  -0.004  59076.0 52305.8 60770.3     15    296      0028-396
ICRF J003128.0-410815  0029-414     00 31 28.06027436  -41 08 15.8835597  0.00001469 0.0005040   0.193  59698.7 58856.7 60406.0      7    217      0029-414
ICRF J003156.4-142619  0029-147     00 31 56.41178813  -14 26 19.3439855  0.00000641 0.0002044  -0.237  58507.6 53125.1 60472.1      7    527      0029-147
ICRF J003238.3+195353  0030+196     00 32 38.33851591   19 53 53.7773837  0.00006178 0.0010305   0.196  58842.1 50155.3 60323.7     11    148      0030+196
ICRF J003259.2+051001  0030+048     00 32 59.26778993   05 10 01.5038859  0.00000847 0.0002810  -0.388  59229.4 58556.9 59981.8      5    379      0030+048
ICRF J003335.9-034531  0031-040     00 33 35.92241813  -03 45 31.5127816  0.00000593 0.0002048   0.065  59771.4 59560.6 60118.4      5    351      0031-040
ICRF J003416.8+212641  0031+211     00 34 16.83960664   21 26 41.5983566  0.00000514 0.0001473  -0.298  59481.4 58988.7 59981.8      5    461      0031+211
ICRF J003443.4+275425  0032+276     00 34 43.48612304   27 54 25.7203882  0.00000331 0.0000736  -0.064  58063.2 50218.8 60472.1      7    551      0032+276
ICRF J003443.9-005413  0032-011     00 34 43.92196809  -00 54 13.0349245  0.00000371 0.0001261  -0.041  58978.6 56817.4 60799.7      7    618      0032-011
ICRF J003457.8-183310  0032-188     00 34 57.88672584  -18 33 10.6668419  0.00000656 0.0002264  -0.203  60350.9 60129.7 60623.9      3    293      0032-188
ICRF J003525.3+613030  0032+612     00 35 25.31057527   61 30 30.7611398  0.00000782 0.0000654   0.022  57533.2 52619.7 58712.2      5    499      0032+612
ICRF J003543.5+083215  0033+082     00 35 43.50820239   08 32 15.8477589  0.00001474 0.0004892  -0.662  59023.8 58556.9 59981.8      5    307      0033+082
ICRF J003544.0+143801  0033+143     00 35 44.08789809   14 38 01.9725218  0.00000311 0.0000931   0.026  57500.5 54111.8 58512.3      5    464      0033+143
ICRF J003546.2-083554  0033-088     00 35 46.25038428  -08 35 54.0422916  0.00000309 0.0001153  -0.172  58971.0 53522.9 60799.7      8    586      0033-088
ICRF J003616.1+081504  0033+079     00 36 16.12507596   08 15 04.0318631  0.00000952 0.0003305  -0.505  59145.2 58592.8 59816.3      5    332      0033+079
ICRF J003623.7+100758  0033+098     00 36 23.76716059   10 07 58.4662526  0.00000614 0.0000824  -0.123  58709.5 58379.7 58989.8      6    270      0033+098
ICRF J003635.1+143403  0033+142     00 36 35.10910967   14 34 03.6185708  0.00000658 0.0001644  -0.130  57307.8 52408.7 58530.3      5    442      0033+142
ICRF J003704.1-010908  0034-014     00 37 04.11089584  -01 09 08.4206265  0.00000852 0.0003368  -0.500  59897.8 59560.6 60442.8      6    237      0034-014
ICRF J003704.3+623633  0034+623     00 37 04.33147421   62 36 33.3085247  0.00002395 0.0002312  -0.375  60037.2 59742.1 60425.9      5    262      0034+623
ICRF J003714.8-214524  0034-220     00 37 14.82590635  -21 45 24.7139065  0.00000709 0.0002326  -0.289  57672.3 54087.1 58712.2      5    276      0034-220
ICRF J003723.5+214153  0034+214     00 37 23.54083626   21 41 53.1251427  0.00000351 0.0001003  -0.062  59645.4 58988.7 60314.3      6    546      0034+214
ICRF J003726.0+110950  0034+108     00 37 26.04142727   11 09 50.9210861  0.00000369 0.0000927  -0.031  56630.2 49913.7 60152.8      6    500      0034+108
ICRF J003728.8-334442  0035-340     00 37 28.86445770  -33 44 42.4143484  0.00000769 0.0002814  -0.184  59522.5 58856.7 60406.0      8    260      0035-340
ICRF J003732.1+080813  0034+078     00 37 32.19717448   08 08 13.0570501  0.00000293 0.0000851  -0.101  57676.7 53560.9 58829.4      7    622      0034+078
ICRF J003735.3-530734  0035-534     00 37 35.35976699  -53 07 34.1606532  0.00004308 0.0005641  -0.159  59162.6 57673.7 59971.8      9     27      0035-534
ICRF J003736.7+393811  0034+393     00 37 36.72574473   39 38 11.7946495  0.00000810 0.0001429  -0.234  58976.4 57784.7 60602.5      6    439      0034+393
ICRF J003746.1+365910  0035+367     00 37 46.14299415   36 59 10.8831483  0.00000750 0.0001447   0.005  57870.4 50241.8 58677.2      5    360      0035+367
ICRF J003758.2+240711  0035+238     00 37 58.29976089   24 07 11.8689470  0.00001872 0.0004529  -0.627  57979.3 54291.7 60323.7      6    268      0035+238
ICRF J003808.1+230328  0035+227     00 38 08.10138836   23 03 28.5622562  0.00002475 0.0003322   0.277  60248.5 59996.7 60323.7      2    113      0035+227
ICRF J003814.7-245902  0035-252  D  00 38 14.73550240  -24 59 02.2353550  0.00000068 0.0000142   0.041  58720.6 50631.3 60856.7    414  11421      0035-252
ICRF J003818.0+122731  0035+121     00 38 18.01659075   12 27 31.2479936  0.00000320 0.0000927  -0.141  58202.1 50084.5 60152.8      6    454      0035+121
ICRF J003820.5-020740  0035-024     00 38 20.52935915  -02 07 40.5469444  0.00000331 0.0001123  -0.099  57190.4 54124.8 58899.4      5    348      0035-024
ICRF J003820.7-032958  0035-037     00 38 20.79435288  -03 29 58.9618804  0.00000404 0.0000923  -0.068  57362.7 53572.0 58899.4      7    423      0035-037
ICRF J003824.8+413706  0035+413     00 38 24.84358594   41 37 06.0002204  0.00000167 0.0000240   0.016  54912.5 49421.9 58770.7     64   2741      0035+413
ICRF J003828.4+503525  0035+503     00 38 28.41360256   50 35 25.8340282  0.00000692 0.0000853  -0.109  58345.9 50305.3 60623.9      7    495      0035+503
ICRF J003828.8+185617  0035+186     00 38 28.89175966   18 56 17.6314774  0.00000370 0.0001105  -0.066  59643.7 58988.7 60152.8      6    518      0035+186
ICRF J003829.9-212004  0036-216     00 38 29.95482841  -21 20 04.0192257  0.00001153 0.0003733   0.289  56940.7 50631.3 58712.2      6    343      0036-216
ICRF J003906.2-094246  0036-099     00 39 06.29166159  -09 42 46.8895464  0.00000441 0.0001552   0.032  57777.2 54087.1 58899.4      5    315      0036-099
ICRF J003916.9-185405  0036-191     00 39 16.92456738  -18 54 05.6079937  0.00000846 0.0003142   0.158  57818.9 53559.8 58829.4      5    372      0036-191
ICRF J003931.5-111102  0037-114     00 39 31.58801270  -11 11 02.4795451  0.00000619 0.0002345  -0.113  60509.5 60129.7 60799.7      4    292      0037-114
ICRF J003939.6+141157  0037+139     00 39 39.61958272   14 11 57.5567355  0.00000309 0.0000882  -0.223  55665.2 50084.5 60203.4     10    556      0037+139
ICRF J003946.9+490033  0037+487     00 39 46.99885894   49 00 33.1748602  0.00000488 0.0000711   0.093  56951.4 50305.3 58712.2      5    562      0037+487
ICRF J004007.8-590352  0037-593     00 40 07.84913592  -59 03 52.7647190  0.00002086 0.0002880   0.305  56863.1 52886.6 58701.7     13     99      0037-593
ICRF J004013.5+012546  0037+011     00 40 13.52544114   01 25 46.3495137  0.00000390 0.0001342  -0.131  58123.7 56878.0 58829.4      5    464      0037+011
ICRF J004017.5-324327  0037-329     00 40 17.54072222  -32 43 27.8253730  0.00000710 0.0002419  -0.055  57482.6 52305.8 58803.0      6    301      0037-329
ICRF J004018.3+094241  0037+094     00 40 18.30421624   09 42 41.7825293  0.00001277 0.0003595  -0.075  59441.0 57924.7 60425.9      8    347      0037+094
ICRF J004030.6-322520  0038-326  D  00 40 30.65487336  -32 25 20.3294615  0.00001019 0.0003278   0.224  58794.9 52305.8 60770.3     45    886      0038-326
ICRF J004057.6-014632  0038-020     00 40 57.61157099  -01 46 32.0259220  0.00000199 0.0000662  -0.130  57504.2 50575.3 59378.0      9    653      0038-020
ICRF J004115.9+321107  0038+319     00 41 15.93400600   32 11 07.5667147  0.00000584 0.0001110  -0.020  58185.3 55453.7 59522.9      5    518      0038+319
ICRF J004117.2+133927  0038+133     00 41 17.21095878   13 39 27.5265400  0.00000631 0.0001621  -0.035  57807.7 54111.8 58530.3      5    449      0038+133
ICRF J004126.0-014315  0038-019     00 41 26.00885834  -01 43 15.6815267  0.00000573 0.0002254  -0.291  59314.0 57358.8 60834.1      7    483      0038-019
ICRF J004145.1+212341  0039+211     00 41 41.44731602   21 24 10.1094068  0.00001987 0.0007049  -0.379  58966.8 58326.5 60406.0      8    157      0039+211
ICRF J004201.2-403039  0039-407     00 42 01.22451693  -40 30 39.7417691  0.00001087 0.0001217   0.264  59342.1 58323.7 60135.7      8    217      0039-407
ICRF J004204.5+232001  0039+230     00 42 04.54516321   23 20 01.0619610  0.00000192 0.0000472  -0.152  52722.3 48918.9 59016.7     33   1231      0039+230
ICRF J004207.1+373937  0039+373     00 42 07.19190284   37 39 37.6199312  0.00011061 0.0013160  -0.283  60175.3 59693.1 60406.0      4     72      0039+373
ICRF J004219.4+570836  0039+568     00 42 19.45169608   57 08 36.5861164  0.00000398 0.0000414  -0.038  57094.3 49576.0 59358.6      9    718      0039+568
ICRF J004244.3+100949  0040+098     00 42 44.37170660   10 09 49.2074998  0.00000280 0.0000785   0.004  57054.0 49913.7 60203.4      7    587      0040+098
ICRF J004346.7+050256  0041+047     00 43 46.73067186   05 02 56.0375898  0.00000537 0.0001693  -0.219  58716.5 58490.7 58989.8      5    315      0041+047
ICRF J004417.0-375259  0041-381     00 44 17.04637959  -37 52 59.2284749  0.00001860 0.0006004   0.398  60591.9 60425.9 60770.3      3     64      0041-381
ICRF J004426.6-842239  0044-846  D  00 44 26.68922125  -84 22 39.9876227  0.00003925 0.0000601   0.256  58732.0 57152.0 60228.8      7    232      0044-846
ICRF J004442.2+185505  0042+186     00 44 42.22786139   18 55 05.0344412  0.00000627 0.0002003  -0.002  57573.7 53125.1 58530.3      5    460      0042+186
ICRF J004450.7+680302  0041+677     00 44 50.75960323   68 03 02.6859715  0.00000881 0.0000548  -0.160  57865.7 53559.8 59230.1      7    591      0041+677
ICRF J004500.0+455515  0042+456     00 45 00.03414610   45 55 15.2731670  0.00000492 0.0000741  -0.307  58841.1 58278.8 59707.7      5    482      0042+456
ICRF J004512.0-370548  0042-373     00 45 12.06607753  -37 05 48.4673421  0.00000680 0.0002309   0.019  58291.6 57011.1 60152.8      7    322      0042-373
ICRF J004519.2+212740  0042+211     00 45 19.29823829   21 27 40.0008677  0.00001543 0.0003988   0.044  60118.0 60033.6 60406.0      3    102      0042+211
ICRF J004530.5-390002  0043-392     00 45 30.50903512  -39 00 02.9296733  0.00001308 0.0004047  -0.020  58780.5 52408.7 60152.8      9    256      0043-392
ICRF J004607.8+245632  0043+246     00 46 07.82574691   24 56 32.5243479  0.00000289 0.0000720  -0.127  56833.7 53125.1 58600.6      5    431      0043+246
ICRF J004612.5+044329  0043+044     00 46 12.55911131   04 43 29.8104255  0.00001399 0.0004918  -0.623  59145.3 58600.6 59816.3      5    310      0043+044
ICRF J004613.7-263154  0043-268     00 46 13.77615470  -26 31 54.4535166  0.00000698 0.0002328  -0.142  57995.2 54852.8 59460.3      5    363      0043-268
ICRF J004625.0+072339  0043+071     00 46 25.05241919   07 23 39.1249027  0.00001276 0.0003512  -0.172  60141.7 59981.8 60425.9      5    263      0043+071
ICRF J004644.5-052200  0044-056     00 46 44.50716165  -05 22 00.4943706  0.00066006 0.0054581   0.248  60203.2 59560.6 60834.1      6     27      0044-056
ICRF J004647.5+390047  0044+387     00 46 47.57825636   39 00 47.1478789  0.00000444 0.0000864  -0.158  57058.5 50241.8 58677.2      5    436      0044+387
ICRF J004700.4+565742  0044+566     00 47 00.42884814   56 57 42.3945280  0.00000483 0.0000493  -0.024  56808.7 49576.0 59320.9      6    664      0044+566
ICRF J004705.9+031954  0044+030     00 47 05.91873497   03 19 54.7857447  0.00000195 0.0000676  -0.186  59135.3 57645.8 60799.7     14    984      0044+030
ICRF J004715.1+084734  0044+085     00 47 15.18015936   08 47 34.8012369  0.00001250 0.0003923  -0.309  59210.7 58600.6 60425.9      8    239      0044+085
ICRF J004743.8+243515  0045+243     00 47 43.87135944   24 35 15.9937426  0.00000387 0.0001072  -0.273  56618.7 50084.5 60118.4      6    441      0045+243
ICRF J004802.6+223524  0045+223     00 48 02.61664904   22 35 24.1201718  0.00000383 0.0001162  -0.323  60064.0 59642.1 60406.0      4    312      0045+223
ICRF J004819.1+001457  0045-000     00 48 19.12188089   00 14 57.1384582  0.00000561 0.0001670  -0.248  58932.7 58600.6 59586.9      5    312      0045-000
ICRF J004823.5+081051  0045+079     00 48 23.57765459   08 10 51.1438876  0.00001614 0.0004233   0.002  59372.8 58621.5 60425.9      7    287      0045+079
ICRF J004847.1+315725  0046+316  D  00 48 47.14148750   31 57 25.0845788  0.00000129 0.0000302  -0.206  57356.1 50218.8 60623.9     47   2882      NGC0262 
ICRF J004858.7+064006  0046+063     00 48 58.72312252   06 40 06.4734687  0.00000511 0.0001529  -0.163  57895.4 53125.1 58899.4      7    451      0046+063
ICRF J004922.9-311627  0046-315     00 49 22.90087540  -31 16 27.3247479  0.00001042 0.0003558  -0.529  57529.7 52305.8 58829.4      5    257      0046-315
ICRF J004937.9+512813  0046+511     00 49 37.99120963   51 28 13.6923398  0.00000371 0.0000478  -0.079  56311.5 49576.0 60219.1     10    826      0046+511
ICRF J004943.2+023703  0047+023  D  00 49 43.23593590   02 37 03.7785408  0.00000118 0.0000365  -0.166  58617.2 49913.7 60799.7     85   5599      0047+023
ICRF J004959.4-573827  0047-579     00 49 59.47301867  -57 38 27.3400822  0.00000616 0.0000766   0.188  54122.2 47625.5 58765.7     48    277      0047-579
ICRF J005021.5-045220  0047-051     00 50 21.53478573  -04 52 20.5948974  0.00000314 0.0001073   0.051  57050.6 50575.3 58921.9      5    331      0047-051
ICRF J005041.3-092905  0048-097  D  00 50 41.31738293  -09 29 05.2104114  0.00000033 0.0000066  -0.045  53132.5 44447.9 60834.1   2314  57714      0048-097
ICRF J005108.2-065002  0048-071     00 51 08.20982270  -06 50 02.2293549  0.00000244 0.0000852  -0.029  56655.1 50575.3 58921.9      5    402      0048-071
ICRF J005109.5-422633  0048-427     00 51 09.50182150  -42 26 33.2934401  0.00000129 0.0000258   0.009  58149.1 52305.8 60849.7    356   5034      0048-427
ICRF J005136.4+445935  0048+447     00 51 36.47373644   44 59 35.9584555  0.00000547 0.0000766   0.043  57285.6 50305.3 58712.2      5    473      0048+447
ICRF J005147.1+174710  0049+175     00 51 47.15567707   17 47 10.8685470  0.00018221 0.0018069   0.565  60209.4 59875.5 60406.0      3     53      0049+175
ICRF J005205.5+003538  0049+003     00 52 05.56899909   00 35 38.1488611  0.00000887 0.0002444  -0.346  58265.5 57973.7 58899.4      5    228      0049+003
ICRF J005227.8+440254  0049+437     00 52 27.82585720   44 02 54.5161680  0.00000350 0.0000607  -0.119  57478.0 50241.8 60406.0      7    651      0049+437
ICRF J005232.8+862744  0046+861     00 52 32.85656633   86 27 44.2523026  0.00007835 0.0000627  -0.110  57559.3 53572.0 58634.5      5    534      0046+861
ICRF J005236.1+163300  0049+162     00 52 36.16438426   16 33 00.4421392  0.00000523 0.0001573  -0.129  59555.7 58658.7 60203.4      6    511      0049+162
ICRF J005252.5-282554  0050-287     00 52 52.55638903  -28 25 54.1851307  0.00000592 0.0002084  -0.134  57654.5 53572.0 58746.6      5    291      0050-287
ICRF J005336.5-072729  0051-077     00 53 36.51570593  -07 27 29.6213674  0.00000631 0.0002216  -0.194  57841.3 53559.8 58921.9      5    388      0051-077
ICRF J005344.3+292507  0051+291     00 53 44.32349150   29 25 07.1002264  0.00000318 0.0000701  -0.230  58342.1 56462.8 59522.9      5    510      0051+291
ICRF J005417.6+681111  0051+679     00 54 17.62173957   68 11 11.1758999  0.00000976 0.0000608   0.026  57247.4 49826.5 59405.2      5    388      0051+679
ICRF J005417.6+705356  0051+706     00 54 17.68504250   70 53 56.6180552  0.00001083 0.0000515  -0.036  57031.3 49826.5 58600.6      5    526      0051+706
ICRF J005432.9-195301  0052-201     00 54 32.94846879  -19 53 01.0023328  0.00000447 0.0001509   0.074  57926.3 53522.9 60485.9      7    580      0052-201
ICRF J005506.7+075525  0052+076     00 55 06.79528363   07 55 25.3753411  0.00000967 0.0003199  -0.540  59320.7 58631.3 60118.4      6    433      0052+076
ICRF J005511.7-121757  0052-125     00 55 11.78258311  -12 17 57.0975925  0.00000355 0.0001300  -0.162  57098.8 53551.8 58829.4      5    475      0052-125
ICRF J005518.2+044408  0052+044     00 55 18.23025121   04 44 08.4840503  0.00001166 0.0004523  -0.248  59332.3 58631.3 60442.8      7    257      0052+044
ICRF J005655.2+162513  0054+161  D  00 56 55.29432750   16 25 13.3408668  0.00000069 0.0000124  -0.036  58353.7 50155.3 60554.7    251   9006      0054+161
ICRF J005717.0-002433  0054-006     00 57 17.00220967  -00 24 33.1774345  0.00000312 0.0000831  -0.105  58035.0 53572.0 58921.9      8    488      0054-006
ICRF J005718.7+080536  0054+078     00 57 18.76634723   08 05 36.9147533  0.00002164 0.0004585   0.248  58915.4 57924.7 60135.7      7    256      0054+078
ICRF J005734.9-012327  0055-016     00 57 34.90459952  -01 23 27.5511698  0.00000851 0.0003540  -0.549  58610.8 58169.7 59586.9      5    282      0055-016
ICRF J005741.1+041822  0055+040     00 57 41.18664244   04 18 22.7571682  0.00001608 0.0004147  -0.090  59230.0 58631.3 59951.1      5    285      0055+040
ICRF J005748.8+302108  0055+300     00 57 48.88333091   30 21 08.8119760  0.00000253 0.0000430  -0.410  54113.4 50218.8 58770.7     29   1282      NGC0315 
ICRF J005802.2-323420  0055-328     00 58 02.23031983  -32 34 20.7505141  0.00000835 0.0002811  -0.300  57529.0 52305.8 58829.4      5    296      0055-328
ICRF J005805.0-053952  0055-059     00 58 05.06630941  -05 39 52.2781699  0.00000097 0.0000212  -0.085  58143.6 50575.3 60852.8    256   6141      0055-059
ICRF J005815.6-334757  0055-340     00 58 15.64182368  -33 47 57.4946271  0.00000749 0.0002648  -0.118  58436.8 56203.8 60770.3      8    361      0055-340
ICRF J005822.0+193702  0055+193     00 58 22.08347505   19 37 02.2941118  0.00001481 0.0004695   0.041  60494.9 60425.9 60554.7      2    112      0055+193
ICRF J005826.6+032909  0055+032     00 58 26.62202664   03 29 09.6339639  0.00000846 0.0003330  -0.397  59317.7 58634.5 59951.1      5    312      0055+032
ICRF J005832.0+331117  0055+329     00 58 32.06900372   33 11 17.2143592  0.00000432 0.0000930  -0.107  58039.1 53559.8 60602.5      6    634      0055+329
ICRF J005833.8+062006  0055+060     00 58 33.80457375   06 20 06.0734990  0.00000185 0.0000579  -0.107  59158.9 53125.1 60799.7     11    877      0055+060
ICRF J005837.2-182937  0056-187     00 58 37.26610660  -18 29 37.0503412  0.00008162 0.0027830  -0.837  58284.3 57011.1 60497.5      9    111      0056-187
ICRF J005846.5-565911  0056-572     00 58 46.58114105  -56 59 11.4704708  0.00000592 0.0000861   0.132  56521.5 47625.5 58765.7     17    291      0056-572
ICRF J005905.5+000651  0056-001     00 59 05.51493549   00 06 51.6207151  0.00000376 0.0000997  -0.313  54064.3 47004.8 58712.2     24    619      0056-001
ICRF J005952.2+581223  0056+579     00 59 52.20898229   58 12 23.6831473  0.00000518 0.0000472   0.170  58244.2 52305.8 59320.9      7    646      0056+579
ICRF J010009.1+030512  0057+028     01 00 09.14385907   03 05 12.3298156  0.00001395 0.0004199  -0.039  59261.5 58634.5 59951.1      5    280      0057+028
ICRF J010009.3-333731  0057-338     01 00 09.39097123  -33 37 31.9379573  0.00000794 0.0002781  -0.080  58161.5 52305.8 60406.0      6    299      0057-338
ICRF J010038.2+334506  0057+334     01 00 38.29072047   33 45 06.1216325  0.00000500 0.0001280  -0.050  57583.3 53560.9 58712.2      5    529      0057+334
ICRF J010051.6+680820  0057+678     01 00 51.66393422   68 08 20.5309942  0.00000951 0.0000583  -0.110  58075.5 49826.5 59320.9      7    509      0057+678
ICRF J010114.6+060544  0058+058     01 01 14.67013542   06 05 44.5045969  0.00001267 0.0003842  -0.223  57849.8 56903.8 58634.5      5    313      0058+058
ICRF J010116.9+500444  0058+498     01 01 16.99753500   50 04 44.9899058  0.00002462 0.0002721  -0.238  57329.1 50305.3 58669.6      5    281      0058+498
ICRF J010152.3-283120  0059-287     01 01 52.38976441  -28 31 20.4256983  0.00001907 0.0006071  -0.127  58385.9 50687.3 60425.9      8    291      0059-287
ICRF J010157.7+163940  0059+163     01 01 57.71954926   16 39 40.9534186  0.00000672 0.0002486  -0.125  57228.1 50084.5 58530.3      7    389      0059+163
ICRF J010218.6-754651  0100-760     01 02 18.66012455  -75 46 51.7306765  0.00002506 0.0000814   0.090  58531.2 57596.8 59928.8      9    216      0100-760
ICRF J010245.7+582411  0059+581  D  01 02 45.76237265   58 24 11.1365892  0.00000041 0.0000038  -0.046  55406.1 48719.9 60856.7   3217 582549      0059+581
ICRF J010256.3-264636  0100-270     01 02 56.35389245  -26 46 36.5164757  0.00001244 0.0003729  -0.385  58364.1 54111.8 60675.9      7    300      0100-270
ICRF J010326.0+152624  0100+151     01 03 26.00170618   15 26 24.6653303  0.00000444 0.0001374  -0.214  59676.8 58658.7 60162.4      7    722      0100+151
ICRF J010345.2-122244  0101-126     01 03 45.20895246  -12 22 44.1349874  0.00002175 0.0008438  -0.729  58589.7 57098.3 60485.9      8    304      0101-126
ICRF J010410.6+113416  0101+113     01 04 10.62077859   11 34 16.3002339  0.00000800 0.0002782  -0.437  58122.6 56874.5 60442.8      6    246      0101+113
ICRF J010458.2-241628  0102-245     01 04 58.20537435  -24 16 28.4459407  0.00000330 0.0001200  -0.108  57003.4 50631.3 60497.5      7    556      0102-245
ICRF J010529.5+512546  0102+511     01 05 29.55850131   51 25 46.5803818  0.00001261 0.0001504  -0.125  57680.7 50305.3 58669.6      6    380      0102+511
ICRF J010549.9+481903  0102+480     01 05 49.92815720   48 19 03.1930001  0.00000325 0.0000478  -0.020  56706.8 50305.3 58712.2      5    476      0102+480
ICRF J010559.1+060059  0103+057     01 05 59.17005731   06 00 59.3162565  0.00000497 0.0001582  -0.463  58124.0 57659.8 58644.9      7    376      0103+057
ICRF J010600.2+340202  0103+337     01 06 00.29330208   34 02 02.9858247  0.00000695 0.0001306   0.172  57482.3 50218.8 58712.2      6    519      0103+337
ICRF J010610.9+253930  0103+253     01 06 10.96896926   25 39 30.4960101  0.00000835 0.0002171  -0.629  57158.4 50218.8 58621.5      5    366      0103+253
ICRF J010622.9-015538  0103-021     01 06 22.99427234  -01 55 38.4154927  0.00000545 0.0001577   0.013  57068.5 50575.3 58942.4      5    494      0103-021
ICRF J010626.0-271811  0104-275     01 06 26.08203992  -27 18 11.8253692  0.00000289 0.0000903   0.076  57578.0 50687.3 58794.6     13    710      0104-275
ICRF J010633.3+130002  0103+127     01 06 33.35648329   13 00 02.6044511  0.00000362 0.0001147  -0.277  57531.4 50155.3 58652.7      7    544      0103+127
ICRF J010643.2-031536  0104-035     01 06 43.22869603  -03 15 36.2950510  0.00000225 0.0000786  -0.026  57286.1 53572.0 58942.4      5    453      0104-035
ICRF J010645.1-403419  0104-408  D  01 06 45.10796518  -40 34 19.9604456  0.00000042 0.0000074  -0.020  57027.7 47510.2 60852.8   2591  52609      0104-408
ICRF J010646.9+232509  0104+231     01 06 46.99614646   23 25 09.9150125  0.00001952 0.0002617   0.114  60322.3 59996.7 60425.9      2    116      0104+231
ICRF J010652.6+195102  0104+195     01 06 52.63123070   19 51 02.5617168  0.00000341 0.0000976  -0.154  57299.4 53502.7 58540.2      5    448      0104+195
ICRF J010744.9+255843  0105+257     01 07 44.92272589   25 58 43.9759718  0.00001032 0.0002349   0.045  60401.8 60193.8 60602.5      3    248      0105+257
ICRF J010745.9+131205  0105+129     01 07 45.96187953   13 12 05.1915715  0.00000333 0.0000901  -0.231  57530.5 54087.1 58868.4      6    468      0105+129
ICRF J010747.8+261108  0105+259     01 07 47.88631453   26 11 08.6704688  0.00001466 0.0003938  -0.569  57368.9 50218.8 58621.5      5    346      0105+259
ICRF J010819.8-215738  0105-222     01 08 19.85413054  -21 57 38.7555417  0.00000483 0.0001776  -0.068  59999.4 59080.8 60497.5      6    475      0105-222
ICRF J010826.8-003724  0105-008     01 08 26.84258164  -00 37 24.1649148  0.00000380 0.0001111   0.075  57236.4 50575.3 58942.4      5    435      0105-008
ICRF J010838.7+013500  0106+013     01 08 38.77110874   01 35 00.3171443  0.00000037 0.0000070   0.025  51697.2 44446.0 60696.7   2038  58092      0106+013
ICRF J010852.8+132014  0106+130     01 08 52.86980292   13 20 14.2667407  0.00008061 0.0027802   0.946  59287.5 58304.5 60442.8     10    124      0106+130
ICRF J010908.1+181607  0106+180     01 09 08.17687811   18 16 07.5004475  0.00000657 0.0002092  -0.030  60171.9 60093.7 60425.9      4    359      0106+180
ICRF J010915.4-604948  0107-610  D  01 09 15.47520486  -60 49 48.4601449  0.00000462 0.0000597   0.044  57183.0 52779.7 60641.5     71    583      0107-610
ICRF J010917.7-385455  0106-391     01 09 17.79904484  -38 54 55.9845744  0.00021148 0.0092181   0.945  59076.0 58203.3 60425.9     10     84      0106-391
ICRF J010926.5+243315  0106+242     01 09 26.58370280   24 33 15.7126604  0.00001000 0.0002544  -0.444  60278.2 60193.8 60425.9      2    154      0106+242
ICRF J010927.4+075827  0106+077     01 09 27.42101546   07 58 27.7093558  0.00000482 0.0001627  -0.399  59660.9 58644.9 60135.7      5    519      0106+077
ICRF J010927.8+314956  0106+315     01 09 27.88718226   31 49 56.0489566  0.00000314 0.0000588   0.072  58286.3 56301.8 59358.6      7    665      0106+315
ICRF J010946.3+613330  0106+612     01 09 46.34436227   61 33 30.4554522  0.00000398 0.0000302  -0.061  59001.9 52305.8 60770.3     10   1052      0106+612
ICRF J011012.8+680541  0106+678     01 10 12.87346649   68 05 41.2167507  0.00000710 0.0000418  -0.257  58224.0 49826.5 59280.1      8    676      0106+678
ICRF J011013.1-021952  0107-025     01 10 13.16051517  -02 19 52.8382224  0.00000533 0.0002229  -0.315  58524.5 57951.7 59586.9      5    352      0107-025
ICRF J011030.9-041531  0107-045     01 10 30.90278979  -04 15 31.0276548  0.00000398 0.0001354   0.094  57742.5 54111.8 58680.7      6    475      0107-045
ICRF J011033.0+071442  0107+069     01 10 33.01910010   07 14 42.2415533  0.00000794 0.0002365  -0.380  58438.3 57924.7 58828.8      5    214      0107+069
ICRF J011035.5-164827  0108-170     01 10 35.51139787  -16 48 27.7025054  0.00001027 0.0003223   0.032  57905.1 53152.3 58871.4      6    290      0108-170
ICRF J011050.0-074141  0108-079     01 10 50.02099959  -07 41 41.1142261  0.00000209 0.0000753  -0.017  57436.1 50575.3 60118.4      6    562      0108-079
ICRF J011057.5+563216  0107+562     01 10 57.55275704   56 32 16.9477228  0.00008079 0.0004945  -0.038  58697.5 52408.7 59981.8      8    252      0107+562
ICRF J011104.7-142232  0108-146     01 11 04.72209104  -14 22 32.9036246  0.00008475 0.0025133  -0.225  58949.2 57098.3 60485.9     14    109      0108-146
ICRF J011137.3+390628  0108+388     01 11 37.31677081   39 06 28.1039472  0.00000431 0.0000525   0.192  52870.0 49098.7 58420.7     15    682      0108+388
ICRF J011156.8-131701  0109-135     01 11 56.85793414  -13 17 01.1965418  0.00000321 0.0001189  -0.065  57620.7 53560.9 58871.4      6    463      0109-135
ICRF J011205.8+224438  0109+224     01 12 05.82471387   22 44 38.7863112  0.00000052 0.0000091  -0.035  57865.9 48433.8 60852.8    437  16393      0109+224
ICRF J011210.1+202021  0109+200     01 12 10.19080892   20 20 21.7637248  0.00000362 0.0000867   0.081  58113.8 57645.8 59230.1      6    564      0109+200
ICRF J011212.9+352219  0109+351     01 12 12.94440451   35 22 19.3364323  0.00000234 0.0000438   0.054  57395.3 50241.8 59378.0      7    695      0109+351
ICRF J011217.0+025738  0109+026     01 12 17.04523093   02 57 38.0175728  0.00001274 0.0005002  -0.301  58949.3 58143.4 60448.8      6    311      0109+026
ICRF J011218.9-663445  0110-668     01 12 18.91289765  -66 34 45.1880750  0.00001408 0.0001270   0.503  56990.5 53222.4 59065.7     25    192      0110-668
ICRF J011250.3+320817  0110+318     01 12 50.33304953   32 08 17.4325153  0.00000230 0.0000459  -0.143  57213.1 50218.8 59190.8      6    596      0110+318
ICRF J011315.8-355148  0110-361     01 13 15.85637262  -35 51 48.3669295  0.00000512 0.0001487   0.030  58520.7 55111.8 60799.7      9    477      0110-361
ICRF J011327.0+494824  0110+495  D  01 13 27.00680234   49 48 24.0432672  0.00000122 0.0000170  -0.171  56986.3 49421.9 60623.9     90   4420      0110+495
ICRF J011343.1+022217  0111+021     01 13 43.14495084   02 22 17.3161335  0.00000090 0.0000167  -0.220  55540.2 47206.8 60849.7    542   7938      0111+021
ICRF J011354.5+132452  0111+131     01 13 54.51033782   13 24 52.4785282  0.00000502 0.0001465  -0.116  57830.2 50155.3 58551.2      5    362      0111+131
ICRF J011411.9+220708  0111+218     01 14 11.90150874   22 07 08.3388764  0.00001601 0.0004843  -0.520  60113.4 59693.1 60442.8      5    297      0111+218
ICRF J011452.7+132537  0112+131     01 14 52.77686482   13 25 37.5300472  0.00000741 0.0002127  -0.066  59545.7 57973.7 60834.1      8    518      0112+131
ICRF J011457.3-241944  0112-245     01 14 57.32646940  -24 19 44.6772384  0.00000652 0.0002111  -0.097  57794.4 54817.8 58794.6      5    336      0112-245
ICRF J011511.0+132446  0112+13A     01 15 11.06714270   13 24 46.4211438  0.00000630 0.0002256  -0.294  59171.0 57973.7 60442.8      6    282      0112+13A
ICRF J011517.0-012704  0112-017     01 15 17.09994846  -01 27 04.5773183  0.00000183 0.0000395  -0.424  55044.2 47277.8 59928.8     70   1144      0112-017
ICRF J011523.8-280455  0113-283     01 15 23.88358830  -28 04 55.2240443  0.00000533 0.0001374   0.025  56613.0 50687.3 58794.6      9    347      0113-283
ICRF J011546.5-304919  0113-310     01 15 46.50549479  -30 49 19.4008092  0.00000370 0.0001109  -0.092  58587.1 53125.1 60675.9      8    608      0113-310
ICRF J011612.5-113615  0113-118     01 16 12.52201823  -11 36 15.4344445  0.00000194 0.0000281  -0.005  55116.9 47175.5 59230.1     50   1112      0113-118
ICRF J011638.0+242253  0113+241     01 16 38.06766765   24 22 53.7245230  0.00000362 0.0000839   0.080  57900.3 50084.5 60135.7      6    496      0113+241
ICRF J011651.5-205210  0114-211     01 16 51.40518574  -20 52 06.8874955  0.00006076 0.0010424  -0.221  59097.1 52408.7 60497.5     13    168      0114-211
ICRF J011725.2+141812  0114+140     01 17 25.20310419   14 18 12.4205788  0.00000318 0.0000685  -0.060  56944.9 50084.5 58681.8      8    378      0114+140
ICRF J011726.1+074218  0114+074     01 17 26.16638700   07 42 17.4408273  0.00000943 0.0003557  -0.102  59381.1 58510.3 60084.1      6    324      0114+074
ICRF J011748.7-211106  0115-214     01 17 48.78012985  -21 11 06.6332475  0.00000088 0.0000131   0.009  58021.4 50631.3 60852.8    710  11178      0115-214
ICRF J011818.4+025805  0115+027     01 18 18.48175137   02 58 05.7889167  0.00000215 0.0000529  -0.136  59086.4 57673.7 60834.1     11    874      0115+027
ICRF J011857.2-214130  0116-219     01 18 57.26217964  -21 41 30.1402981  0.00000103 0.0000152  -0.024  57470.4 50631.3 60704.8    144   5701      0116-219
ICRF J011901.2+082954  0116+082     01 19 01.27427256   08 29 54.7052141  0.00000616 0.0002167  -0.254  57813.2 52408.7 58669.6      6    284      0116+082
ICRF J011935.0+321050  0116+319     01 19 35.00098616   32 10 50.0612288  0.00001958 0.0003319  -0.208  58306.6 48786.9 60485.9     11    292      0116+319
ICRF J011943.6-165408  0117-171     01 19 43.64591373  -16 54 08.9725201  0.00000878 0.0002958   0.188  57209.3 53551.8 58899.4      5    344      0117-171
ICRF J012017.0+120326  0117+117     01 20 17.02798192   12 03 26.3242106  0.00000666 0.0002046  -0.201  59065.5 58510.3 59642.1      5    298      0117+117
ICRF J012031.6-270124  0118-272     01 20 31.66338618  -27 01 24.6526861  0.00000428 0.0001155  -0.163  54728.7 47511.2 60425.9     34    554      0118-272
ICRF J012100.7-280622  0118-283     01 21 00.74199514  -28 06 22.1783105  0.00000697 0.0002266  -0.150  58225.1 53502.7 60675.9      6    320      0118-283
ICRF J012128.9+112700  0118+111     01 21 28.99918465   11 27 00.5031362  0.00000321 0.0000936  -0.121  58144.8 52939.7 59378.0      8    564      0118+111
ICRF J012141.5+114950  0119+115     01 21 41.59504785   11 49 50.4134412  0.00000025 0.0000072  -0.013  55716.7 47717.7 60845.8   2109  88308      0119+115
ICRF J012142.7+095759  0119+097     01 21 42.74486633   09 57 59.8626649  0.00002127 0.0004890  -0.494  59273.0 58512.3 60135.7      6    275      0119+097
ICRF J012156.8+042224  0119+041     01 21 56.86169442   04 22 24.7342420  0.00000039 0.0000093  -0.091  51820.7 46976.9 60852.8   2183  57916      0119+041
ICRF J012203.5+420745  0119+418     01 22 03.54774998   42 07 45.7823846  0.00001189 0.0002106   0.373  60220.6 60059.7 60406.0      2    211      0119+418
ICRF J012213.9-001801  0119-005     01 22 13.91046304  -00 18 01.0509131  0.00000446 0.0001497  -0.023  58601.0 58121.7 59586.9      5    406      0119-005
ICRF J012217.4-005615  0119-011     01 22 17.46995617  -00 56 15.6967812  0.00000260 0.0000975  -0.198  58622.3 54111.8 60834.1      7    657      0119-011
ICRF J012227.8-042127  0119-046     01 22 27.88533984  -04 21 27.1765379  0.00000392 0.0001269  -0.097  58432.8 57218.8 59693.1      6    481      0119-046
ICRF J012238.8+250231  0119+247     01 22 38.81598451   25 02 31.7927410  0.00000224 0.0000486  -0.001  57236.6 50218.8 59271.2      8    543      0119+247
ICRF J012245.4+295412  0119+296     01 22 45.43003733   29 54 12.6431469  0.00000226 0.0000548  -0.088  57825.3 53125.1 60135.7      6    528      0119+296
ICRF J012245.7+140303  0120+137     01 22 45.75522934   14 03 03.3298399  0.00000591 0.0001547  -0.340  58890.2 57973.7 59642.1      5    420      0120+137
ICRF J012302.2+304406  0120+304     01 23 02.28144649   30 44 06.9177110  0.00000477 0.0001002   0.108  57938.1 53572.0 60602.5      6    537      0120+304
ICRF J012335.7-034839  0121-040     01 23 35.77474043  -03 48 39.3143727  0.00000453 0.0001587  -0.090  57933.7 54087.1 58512.3      5    343      0121-040
ICRF J012343.0+261522  0120+259     01 23 43.04518215   26 15 22.4267045  0.00000378 0.0000979  -0.329  57072.8 50218.8 59140.5      6    535      0120+259
ICRF J012346.3-092303  0121-096     01 23 46.38464814  -09 23 03.3364341  0.00000351 0.0001285   0.033  59086.6 53559.8 60834.1      8    633      0121-096
ICRF J012421.4-341621  0122-345     01 24 21.45933762  -34 16 21.4539853  0.00000773 0.0002577   0.036  57423.6 52305.8 58871.4      7    341      0122-345
ICRF J012425.8+561851  0121+560     01 24 25.82703166   56 18 51.9143824  0.00000956 0.0000951   0.305  57628.3 49576.0 58731.8      8    557      0121+560
ICRF J012455.8+280511  0122+278     01 24 55.87916014   28 05 11.3909648  0.00001170 0.0002534   0.025  56845.1 50218.8 58631.3      5    414      0122+278
ICRF J012457.3-511316  0122-514     01 24 57.39147786  -51 13 16.1675005  0.00000907 0.0001636   0.238  55569.7 53381.7 59051.7     16     73      0122-514
ICRF J012507.7+471803  0122+470     01 25 07.70678420   47 18 03.0859218  0.00000796 0.0001112   0.280  57626.8 50305.3 58746.6      5    396      0122+470
ICRF J012514.2-371850  0122-375     01 25 14.22810912  -37 18 50.3428123  0.00010015 0.0043531  -0.100  60187.7 59707.7 60425.9      4     56      0122-375
ICRF J012518.8-254904  0122-260     01 25 18.83745458  -25 49 04.3892239  0.00000508 0.0001813  -0.137  57066.5 53560.9 58803.0      5    302      0122-260
ICRF J012528.8-000555  0122-003     01 25 28.84384079  -00 05 55.9315789  0.00000343 0.0000926  -0.068  56151.8 50575.3 59230.1     12    406      0122-003
ICRF J012536.4-043813  0123-048     01 25 36.49643694  -04 38 13.9525374  0.00000425 0.0001567  -0.186  59299.2 58436.8 59971.0      5    327      0123-048
ICRF J012604.7-011816  0123-015     01 26 00.62214823  -01 20 42.5103836  0.00000525 0.0001889   0.216  59237.2 58326.5 60135.7      7    284      0123-015
ICRF J012607.8+704652  0122+705     01 26 07.84363887   70 46 52.3858946  0.00001448 0.0001009  -0.084  57862.4 49826.5 58621.5      5    487      0122+705
ICRF J012615.0-222233  0123-226     01 26 15.00165347  -22 22 33.6032807  0.00000370 0.0001218  -0.155  58128.0 53125.1 60683.7      7    513      0123-226
ICRF J012633.8-151834  0124-155     01 26 33.89071672  -15 18 34.1167987  0.00000610 0.0002106   0.159  57596.1 54656.8 58899.4      5    303      0124-155
ICRF J012642.7+255901  0123+257     01 26 42.79263079   25 59 01.2999814  0.00000123 0.0000248  -0.057  55577.4 48377.8 60845.8     63   2637      0123+257
ICRF J012654.7+124550  0124+125     01 26 54.74783682   12 45 50.1122839  0.00001382 0.0004148  -0.288  59333.5 58512.3 60162.4      7    344      0124+125
ICRF J012704.7+732312  0123+731     01 27 04.71637074   73 23 12.6755134  0.00003741 0.0001412  -0.253  57980.8 53572.0 60118.4      6    456      0123+731
ICRF J012714.8-481332  0125-484     01 27 14.83893303  -48 13 32.0943239  0.00009518 0.0016266   0.338  58265.2 58247.7 58275.8      2      8      0125-484
ICRF J012716.3-082128  0124-086     01 27 16.31119454  -08 21 28.8969525  0.00000481 0.0001704  -0.198  58227.8 55740.7 59707.7      6    398      0124-086
ICRF J012722.8+015824  0124+017     01 27 22.88187879   01 58 24.5268913  0.00001746 0.0005181  -0.495  59911.8 59405.2 60448.8      5    255      0124+017
ICRF J012801.3-172224  0125-176     01 28 01.39273931  -17 22 24.2522095  0.00001037 0.0003603  -0.244  57990.1 57098.3 58899.4      5    258      0125-176
ICRF J012808.0+490105  0125+487     01 28 08.06337597   49 01 05.9855851  0.00000383 0.0000536  -0.007  56904.7 50305.3 58746.6      5    429      0125+487
ICRF J012830.5+630629  0125+628     01 28 30.56505456   63 06 29.8819303  0.00000744 0.0000531  -0.092  57570.9 53977.8 59271.2      6    596      0125+628
ICRF J012955.3+144647  0127+145     01 29 55.34715971   14 46 47.8363871  0.00000316 0.0000614  -0.112  55239.7 50084.5 58696.8     10    365      0127+145
ICRF J012957.0+080021  0127+077     01 29 57.04697321   08 00 21.3973721  0.00001425 0.0004450   0.351  59346.2 58512.3 60152.8      6    329      0127+077
ICRF J013023.5+260808  0127+258     01 30 23.53040526   26 08 08.3875597  0.00005676 0.0005698  -0.390  60124.0 59693.1 60485.9      4    145      0127+258
ICRF J013027.6+084246  0127+084     01 30 27.63443087   08 42 46.1716769  0.00000239 0.0000789  -0.236  57114.4 49913.7 59271.2     12    843      0127+084
ICRF J013126.7+383439  0128+383     01 31 26.71344937   38 34 39.2208960  0.00000318 0.0000637  -0.161  57877.2 53559.8 58746.6      5    411      0128+383
ICRF J013203.0+221650  0129+220     01 32 03.07879124   22 16 50.3351681  0.00000563 0.0001359  -0.134  57617.5 54111.8 58631.3      5    460      0129+220
ICRF J013220.4+562040  0129+560     01 32 20.44734395   56 20 40.3699823  0.00000600 0.0000651  -0.100  56207.0 49576.0 58677.2      5    462      0129+560
ICRF J013241.1-080404  0130-083     01 32 41.12603619  -08 04 04.8363168  0.00000908 0.0002945  -0.360  58316.2 57722.8 59405.2      5    277      0130-083
ICRF J013243.4-165448  0130-171     01 32 43.48746274  -16 54 48.5221378  0.00000280 0.0000291   0.144  54824.3 50631.3 58576.8     51    836      0130-171
ICRF J013244.1+432532  0129+431     01 32 44.12680645   43 25 32.6608577  0.00000279 0.0000445  -0.071  58359.6 50241.8 60683.7      7    705      0129+431
ICRF J013300.8-443043  0130-447     01 33 00.86376064  -44 30 43.5651111  0.00001591 0.0005157  -0.359  58398.1 53133.5 60442.8     11    275      0130-447
ICRF J013303.2+455549  0130+456     01 33 03.27454343   45 55 49.7048105  0.00000898 0.0001452   0.181  60357.6 60059.7 60623.9      3    322      0130+456
ICRF J013305.7-520003  0131-522     01 33 05.76250249  -52 00 03.9453624  0.00000068 0.0000096   0.060  59096.8 48161.5 60856.7    960  27108      0131-522
ICRF J013324.6+242741  0130+242     01 33 24.62795892   24 27 41.3047218  0.00000740 0.0002070  -0.388  58606.0 57951.7 59693.1      5    311      0130+242
ICRF J013412.7+000345  0131-001     01 34 12.70414839   00 03 45.1388363  0.00000656 0.0001950  -0.368  57342.9 50575.3 58712.2      5    347      0131-001
ICRF J013424.9-120238  0131-122     01 34 24.96044776  -12 02 38.2455987  0.00001383 0.0005493  -0.682  60115.6 59642.1 60485.9      4    244      0131-122
ICRF J013432.0-384333  0132-389     01 34 32.03014184  -38 43 33.3857964  0.00000556 0.0001890   0.162  58589.9 52305.8 60799.7      9    442      0132-389
ICRF J013435.6-093102  0132-097     01 34 35.66148106  -09 31 02.9922617  0.00001688 0.0005531   0.249  56885.9 52408.7 57950.4      4     51      0132-097
ICRF J013440.7+692510  0130+691     01 34 40.76128528   69 25 10.8996192  0.00000861 0.0000463   0.118  58732.0 49826.5 60770.3     10    881      0130+691
ICRF J013537.5-200845  0133-204     01 35 37.50940418  -20 08 45.8621859  0.00000286 0.0001035   0.088  56686.2 50631.3 60530.8      7    696      0133-204
ICRF J013602.8-404450  0133-410     01 36 02.85650905  -40 44 50.2985879  0.00000959 0.0001011   0.296  58991.9 58141.7 60442.8      8    253      0133-410
ICRF J013632.5+390559  0133+388     01 36 32.59836585   39 05 59.1988258  0.00001016 0.0002258  -0.020  60169.5 60033.6 60425.9      3    200      0133+388
ICRF J013658.5+475129  0133+476  D  01 36 58.59480665   47 51 29.1000421  0.00000032 0.0000041  -0.044  55837.8 44342.5 60852.8   2531 297983      0133+476
ICRF J013708.7+312235  0134+311     01 37 08.73363461   31 22 35.8555001  0.00000075 0.0000142   0.046  56925.0 50218.8 60852.8    512  12614      0134+311
ICRF J013715.6+214544  0134+215     01 37 15.62495397   21 45 44.2711417  0.00000523 0.0001327  -0.284  57703.1 53560.9 58631.3      5    398      0134+215
ICRF J013724.4+084338  0134+084     01 37 24.48281162   08 43 38.1749740  0.00000346 0.0001111  -0.210  59432.9 58530.3 60152.8      6    605      0134+084
ICRF J013738.3-243053  0135-247     01 37 38.34644671  -24 30 53.8855997  0.00000301 0.0000376   0.049  54130.9 47639.0 59016.7     52   1229      0135-247
ICRF J013741.2+330935  0134+329     01 37 41.29954780   33 09 35.1344823  0.00002549 0.0005738   0.354  50576.0 48193.8 58001.7     18     95      3C48    
ICRF J                 3C48B        01 37 41.29965252   33 09 35.0768345  0.00000191 0.0000419  -0.186  59007.1 58267.7 60485.9     33   1730      3C48B   
ICRF J013751.0+092319  0135+091     01 37 51.09378996   09 23 19.1315359  0.00000303 0.0000833  -0.074  58476.1 57924.7 58712.2      5    418      0135+091
ICRF J013809.8-271127  0135-274     01 38 09.81823013  -27 11 27.9336263  0.00000551 0.0001971  -0.056  57271.8 53572.0 58803.0      5    364      0135-274
ICRF J013851.8-054008  0136-059     01 38 51.85124873  -05 40 08.2429514  0.00000360 0.0001125  -0.038  56916.6 50575.3 60135.7      9    629      0136-059
ICRF J013857.4-225447  0136-231     01 38 57.46564925  -22 54 47.3302201  0.00000459 0.0001685   0.178  56776.1 50631.3 60530.8      7    575      0136-231
ICRF J013941.9+175307  0136+176     01 39 41.97918751   17 53 07.5496290  0.00000508 0.0001130  -0.113  56061.7 50084.5 60219.1      7    410      0136+176
ICRF J013944.4-234558  0137-240     01 39 44.46263304  -23 45 58.1542167  0.00000596 0.0001909   0.033  59922.3 59080.8 60530.8      6    453      0137-240
ICRF J013955.3-270529  0137-273     01 39 55.39858404  -27 05 29.1795083  0.00001947 0.0006769  -0.415  58385.0 57098.3 60425.9      9    246      0137-273
ICRF J013957.1+082426  0137+081     01 39 57.19375275   08 24 26.6521645  0.00001506 0.0003051   0.032  59409.7 58530.3 60152.8      6    424      0137+081
ICRF J013957.3+013146  0137+012     01 39 57.30577763   01 31 46.1386769  0.00000293 0.0000521  -0.056  57251.8 54313.8 58975.8     41    723      0137+012
ICRF J014004.4-153255  0137-158     01 40 04.43519181  -15 32 55.6800508  0.00000273 0.0001006  -0.071  59050.6 53560.9 60760.8      8    882      0137-158
ICRF J014036.8-375645  0138-381     01 40 36.82052200  -37 56 45.8116389  0.00001081 0.0003514   0.115  59253.1 58216.3 60442.8      9    253      0138-381
ICRF J014043.0+465828  0137+467     01 40 43.07235174   46 58 28.4907475  0.00001180 0.0001608  -0.244  57781.4 50305.3 58746.6      6    342      0137+467
ICRF J014043.0+634606  0137+635     01 40 43.07789326   63 46 06.8906485  0.00000949 0.0000637  -0.318  57909.7 52305.8 58794.6      5    517      0137+635
ICRF J014054.6+434245  0137+434     01 40 54.66447115   43 42 45.2075850  0.00000898 0.0001169  -0.104  57733.8 54087.1 58794.6      5    416      0137+434
ICRF J014109.1+135328  0138+136     01 41 09.14863402   13 53 28.4029405  0.00003236 0.0005833   0.071  59621.4 58540.2 60448.8      8    215      0138+136
ICRF J014125.8-092843  0138-097     01 41 25.83216349  -09 28 43.6743644  0.00000104 0.0000145   0.061  57173.7 46874.8 60856.7    180   5405      0138-097
ICRF J014133.7-020221  0139-022     01 41 33.79016657  -02 02 21.5534261  0.00000370 0.0001164   0.044  57310.9 53572.0 58530.3      5    367      0139-022
ICRF J014137.9-093001  0139-097     01 41 37.93973787  -09 30 01.7864972  0.00000661 0.0002443  -0.051  58824.2 58121.7 60485.9      6    278      0139-097
ICRF J014208.1-305722  0139-312     01 42 08.12162612  -30 57 22.5957820  0.00002357 0.0006990   0.143  60112.9 59742.1 60442.8      4    127      0139-312
ICRF J014220.1-271125  0140-274     01 42 20.17644497  -27 11 25.3243916  0.00000570 0.0002095  -0.011  59795.3 59080.8 60442.8      6    293      0140-274
ICRF J014303.1+412920  0140+412     01 43 03.18454726   41 29 20.4453565  0.00000441 0.0000767  -0.168  56598.3 50241.8 58794.6      5    393      0140+412
ICRF J014310.1-320056  0140-322     01 43 10.13158326  -32 00 56.6523340  0.00000427 0.0001493   0.071  58400.4 52305.8 60799.7      7    471      0140-322
ICRF J014331.0+121542  0140+120     01 43 31.09229351   12 15 42.9328247  0.00000517 0.0001306  -0.121  58648.4 53125.1 60834.1      9    668      0140+120
ICRF J014346.8+491541  0140+490     01 43 46.88000860   49 15 41.5845637  0.00001709 0.0002126   0.021  57881.2 50305.3 58794.6      5    374      0140+490
ICRF J014411.8+341156  0141+339     01 44 11.83096953   34 11 56.3963633  0.00001960 0.0004534  -0.737  59114.7 57784.7 60497.5      6    270      0141+339
ICRF J014433.5+270503  0141+268     01 44 33.55385487   27 05 03.1181012  0.00000347 0.0000810  -0.054  57773.3 53559.8 58634.5      5    351      0141+268
ICRF J014454.0-393810  0142-398     01 44 54.09360169  -39 38 10.5264844  0.00000910 0.0003222  -0.057  58645.5 52408.7 60203.4      8    264      0142-398
ICRF J014459.2+125949  0142+127     01 44 59.23422670   12 59 49.1073001  0.00000416 0.0001333  -0.306  59487.3 58540.2 60219.1      6    462      0142+127
ICRF J014503.3-273334  0142-278     01 45 03.39460196  -27 33 34.3283413  0.00000298 0.0000789   0.173  57895.1 50687.3 60715.1     17    875      0142-278
ICRF J014514.2+581049  0141+579     01 45 14.29858000   58 10 49.7922784  0.00006916 0.0008200   0.174  59019.9 57046.0 60425.9     11    261      0141+579
ICRF J014552.9+231919  0143+230     01 45 52.90624970   23 19 19.2980458  0.00000263 0.0000652  -0.087  56653.7 50084.5 60152.8      6    508      0143+230
ICRF J014633.2+124550  0143+125     01 46 33.27939135   12 45 50.8637566  0.00003757 0.0009261  -0.334  60021.1 59405.2 60448.8      5    107      0143+125
ICRF J014658.7+211024  0144+209     01 46 58.78378091   21 10 24.3839879  0.00000702 0.0001612  -0.562  57839.1 50084.5 60152.8      8    425      0144+209
ICRF J014737.7+485937  0144+487     01 47 37.77506332   48 59 37.5107017  0.00000894 0.0001059   0.287  57865.7 50305.3 58794.6      5    400      0144+487
ICRF J014738.3-082718  0145-087     01 47 38.38608387  -08 27 18.0472726  0.00001042 0.0003793  -0.166  60424.8 60424.8 60424.8      1     94      0145-087
ICRF J014746.5+584044  0144+584     01 47 46.54086903   58 40 44.9710411  0.00000780 0.0000807  -0.043  57315.4 49576.0 60219.1     11    692      0144+584
ICRF J014753.8+211539  0145+210     01 47 53.82286326   21 15 39.7265298  0.00000508 0.0001710  -0.167  58239.1 57575.8 58634.5      5    423      0145+210
ICRF J014824.3+385405  0145+386     01 48 24.37754612   38 54 05.2202786  0.00000305 0.0000537  -0.120  57062.5 50241.8 58794.6      5    495      0145+386
ICRF J014828.8+102821  0145+102     01 48 28.87390187   10 28 21.3106447  0.00005249 0.0010064  -0.213  59473.0 58540.2 60448.8      8    182      0145+102
ICRF J014841.2+092722  0146+092     01 48 41.23557571   09 27 22.9892848  0.00002969 0.0005647  -0.281  59622.6 58551.2 60472.1      7    308      0146+092
ICRF J014844.5+421519  0145+420     01 48 44.57637186   42 15 19.4045289  0.00000537 0.0000943  -0.078  57852.2 55965.8 59405.2      5    424      0145+420
ICRF J014922.3+055553  0146+056     01 49 22.37090244   05 55 53.5684881  0.00000169 0.0000422  -0.245  52041.1 47287.8 60203.4     59   1247      0146+056
ICRF J014946.0+362832  0146+362     01 49 46.07707125   36 28 32.6425706  0.00005063 0.0007330  -0.243  60182.1 59693.1 60425.9      4    109      0146+362
ICRF J014949.7+185720  0147+187     01 49 49.71895614   18 57 20.6114399  0.00000272 0.0000670   0.068  56530.8 50084.5 60259.3      6    522      0147+187
ICRF J015002.6-072548  0147-076     01 50 02.69682099  -07 25 48.4970620  0.00003496 0.0009440   0.078  58096.3 49534.0 60497.5     17    189      0147-076
ICRF J015002.8+264628  0147+265     01 50 02.80499367   26 46 28.0840643  0.00000487 0.0001327  -0.253  58509.5 56748.7 60602.5      6    525      0147+265
ICRF J015106.0-173244  0148-177     01 51 06.08334648  -17 32 44.7181896  0.00000260 0.0000936   0.009  57004.8 50631.3 59358.6      8    572      0148-177
ICRF J015106.2+251728  0148+250     01 51 06.23386735   25 17 28.6624044  0.00000471 0.0001287  -0.091  58161.9 53560.9 60602.5      6    535      0148+250
ICRF J015123.4-343513  0149-348     01 51 23.48910398  -34 35 13.8775223  0.00000855 0.0002885   0.314  57309.3 52305.8 58921.9      6    314      0149-348
ICRF J015127.1+274441  0148+274     01 51 27.14618246   27 44 41.7935043  0.00000177 0.0000354  -0.244  55023.7 48719.9 60602.5     27   1725      0148+274
ICRF J015136.2+545437  0148+546     01 51 36.28568032   54 54 37.6905342  0.00000607 0.0000724  -0.114  58181.7 49576.0 59440.3      7    532      0148+546
ICRF J015148.0-171955  0149-175     01 51 48.04938719  -17 19 55.0544441  0.00000664 0.0002368   0.260  57575.7 53572.0 58921.9      5    278      0149-175
ICRF J015206.6+121737  0149+120     01 52 06.68225357   12 17 37.3696245  0.00002052 0.0007710  -0.605  58696.5 58551.2 58794.6      2    134      0149+120
ICRF J015212.2+371605  0149+370     01 52 12.21995402   37 16 05.6673113  0.00000384 0.0000740  -0.124  56880.6 50241.8 58794.6      5    502      0149+370
ICRF J015214.9+083141  0149+082     01 52 14.90129922   08 31 41.8102444  0.00000588 0.0001841  -0.278  59143.3 58551.2 59894.2      5    396      0149+082
ICRF J015218.0+220707  0149+218  D  01 52 18.05903947   22 07 07.6997038  0.00000068 0.0000142  -0.031  57242.8 46976.9 60834.1    178   6905      0149+218
ICRF J015232.0-141239  0150-144     01 52 32.01245924  -14 12 39.3941276  0.00000325 0.0000524   0.081  58546.7 50631.3 60675.9     21    724      0150-144
ICRF J015233.6-294247  0150-299     01 52 33.69289738  -29 42 47.9274766  0.00000574 0.0001953   0.229  58476.5 53559.8 60760.8      7    439      0150-299
ICRF J015234.5+335033  0149+335     01 52 34.57639161   33 50 33.1587582  0.00000524 0.0000831  -0.284  57652.7 50218.8 59271.2      8    662      0149+335
ICRF J015239.6+014717  0150+015     01 52 39.61093472   01 47 17.3837307  0.00000761 0.0002493   0.044  58459.3 58203.3 59405.2      5    390      0150+015
ICRF J015243.1+002039  0150+000     01 52 43.14996540   00 20 39.7114177  0.00000536 0.0001911  -0.203  57834.1 53125.1 60203.4      6    372      0150+000
ICRF J015301.5-190656  0150-193     01 53 01.51111609  -19 06 56.6865839  0.00000612 0.0002357  -0.267  57617.3 54087.1 58921.9      5    316      0150-193
ICRF J015310.1-331025  0150-334     01 53 10.12173638  -33 10 25.8620561  0.00000652 0.0000971  -0.138  55182.7 47510.2 58921.9     33    346      0150-334
ICRF J015325.8+711506  0149+710     01 53 25.85104380   71 15 06.4634819  0.00001345 0.0000541  -0.039  58005.8 49826.5 59358.6      8    691      0149+710
ICRF J015400.3+111354  0151+109     01 54 00.39839145   11 13 54.7395504  0.00000395 0.0001302  -0.342  58788.6 57973.7 59440.3      5    410      0151+109
ICRF J015402.7+082351  0151+081     01 54 02.77024265   08 23 51.0673890  0.00000457 0.0001456  -0.166  58006.2 53133.5 58803.0      6    517      0151+081
ICRF J015454.4+443337  0151+443     01 54 54.46702380   44 33 37.9629818  0.00001735 0.0002693  -0.101  60506.4 60425.9 60623.9      2    155      0151+443
ICRF J015456.2+474326  0151+474     01 54 56.28988166   47 43 26.5395878  0.00000078 0.0000109  -0.013  58093.1 49749.8 60856.7    342  13916      0151+474
ICRF J015503.7+043830  0152+043     01 55 03.72546198   04 38 30.3490919  0.00000939 0.0002487  -0.151  57371.1 49913.7 58736.7      6    364      0152+043
ICRF J015533.2-144317  0153-149     01 55 33.24248013  -14 43 17.4386358  0.00001464 0.0005217  -0.366  59320.2 58272.3 60497.5      6    307      0153-149
ICRF J015537.0-404842  0153-410     01 55 37.05931064  -40 48 42.3579985  0.00001121 0.0001277   0.246  57866.1 48765.9 58576.8     15    302      0153-410
ICRF J015558.9+223011  0153+222     01 55 58.93531748   22 30 11.8656936  0.00000434 0.0001115   0.092  56967.3 50084.5 60152.8      6    526      0153+222
ICRF J015629.7-241252  0154-244     01 56 29.71145319  -24 12 52.5159680  0.00000424 0.0001617   0.028  60090.1 59115.8 60530.8      5    304      0154-244
ICRF J015631.4+391430  0153+389     01 56 31.41014152   39 14 30.9237718  0.00000341 0.0000713   0.084  57190.0 53125.1 58803.0      5    485      0153+389
ICRF J015649.7-543948  0155-549     01 56 49.71229789  -54 39 48.4992965  0.00003049 0.0004290   0.352  57628.1 54722.8 58701.7      5     40      0155-549
ICRF J015705.0+412030  0154+410     01 57 05.00509760   41 20 30.6181936  0.00008296 0.0008585  -0.747  58858.9 57784.7 60425.9     11    233      0154+410
ICRF J015710.5+001124  0154-000     01 57 10.53489752   00 11 24.4848354  0.00000507 0.0001696  -0.376  57296.2 53572.0 58746.6      5    482      0154-000
ICRF J015734.9+744243  0153+744     01 57 34.96496954   74 42 43.2289299  0.00001298 0.0000495   0.017  52626.0 47019.0 60118.4     28    872      0153+744
ICRF J015741.6-104340  0155-10A     01 57 41.61924850  -10 43 40.9654306  0.00000580 0.0002157  -0.182  59914.2 59353.8 60497.5      6    228      0155-10A
ICRF J015800.1+212442  0155+211     01 58 00.10798038   21 24 42.7880565  0.00000500 0.0001121  -0.194  57707.0 54087.1 58644.9      5    447      0155+211
ICRF J015843.7-141307  0156-144     01 58 43.71964100  -14 13 07.1181367  0.00000566 0.0001712   0.089  56607.3 50631.3 58942.4      5    395      0156-144
ICRF J015856.2+130702  0156+128     01 58 56.27377600   13 07 02.7406470  0.00000236 0.0000655  -0.081  57129.3 50084.5 58803.0      9    648      0156+128
ICRF J015857.6+165547  0156+166     01 58 57.67704854   16 55 47.3191043  0.00000749 0.0001971  -0.043  58911.6 57973.7 59707.7      5    376      0156+166
ICRF J015924.2+310647  0156+308     01 59 24.25410978   31 06 47.8329975  0.00000905 0.0001677  -0.569  60314.6 60276.7 60395.7      2    195      0156+308
ICRF J015934.3+104705  0156+105     01 59 34.39268247   10 47 05.7675173  0.00000954 0.0003400   0.064  60216.5 59894.2 60472.1      4    205      0156+105
ICRF J015943.8-030446  0157-033     01 59 43.80694867  -03 04 46.4514274  0.00000953 0.0003008  -0.070  60424.8 60424.8 60424.8      1    117      0157-033
ICRF J020007.6+215700  0157+217     02 00 07.62327658   21 57 00.8002666  0.00003057 0.0006162   0.078  60163.7 59693.1 60442.8      4    136      0157+217
ICRF J020011.8-401058  0158-404     02 00 11.83902530  -40 10 58.3053553  0.00000998 0.0001171   0.313  59269.8 58141.7 60162.4     10    301      0158-404
ICRF J020040.8+032249  0158+031     02 00 40.81649808   03 22 49.5071041  0.00000243 0.0000736  -0.112  57515.0 53559.8 58746.6      6    569      0158+031
ICRF J020051.1-154236  0158-159     02 00 51.14884760  -15 42 36.8638707  0.00000588 0.0001991  -0.098  57690.4 53572.0 58942.4      5    313      0158-159
ICRF J020058.3-135617  0158-141     02 00 58.31699734  -13 56 17.9776848  0.00000985 0.0003485  -0.087  57820.2 53560.9 58942.4      5    264      0158-141
ICRF J020107.7-663812  0159-668     02 01 07.74401071  -66 38 12.6661437  0.00001529 0.0001319   0.173  58054.4 57152.0 59065.7      8    132      0159-668
ICRF J020151.5+034309  0159+034     02 01 51.50876445   03 43 09.2584390  0.00000488 0.0001667  -0.077  57060.4 49913.7 58746.6      5    476      0159+034
ICRF J020157.1-113233  0159-117     02 01 57.17934251  -11 32 33.4366503  0.00000274 0.0000982  -0.191  57329.5 54186.7 58942.4      5    458      0159-117
ICRF J020205.7+811545  0155+810     02 02 05.74639086   81 15 45.2775903  0.00018942 0.0003408   0.125  58116.9 57808.9 58634.5      5    277      0155+810
ICRF J020206.8-055900  0159-062     02 02 06.86467448  -05 59 00.1218661  0.00000580 0.0002012  -0.177  57228.5 52619.7 58680.7      6    323      0159-062
ICRF J020213.6-762003  0202-765     02 02 13.69387063  -76 20 03.0629985  0.00008296 0.0002851   0.096  53473.6 48110.0 59051.7      5     25      0202-765
ICRF J020213.8-194819  0159-200     02 02 13.84771363  -19 48 19.4907079  0.00000421 0.0001538   0.062  57717.8 53559.8 60118.4      6    443      0159-200
ICRF J020243.6+420516  0159+418     02 02 43.65329263   42 05 16.3329436  0.00000473 0.0000680  -0.147  56464.1 50241.8 59405.2      5    406      0159+418
ICRF J020307.8+810613  0157+808     02 03 07.87100480   81 06 13.2102674  0.00004166 0.0000835  -0.045  57407.8 53780.1 58634.5      6    546      0157+808
ICRF J020333.3+723253  0159+723  D  02 03 33.38496002   72 32 53.6673294  0.00000266 0.0000120   0.062  57436.1 47010.4 60770.3    140   8007      0159+723
ICRF J020340.7-434951  0201-440     02 03 40.70259962  -43 49 51.2703713  0.00066247 0.0213065  -0.146  59534.4 58143.4 60799.7      8     29      0201-440
ICRF J020344.2+304237  0200+30A     02 03 44.27067847   30 42 37.8362638  0.00000234 0.0000552   0.030  58776.9 55740.7 60710.7      7    596      0200+30A
ICRF J020345.3+304129  0200+304     02 03 45.35520837   30 41 29.1086048  0.00001284 0.0001627  -0.021  58362.1 50218.8 60497.5      7    293      0200+304
ICRF J020346.6+113445  0201+113     02 03 46.65705833   11 34 45.4094174  0.00000047 0.0000114  -0.179  54101.6 47511.2 60856.7   1057  20520      0201+113
ICRF J020346.6+541157  0200+539     02 03 46.65733852   54 11 57.6246368  0.00000541 0.0000655  -0.113  57823.0 49576.0 58712.2      5    474      0200+539
ICRF J020354.8+023555  0201+023     02 03 54.81140958   02 35 55.1319531  0.00000230 0.0000805  -0.058  59792.9 59440.3 60203.4      5    463      0201+023
ICRF J020405.1+400503  0201+398     02 04 05.19475358   40 05 03.5148004  0.00000550 0.0000947  -0.117  57993.6 55965.8 59405.2      5    411      0201+398
ICRF J020428.6-332850  0202-337     02 04 28.66409300  -33 28 50.4543569  0.00001110 0.0003605   0.525  57608.5 53125.1 58921.9      6    287      0202-337
ICRF J020434.7+090349  0201+088     02 04 34.75934262   09 03 49.2627463  0.00000828 0.0001798  -0.146  57716.2 49913.7 58803.0      7    372      0201+088
ICRF J020450.4+151411  0202+149     02 04 50.41389537   15 14 11.0435731  0.00000035 0.0000073  -0.130  52326.3 45996.8 60696.7   1101  38657      0202+149
ICRF J020454.7+440306  0201+438     02 04 54.78915943   44 03 06.9051439  0.00000309 0.0000446   0.078  58941.8 50241.8 60760.8      9    862      0201+438
ICRF J020455.5+364917  0201+365     02 04 55.59599004   36 49 17.9975733  0.00000297 0.0000723  -0.206  57424.0 50241.8 60623.9      6    614      0201+365
ICRF J020457.6-170119  0202-172  D  02 04 57.67432990  -17 01 19.8407892  0.00000065 0.0000125   0.054  57819.6 47170.5 60764.6    204   8514      0202-172
ICRF J020504.9+321230  0202+319  D  02 05 04.92536312   32 12 30.0954484  0.00000025 0.0000043  -0.020  58591.8 45465.3 60856.7   1358 194723      0202+319
ICRF J020507.2-110922  0202-113     02 05 07.21075647  -11 09 22.0626861  0.00006300 0.0012693   0.004  60373.5 59693.1 60675.9      5    102      0202-113
ICRF J020510.9+295204  0202+296     02 05 10.91810331   29 52 04.8981307  0.00000774 0.0001379  -0.467  60333.8 60276.7 60395.7      2    196      0202+296
ICRF J020513.1+144432  0202+145     02 05 13.11723366   14 44 32.3860100  0.00000251 0.0000688  -0.171  57729.2 53560.9 58803.0      8    700      0202+145
ICRF J020521.3+241632  0202+240     02 05 21.32274950   24 16 32.8506213  0.00000558 0.0001234  -0.025  57780.3 53125.1 60203.4      6    409      0202+240
ICRF J020537.9+752208  0200+751     02 05 37.90854207   75 22 08.2341702  0.00003946 0.0000994   0.129  60075.1 59642.1 60442.8      5    307      0200+751
ICRF J020555.5-344409  0203-349     02 05 55.51014182  -34 44 09.1799053  0.00001426 0.0004462  -0.057  58859.5 52305.8 60834.1     12    345      0203-349
ICRF J020620.0-221219  0204-224     02 06 20.07356086  -22 12 19.6564575  0.00000587 0.0002044   0.037  55502.3 50631.3 60118.4      6    435      0204-224
ICRF J020626.0-115039  0203-120     02 06 26.08473220  -11 50 39.7246772  0.00000261 0.0000966  -0.041  57764.6 54111.8 60135.7      6    509      0203-120
ICRF J020703.0+624612  0203+625     02 07 03.01677350   62 46 12.0676860  0.00000399 0.0000277   0.080  57569.4 52305.8 59378.0     12   1115      0203+625
ICRF J020713.5+841119  0159+839     02 07 13.50670392   84 11 19.0830207  0.00004893 0.0000617  -0.187  57943.6 56808.7 58644.9      4    506      0159+839
ICRF J020715.6-385703  0205-391     02 07 15.60943806  -38 57 03.0764758  0.00000636 0.0002065   0.066  59098.0 52408.7 60834.1     11    414      0205-391
ICRF J020733.3-240202  0205-242     02 07 33.39927769  -24 02 02.2057357  0.00000677 0.0002278   0.301  58528.1 54087.1 60715.1      6    384      0205-242
ICRF J020734.9+315206  0204+316     02 07 34.98960784   31 52 06.4637450  0.00000356 0.0000788  -0.363  57444.8 50218.8 60715.1      6    616      0204+316
ICRF J020750.9-683755  0206-689     02 07 50.93158320  -68 37 55.1615003  0.00002989 0.0003755   0.184  57422.5 54722.8 58974.7      6     42      0206-689
ICRF J020801.1-621635  0206-625     02 08 01.17101412  -62 16 35.5336006  0.00006429 0.0003206   0.568  58710.5 56523.8 59241.8      3     20      0206-625
ICRF J020802.2+081441  0205+080     02 08 02.27506042   08 14 41.8646553  0.00000440 0.0001373  -0.353  59111.2 58592.8 59707.7      5    412      0205+080
ICRF J020822.3-265018  0206-270     02 08 22.35588192  -26 50 18.8783237  0.00000741 0.0002770   0.104  56671.1 53152.3 58829.4      5    292      0206-270
ICRF J020826.3-004744  0205-010     02 08 26.34591110  -00 47 44.2944827  0.00000436 0.0001247   0.028  56672.0 50575.3 58540.2      5    365      0205-010
ICRF J020834.9-173934  0206-178     02 08 34.94330605  -17 39 34.6817238  0.00000472 0.0001738  -0.105  58497.8 54817.8 60135.7      6    432      0206-178
ICRF J020908.6+293245  0206+293     02 09 08.64440144   29 32 45.7448679  0.00000805 0.0001804   0.088  57649.2 50218.8 58644.9      5    425      0206+293
ICRF J020930.7-043826  0206-048     02 09 30.76669571  -04 38 26.1459901  0.00000365 0.0001328  -0.215  56755.3 52479.7 58551.2      5    364      0206-048
ICRF J020935.9+643725  0205+643     02 09 35.98807831   64 37 25.7706097  0.00001053 0.0000821  -0.064  57437.8 52408.7 58794.6      5    537      0205+643
ICRF J020935.9+135200  0206+136     02 09 35.99832719   13 52 00.7517875  0.00000083 0.0000191  -0.047  58085.8 50084.5 60485.9    136   6539      0206+136
ICRF J020951.7+722926  0205+722     02 09 51.79040465   72 29 26.6700064  0.00001022 0.0000442   0.039  57132.5 52408.7 58621.5      5    552      0205+722
ICRF J021016.5-073720  0207-078     02 10 16.52891217  -07 37 20.6947308  0.00000965 0.0003188  -0.241  57723.9 52479.7 58551.2      6    251      0207-078
ICRF J021023.1-144459  0207-149     02 10 23.18042237  -14 44 59.0209679  0.00000403 0.0001463  -0.075  58245.2 53502.7 60135.7      6    479      0207-149
ICRF J021037.0+081224  0207+079     02 10 37.05846914   08 12 24.0286073  0.00000599 0.0001710  -0.345  59098.7 58592.8 59707.7      5    413      0207+079
ICRF J021044.5+041934  0208+040     02 10 44.51356393   04 19 34.8886812  0.00001917 0.0004100  -0.058  59924.1 59460.3 60472.1      6    287      0208+040
ICRF J021046.2-510101  0208-512  D  02 10 46.20042017  -51 01 01.8919847  0.00000105 0.0000127   0.075  54527.9 47304.8 60641.5    825  11126      0208-512
ICRF J021107.9+505828  0207+507     02 11 07.96874242   50 58 28.8519303  0.00009858 0.0005527   0.227  58801.7 56808.7 60259.3      9    279      0207+507
ICRF J021113.1+105134  0208+106     02 11 13.17739699   10 51 34.7984230  0.00000187 0.0000508  -0.095  57139.1 49913.7 58829.4      8    714      0208+106
ICRF J021148.7+170722  0209+168     02 11 48.77888894   17 07 22.7210507  0.00000340 0.0000890  -0.257  57984.1 50155.3 58829.4      7    646      0209+168
ICRF J021149.7-155818  0209-162     02 11 49.76071225  -15 58 18.8466617  0.00000340 0.0001332  -0.097  58226.5 53572.0 60135.7      6    416      0209-162
ICRF J021202.9-201411  0209-204     02 12 02.95668044  -20 14 11.8749213  0.00001190 0.0004027   0.007  59794.8 59353.8 60135.7      5    308      0209-204
ICRF J021209.5+140259  0209+138     02 12 09.50719551   14 02 59.0159834  0.00002077 0.0007890  -0.835  59445.3 58600.6 60485.9      7    284      0209+138
ICRF J021222.6-174614  0210-180     02 12 22.64355976  -17 46 14.3437566  0.00000400 0.0001528  -0.020  57476.8 54656.8 58512.3      5    286      0210-180
ICRF J021252.8+224452  0210+225     02 12 52.83489074   22 44 52.2534388  0.00000949 0.0002440  -0.074  57789.4 53125.1 58644.9      5    352      0210+225
ICRF J021305.1+121310  0210+119     02 13 05.18302722   12 13 10.9109484  0.00000342 0.0001123  -0.338  58225.8 54111.8 59983.8      9    579      0210+119
ICRF J021310.5+182025  0210+181     02 13 10.52933796   18 20 25.4473230  0.00000212 0.0000551   0.062  58871.4 50084.5 60770.3     10    927      0210+181
ICRF J021316.6-071932  0210-075     02 13 16.67055722  -07 19 32.4725444  0.00000624 0.0002387  -0.242  57230.0 52479.7 58551.2      5    284      0210-075
ICRF J021343.8+092521  0211+091     02 13 43.88602644   09 25 21.7252177  0.00000425 0.0001416  -0.139  59013.3 58600.6 59460.3      5    411      0211+091
ICRF J021348.1+365234  0210+366     02 13 48.19192747   36 52 34.0073701  0.00000522 0.0000955  -0.273  57832.8 54087.1 58829.4      5    472      0210+366
ICRF J021357.8+871728  0159+870     02 13 57.84673455   87 17 28.7265948  0.00017723 0.0001130  -0.317  57434.7 53125.1 58644.9      5    555      0159+870
ICRF J021416.2-614933  0212-620     02 14 16.20431490  -61 49 33.6595637  0.00001136 0.0001143   0.241  57111.6 55888.8 58226.8     14    312      0212-620
ICRF J021417.9+514451  0210+515     02 14 17.93444939   51 44 51.9477217  0.00000963 0.0001072   0.202  57944.4 54111.8 58712.2      5    485      0210+515
ICRF J021424.7+391839  0211+390     02 14 24.74902955   39 18 39.0482839  0.00000380 0.0000759  -0.069  60216.0 59911.6 60442.8      3    271      0211+390
ICRF J021440.7-211328  0212-214     02 14 40.70329668  -21 13 28.8371282  0.00000664 0.0002405   0.051  58136.7 57046.0 58871.4      6    301      0212-214
ICRF J021444.9+172249  0211+171     02 14 44.91284950   17 22 49.5116375  0.00000281 0.0000682  -0.160  57723.4 54277.7 58975.8     35   1117      0211+171
ICRF J021511.5-034307  0212-039     02 15 11.50650401  -03 43 07.8943774  0.00000867 0.0002616   0.314  57897.1 52479.7 60472.1      6    321      0212-039
ICRF J021542.0-022256  0213-026     02 15 42.01728398  -02 22 56.7530586  0.00000247 0.0000804   0.120  56761.3 50575.3 59190.8      7    458      0213-026
ICRF J021555.0+052425  0213+051     02 15 55.01077277   05 24 25.5547861  0.00000290 0.0000934   0.003  58463.0 54087.1 60834.1      7    686      0213+051
ICRF J021603.1-520012  0214-522     02 16 03.19776792  -52 00 12.4761404  0.00001964 0.0004197  -0.137  56514.3 52886.6 59178.7      8     62      0214-522
ICRF J021605.6-011803  0213-015     02 16 05.66383064  -01 18 03.3966080  0.00000540 0.0001565  -0.037  57970.5 52542.7 60675.9      7    469      0213-015
ICRF J021612.2-010518  0213-013     02 16 12.21188595  -01 05 18.8229392  0.00000585 0.0002226  -0.323  58074.9 52542.7 60675.9      6    389      0213-013
ICRF J021617.1+443743  0213+443     02 16 17.17166187   44 37 43.3969578  0.00001425 0.0002052   0.386  57740.3 50305.3 58803.0      5    392      0213+443
ICRF J021638.8-101703  0214-105     02 16 38.87587728  -10 17 02.9989520  0.00000318 0.0001215  -0.093  58530.0 54111.8 60554.7      6    360      0214-105
ICRF J021641.8+433134  0213+432     02 16 41.83401076   43 31 34.1837209  0.00000458 0.0000754  -0.290  59524.1 58602.7 60118.4      6    601      0213+432
ICRF J021648.1-324740  0214-330     02 16 48.18542072  -32 47 40.8506155  0.00000491 0.0001685   0.044  57324.7 52305.8 58942.4      5    341      0214-330
ICRF J021702.6-082052  0214-085     02 17 02.66232058  -08 20 52.3521142  0.00000376 0.0001300  -0.003  56283.8 50575.3 58556.9      5    328      0214-085
ICRF J021707.6+110409  0214+108     02 17 07.66533858   11 04 09.8769180  0.00001207 0.0003267  -0.390  59073.9 58621.5 59926.0      5    256      0214+108
ICRF J021717.1+083703  0214+083     02 17 17.12500195   08 37 03.8984172  0.00000196 0.0000564  -0.159  57789.7 53125.1 58899.4      7    655      0214+083
ICRF J021730.8+734932  0212+735     02 17 30.81335764   73 49 32.6216607  0.00000122 0.0000052  -0.046  50141.5 44342.5 60696.7   1378  61123      0212+735
ICRF J021748.9+014449  0215+015  D  02 17 48.95474820   01 44 49.6989072  0.00000031 0.0000055  -0.008  58224.5 48918.9 60824.8    745  46353      0215+015
ICRF J021754.9-012150  0215-015     02 17 54.99938205  -01 21 50.7191772  0.00000608 0.0002110  -0.134  56712.7 52542.7 60554.7      6    427      0215-015
ICRF J021757.2-163110  0215-167     02 17 57.24948805  -16 31 10.4735881  0.00000380 0.0001482   0.090  57124.4 50631.3 60715.1      6    406      0215-167
ICRF J021907.0+012059  0216+011     02 19 07.02449662   01 20 59.8660968  0.00000159 0.0000272  -0.255  58541.6 49913.7 60422.7     52   1517      0216+011
ICRF J021921.1-184238  0217-189     02 19 21.16175442  -18 42 38.7473932  0.00000355 0.0001292   0.055  55789.2 50631.3 60152.8      6    513      0217-189
ICRF J021923.3+472740  0216+472     02 19 23.35988441   47 27 40.0075342  0.00000864 0.0000976  -0.036  57554.2 53560.9 58829.4      5    574      0216+472
ICRF J021926.6+480638  0216+478     02 19 26.67603229   48 06 38.8605904  0.00000628 0.0000897  -0.211  57800.9 53133.5 58829.4      5    445      0216+478
ICRF J022000.7+165228  0217+166     02 20 00.75878936   16 52 28.5892504  0.00000418 0.0001009  -0.282  57465.4 50084.5 58899.4      8    558      0217+166
ICRF J022028.2-130519  0218-133     02 20 28.21763172  -13 05 19.0671434  0.00000469 0.0001601   0.059  56801.5 50575.3 58512.3      5    292      0218-133
ICRF J022035.1-215112  0218-220     02 20 35.15015504  -21 51 12.0803053  0.00000528 0.0001907  -0.272  56777.4 50631.3 60764.6      8    523      0218-220
ICRF J022048.0+324106  0217+324     02 20 48.05301784   32 41 06.4636828  0.00000345 0.0000766   0.030  57031.7 50218.8 58829.4      5    450      0217+324
ICRF J022053.8+094535  0218+095     02 20 53.80232228   09 45 35.1782856  0.00000946 0.0002838  -0.106  58568.5 56392.8 60602.5      6    412      0218+095
ICRF J022054.1-633019  0219-637     02 20 54.17116927  -63 30 19.3876094  0.00001813 0.0001826   0.519  58330.5 57987.7 59051.7      4     80      0219-637
ICRF J                 0218+357     02 21 05.46627328   35 56 13.7263865  0.00002983 0.0005853   0.092  59280.1 59280.1 59280.1      1     22      0218+357
ICRF J022105.4+355613  0218+357     02 21 05.46631068   35 56 13.7281638  0.00002122 0.0003269   0.306  53459.5 47653.8 57722.8      6     77      0218+35A
ICRF J022112.2-130247  0218-132     02 21 12.25253052  -13 02 47.8211432  0.00000539 0.0002080  -0.406  59061.1 58658.7 59440.3      5    272      0218-132
ICRF J022123.2+280902  0218+279     02 21 23.25947572   28 09 02.2123464  0.00000701 0.0002003  -0.376  60155.4 59707.7 60497.5      4    296      0218+279
ICRF J022129.1-471256  0219-474     02 21 29.16569377  -47 12 56.6932539  0.00004695 0.0004337   0.403  59122.9 58009.8 60111.8     14     47      0219-474
ICRF J022200.7-161516  0219-164     02 22 00.72503767  -16 15 16.5486016  0.00000486 0.0001706   0.065  55938.0 50631.3 58530.3      5    294      0219-164
ICRF J022215.6+095237  0219+096     02 22 15.60841752   09 52 37.8206825  0.00001337 0.0003521  -0.211  58620.7 57924.7 58921.9      5    266      0219+096
ICRF J022239.6+430207  0219+428     02 22 39.61149186   43 02 07.7987814  0.00000192 0.0000313  -0.138  54566.7 48649.8 59230.1     26   1455      0219+428
ICRF J022247.6+074257  0220+074     02 22 47.68817239   07 42 57.1819142  0.00000341 0.0001236  -0.366  59939.1 59508.8 60162.4      5    511      0220+074
ICRF J022256.4-344128  0220-349     02 22 56.40164482  -34 41 28.7301067  0.00000232 0.0000451   0.107  55758.0 47639.0 59378.0     70   1736      0220-349
ICRF J022311.4+425931  0220+427     02 23 11.41124627   42 59 31.3854336  0.00000488 0.0000724  -0.007  58216.4 51448.8 58829.4      9    793      UG01841 
ICRF J022313.0-020507  0220-023     02 23 13.04052692  -02 05 07.9342848  0.00000574 0.0002017  -0.205  56400.8 52619.7 58592.8      5    290      0220-023
ICRF J022329.6+630717  0219+628     02 23 29.60705692   63 07 17.3050551  0.00003808 0.0001816  -0.137  58555.1 56203.8 60425.9      8    271      0219+628
ICRF J022330.8-534739  0221-540     02 23 30.87476555  -53 47 39.9010117  0.00002127 0.0003924   0.228  58298.9 58009.8 58744.8      3     29      0221-540
ICRF J022343.7-165637  0221-171     02 23 43.76362763  -16 56 37.6980578  0.00000393 0.0001414  -0.030  58141.5 53125.1 60764.6      7    395      0221-171
ICRF J022408.8+175928  0221+177     02 24 08.82179593   17 59 28.8419132  0.00002947 0.0006093  -0.187  59472.9 58631.3 60448.8      7    271      0221+177
ICRF J022428.4+065923  0221+067  D  02 24 28.42819018   06 59 23.3414678  0.00000064 0.0000100  -0.073  57919.8 47717.7 60845.8    263   9324      0221+067
ICRF J022441.8+135732  0221+137     02 24 41.82802610   13 57 32.7158809  0.00001268 0.0005088  -0.498  59210.2 58631.3 59951.1      5    273      0221+137
ICRF J022502.8-231248  0222-234     02 25 02.82145289  -23 12 48.4876535  0.00000477 0.0001691  -0.102  58014.1 54656.8 58871.4      8    484      0222-234
ICRF J022504.6+184648  0222+185     02 25 04.66884543   18 46 48.7667395  0.00000403 0.0001013   0.022  56445.6 50084.5 59230.1      8    548      0222+185
ICRF J022510.8-260318  0222-262     02 25 10.88957328  -26 03 18.7976617  0.00000416 0.0001258  -0.032  59056.6 58386.0 59378.0     10    507      0222-262
ICRF J022516.8+311857  0222+310     02 25 16.83032068   31 18 57.8299270  0.00000446 0.0001041  -0.086  59587.8 58756.7 60259.3      6    489      0222+310
ICRF J022519.1+295512  0222+296     02 25 19.19531320   29 55 12.1294606  0.00000396 0.0000934  -0.165  57558.1 53559.8 58644.9      5    481      0222+296
ICRF J022541.9+113425  0223+113     02 25 41.90987366   11 34 25.4647953  0.00000265 0.0000697  -0.040  57631.4 53572.0 58942.4      7    573      0223+113
ICRF J022543.5-450316  0223-452     02 25 43.52763518  -45 03 16.4824987  0.00002053 0.0007933   0.402  60643.2 60448.8 60834.1      3     60      0223-452
ICRF J022610.3+342130  0223+341     02 26 10.33326449   34 21 30.2873747  0.00000386 0.0000731   0.198  57282.1 50218.8 58871.4      6    499      0223+341
ICRF J022613.7+093726  0223+093     02 26 13.71536444   09 37 26.7575353  0.00000482 0.0001446  -0.055  59339.6 58634.5 59971.0      5    525      0223+093
ICRF J                 0224-061     02 26 40.02878162  -05 52 38.5209061  0.00000609 0.0000790  -0.097  60697.8 60697.8 60697.8      1     79      0224-061
ICRF J022647.6-184339  0224-189     02 26 47.62839868  -18 43 39.2394378  0.00000326 0.0001218  -0.059  59118.0 54656.8 60764.6      7    463      0224-189
ICRF J022701.8+174927  0224+176     02 27 01.89760879   17 49 27.7340791  0.00000844 0.0002744   0.009  59491.8 58634.5 60295.4      6    466      0224+176
ICRF J022707.4+393141  0224+393     02 27 07.41594721   39 31 41.5179278  0.00000585 0.0001135  -0.249  60216.2 59911.6 60442.8      3    299      0224+393
ICRF J022740.5-302603  0225-306     02 27 40.53667670  -30 26 03.6295103  0.00000482 0.0001514   0.021  57374.7 52305.8 58942.4      6    397      0225-306
ICRF J022800.4+500559  0224+498     02 28 00.46567591   50 05 59.0100205  0.00000531 0.0000658  -0.130  57556.0 53551.8 58712.2      5    499      0224+498
ICRF J022812.4+421203  0225+419     02 28 12.46727848   42 12 03.4447647  0.00000678 0.0000982   0.249  58034.9 53560.9 58871.4      6    553      0225+419
ICRF J022821.5-554603  0226-559     02 28 21.59835715  -55 46 03.2807496  0.00001020 0.0001520   0.082  57629.4 54722.8 58505.7     11    116      0226-559
ICRF J022825.6+541908  0224+540     02 28 25.69166784   54 19 08.1353560  0.00002277 0.0002154   0.335  57862.9 53502.7 58746.6      5    365      0224+540
ICRF J022833.7-371956  0226-375     02 28 33.73367173  -37 19 56.3553558  0.00000733 0.0002522  -0.112  58753.7 52305.8 60834.1     11    349      0226-375
ICRF J022850.0+672103  0224+671     02 28 50.05148547   67 21 03.0293582  0.00000220 0.0000165  -0.031  53016.0 44088.7 60770.3     73   4437      4C67.05 
ICRF J022853.2-033737  0226-038     02 28 53.21121398  -03 37 37.1257697  0.00000257 0.0000857   0.030  56302.2 50575.3 58592.8      5    359      0226-038
ICRF J022912.7-540324  0227-542     02 29 12.78532668  -54 03 24.0344866  0.00000907 0.0002198   0.170  58663.8 58009.8 59178.7      9     94      0227-542
ICRF J022928.4-364356  0227-369  D  02 29 28.44905619  -36 43 56.8224457  0.00000194 0.0000342  -0.125  57968.9 52305.8 60834.1    186   4081      0227-369
ICRF J022934.9-784745  0230-790  D  02 29 34.94660068  -78 47 45.6018226  0.00000574 0.0000190  -0.060  56787.2 47625.5 60263.8    136   3433      0230-790
ICRF J023010.7+814129  0223+814     02 30 10.76753524   81 41 29.8688738  0.00043146 0.0008367  -0.193  58810.0 57722.8 60448.8      8    256      0223+814
ICRF J023045.7+403253  0227+403  D  02 30 45.71079034   40 32 53.0686433  0.00000116 0.0000213  -0.066  59221.7 50241.8 60715.1     43   3180      0227+403
ICRF J023049.9+450207  0227+448     02 30 49.91933289   45 02 07.4920550  0.00000523 0.0000928  -0.195  59551.7 58602.7 60118.4      6    572      0227+448
ICRF J023105.0-160649  0228-163     02 31 05.03513902  -16 06 49.0166582  0.00000884 0.0002505   0.219  57835.3 53572.0 59440.3      6    280      0228-163
ICRF J023111.8-474611  0229-479     02 31 11.80402627  -47 46 11.5830736  0.00000593 0.0001314   0.125  58468.9 58009.8 59192.8     11    208      0229-479
ICRF J023145.8+132254  0229+131     02 31 45.89405962   13 22 54.7162491  0.00000027 0.0000052  -0.008  53369.6 44772.8 60831.8   3346 124699      0229+131
ICRF J023151.8-393547  0229-398     02 31 51.81631016  -39 35 47.2637201  0.00000684 0.0002330   0.118  57912.0 52305.8 60645.2      9    342      0229-398
ICRF J023159.1+625034  0228+626     02 31 59.15689193   62 50 34.2106133  0.00005017 0.0004134   0.126  59320.7 58300.8 60442.8      8    266      0228+626
ICRF J023204.8+072605  0229+072     02 32 04.80156249   07 26 05.4936930  0.00000717 0.0001821  -0.390  58856.5 57973.7 59522.9      5    281      0229+072
ICRF J023220.7+231756  0229+230     02 32 20.75649691   23 17 56.8588320  0.00000424 0.0000877  -0.111  55752.0 50084.5 58710.8      8    521      0229+230
ICRF J023227.6+262838  0229+262     02 32 27.62325982   26 28 38.5909278  0.00000210 0.0000545  -0.215  58844.0 50218.8 60770.3      9    870      0229+262
ICRF J023236.7-283926  0230-288     02 32 36.74097579  -28 39 26.3110242  0.00000668 0.0002349  -0.080  58215.7 54111.8 60764.6      7    347      0230-288
ICRF J023248.6+201717  0229+200     02 32 48.61536839   20 17 17.4856972  0.00002191 0.0006803  -0.567  58835.0 57497.7 60448.8      8    287      0229+200
ICRF J023307.9+390523  0230+388     02 33 07.94606841   39 05 23.7943004  0.00000496 0.0000995  -0.164  60218.9 59911.6 60442.8      3    297      0230+388
ICRF J023320.4+344253  0230+344     02 33 20.42003225   34 42 53.9892315  0.00000559 0.0001019  -0.010  58042.9 53559.8 58871.4      6    523      0230+344
ICRF J023403.3+183255  0231+183     02 34 03.37267992   18 32 55.3720734  0.00002133 0.0004502  -0.455  59462.0 58634.5 60295.4      6    378      0231+183
ICRF J023407.1+044643  0231+045     02 34 07.15540948   04 46 43.0929566  0.00000656 0.0001901  -0.247  57633.7 53560.9 58794.6      5    415      0231+045
ICRF J023507.3-040205  0232-042     02 35 07.34176851  -04 02 05.3175168  0.00000592 0.0001828   0.034  58236.5 57406.7 59707.7      6    319      0232-042
ICRF J023520.6+621602  0231+620     02 35 20.63952759   62 16 02.3344224  0.00008240 0.0005683  -0.288  59339.9 58304.5 60442.8      9    173      0231+620
ICRF J023550.3+130435  0233+128     02 35 50.36917469   13 04 35.8290911  0.00000669 0.0002079  -0.354  59447.5 58644.9 59971.0      4    324      0233+128
ICRF J023556.8+161524  0233+160     02 35 56.88365331   16 15 24.3459056  0.00001146 0.0003468  -0.553  59258.9 58644.9 59894.2      4    204      0233+160
ICRF J023609.6-130759  0233-133     02 36 09.63088580  -13 07 59.3834753  0.00000686 0.0002832  -0.346  59186.0 58658.7 59693.1      6    270      0233-133
ICRF J023631.1-295355  0234-301  D  02 36 31.16941253  -29 53 55.5407164  0.00000138 0.0000381  -0.043  58431.8 53125.1 60834.1    123   5281      0234-301
ICRF J023653.2-613615  0235-618  D  02 36 53.24573798  -61 36 15.1835746  0.00000787 0.0000640   0.432  56389.3 52849.7 59604.7     49    315      0235-618
ICRF J023701.2+434204  0233+434     02 37 01.21169970   43 42 04.1871228  0.00012431 0.0010084  -0.038  59242.1 58363.2 60448.8     10    140      0233+434
ICRF J023713.5+111615  0234+110     02 37 13.58963668   11 16 15.4774139  0.00000929 0.0002654  -0.261  59407.0 58644.9 59971.0      4    320      0234+110
ICRF J023714.0+052649  0234+052     02 37 14.03802517   05 26 49.9696475  0.00000742 0.0002205  -0.331  57717.4 49913.7 58794.6      5    392      0234+052
ICRF J023716.7-262353  0235-266     02 37 16.76176347  -26 23 53.1463384  0.00000610 0.0001987  -0.023  58437.1 52408.7 60764.6      8    342      0235-266
ICRF J023721.8+302259  0234+301     02 37 21.84165705   30 22 59.8180258  0.00000507 0.0001079  -0.153  59584.6 58756.7 60295.4      6    443      0234+301
ICRF J023740.5+091901  0235+091     02 37 40.52922582   09 19 01.6428704  0.00000780 0.0002036  -0.200  59667.6 58868.4 59981.8      5    306      0235+091
ICRF J023750.6+204618  0235+205     02 37 50.62894219   20 46 18.4559019  0.00000493 0.0001402   0.087  59059.5 56833.8 60770.3     10    592      0235+205
ICRF J023752.4+284808  0234+285     02 37 52.40567572   28 48 08.9899888  0.00000032 0.0000063  -0.077  50873.8 44446.0 60704.8   1431  66466      0234+285
ICRF J023816.5+471218  0234+469     02 38 16.50327218   47 12 18.5524601  0.00000603 0.0000887   0.051  58037.9 53133.5 58871.4      6    583      0234+469
ICRF J023819.8+153322  0235+153     02 38 19.89061698   15 33 22.5361750  0.00000935 0.0002844  -0.380  59323.3 58644.9 59894.2      4    238      0235+153
ICRF J023821.5+131225  0235+129     02 38 21.51392152   13 12 25.8860478  0.00000547 0.0001741  -0.313  60025.7 59560.6 60485.9      5    453      0235+129
ICRF J023838.9+163659  0235+164  D  02 38 38.93010411   16 36 59.2745118  0.00000024 0.0000049  -0.036  55751.9 44446.0 60845.8   1452 103334      0235+164
ICRF J023945.4-023440  0237-027  D  02 39 45.47227268  -02 34 40.9146313  0.00000042 0.0000075  -0.027  57599.9 49252.8 60852.8    707  23381      0237-027
ICRF J023951.2+041621  0237+040     02 39 51.26304599   04 16 21.4117326  0.00000171 0.0000248  -0.200  56163.0 47940.3 60704.8     95   1947      0237+040
ICRF J024005.2+421622  0236+420     02 40 05.25264674   42 16 22.5200984  0.00000530 0.0000917  -0.140  57812.0 53572.0 58871.4      6    558      0236+420
ICRF J024008.1-230915  0237-233     02 40 08.17448305  -23 09 15.7295267  0.00000360 0.0000717   0.075  53127.9 48125.8 60135.7     57    806      0237-233
ICRF J024031.6+611345  0236+610     02 40 31.66354383   61 13 45.5901282  0.00001583 0.0001365  -0.263  55912.4 49847.8 57900.9     17    231      LSI61303
ICRF J024042.8+184800  0237+185     02 40 42.81630773   18 48 00.0548132  0.00000379 0.0000820  -0.068  56434.5 50084.5 58868.4      8    564      0237+185
ICRF J024056.1-050442  0238-052     02 40 56.17275929  -05 04 42.2017926  0.00000715 0.0002020   0.142  57586.6 53559.8 58592.8      5    337      0238-052
ICRF J024104.7-081520  0238-084     02 41 04.79850302  -08 15 20.7520248  0.00000118 0.0000214   0.143  52410.3 47175.5 60352.7    420   7127      NGC1052 
ICRF J024224.2+174258  0239+175  D  02 42 24.26826579   17 42 58.8491317  0.00000090 0.0000197  -0.124  58648.8 50084.5 60852.8    184   5013      0239+175
ICRF J024229.1+110100  0239+108     02 42 29.17085027   11 01 00.7279073  0.00000121 0.0000294  -0.287  52961.9 47510.2 59378.0    142   1988      0239+108
ICRF J024235.9-213225  0240-217     02 42 35.90986880  -21 32 25.9355424  0.00000762 0.0002562   0.145  56100.6 50631.3 60135.7      6    490      0240-217
ICRF J024312.4-055055  0240-060     02 43 12.46947264  -05 50 55.2956507  0.00000260 0.0000905  -0.028  57287.5 50575.3 60554.7      6    514      0240-060
ICRF J024317.6+111542  0240+110     02 43 17.65948371   11 15 41.7065287  0.00000585 0.0001833  -0.446  59020.5 58490.7 59816.3      5    365      0240+110
ICRF J024326.5-561242  0241-564     02 43 26.52904588  -56 12 42.4411594  0.00002891 0.0004072   0.405  58003.3 57673.7 59178.7      7     71      0241-564
ICRF J024330.8+712017  0238+711     02 43 30.89130683   71 20 17.9040055  0.00001697 0.0001007  -0.041  57463.3 49826.5 59440.3      6    435      0238+711
ICRF J024354.4-320422  0241-322     02 43 54.41205574  -32 04 21.5885700  0.00008472 0.0027691  -0.017  60188.2 59776.7 60448.8      5     93      0241-322
ICRF J024445.6+132007  0242+131     02 44 45.69333130   13 20 07.2213539  0.00000239 0.0000551   0.049  58206.3 53560.9 60602.5     10    744      0242+131
ICRF J024457.6+622806  0241+622     02 44 57.69673219   62 28 06.5152456  0.00001561 0.0000923  -0.091  57421.7 48222.7 60485.7     69   1218      0241+622
ICRF J024505.5+091542  0242+090     02 45 05.54396943   09 15 42.1818522  0.00000387 0.0001358  -0.261  59947.3 59560.6 60162.4      5    408      0242+090
ICRF J024510.4+162037  0242+161     02 45 10.45886627   16 20 37.5545811  0.00000721 0.0002317  -0.589  59226.9 58512.3 59894.2      5    331      0242+161
ICRF J024516.8+240535  0242+238     02 45 16.85597848   24 05 35.1728598  0.00000330 0.0000791  -0.032  57154.6 50084.5 58669.6      6    375      0242+238
ICRF J024524.9-110716  0242-113     02 45 24.95214922  -11 07 16.8117033  0.00000639 0.0002117  -0.289  57391.0 54111.8 58540.2      5    263      0242-113
ICRF J024554.1-445939  0244-452     02 45 54.11090357  -44 59 39.6170588  0.00001226 0.0001976  -0.283  57956.4 54488.8 60219.1     11    325      0244-452
ICRF J024600.1-465117  0244-470     02 46 00.11798023  -46 51 17.2327463  0.00000587 0.0001043   0.176  57525.3 57152.0 58715.7     12    423      0244-470
ICRF J024611.8+182330  0243+181     02 46 11.82189140   18 23 30.0832752  0.00000628 0.0001964  -0.243  60317.2 60193.8 60448.8      2    188      0243+181
ICRF J024621.0+353637  0243+354     02 46 21.07629564   35 36 37.9978800  0.00000328 0.0000655  -0.200  57660.2 54087.1 58871.4      6    561      0243+354
ICRF J024621.4-293505  0244-297     02 46 21.46147256  -29 35 05.9231878  0.00001400 0.0004537  -0.108  57493.2 50687.3 60448.8      6    299      0244-297
ICRF J024631.1+341126  0243+339     02 46 31.18262733   34 11 26.6498042  0.00000434 0.0000835  -0.070  59053.4 58136.6 60715.1      8    610      0243+339
ICRF J024658.4-123630  0244-128     02 46 58.46980811  -12 36 30.7982889  0.00000407 0.0001399  -0.170  56397.7 50575.3 58540.2      5    301      0244-128
ICRF J024741.2+325431  0244+327     02 47 41.23226999   32 54 31.8366277  0.00000352 0.0000654   0.003  57400.6 53572.0 58899.4      5    481      0244+327
ICRF J024743.2-062844  0245-066     02 47 43.22614890  -06 28 44.3948763  0.00001208 0.0003857   0.164  60544.1 60530.8 60554.7      2    110      0245-066
ICRF J024807.7-163146  0245-167     02 48 07.73222817  -16 31 46.3859586  0.00000271 0.0000990  -0.015  57491.0 50631.3 59378.0      9    656      0245-167
ICRF J024814.8+043440  0245+043     02 48 14.82814051   04 34 40.8621980  0.00000725 0.0002788  -0.419  57864.2 53559.8 58794.6      5    351      0245+043
ICRF J024918.0+061951  0246+061     02 49 18.01611148   06 19 51.9476488  0.00000266 0.0000634  -0.136  55364.7 49913.7 58707.7      7    433      0246+061
ICRF J024951.9+074920  0247+076     02 49 51.91642082   07 49 20.3515055  0.00001431 0.0003376   0.083  60076.6 59742.1 60497.5      5    366      0247+076
ICRF J025017.4+170808  0247+16A     02 50 17.40777126   17 08 08.3215256  0.00001439 0.0005455  -0.655  59090.6 58512.3 60448.8      6    225      0247+16A
ICRF J025035.5-262742  0248-266     02 50 35.56919544  -26 27 42.5157934  0.00000401 0.0001429   0.083  58096.3 53133.5 59320.9      8    509      0248-266
ICRF J025128.4-275517  0249-281     02 51 28.46889299  -27 55 17.5347973  0.00001115 0.0004214  -0.207  60093.4 59816.3 60448.8      4    159      0249-281
ICRF J025134.5+431515  0248+430     02 51 34.53673156   43 15 15.8293132  0.00000230 0.0000371  -0.159  53202.6 47930.6 58899.4     31   1245      0248+430
ICRF J025154.6+561619  0248+560     02 51 54.62812230   56 16 19.5235571  0.00000424 0.0000486  -0.036  58259.7 52408.7 59320.9      7    732      0248+560
ICRF J025159.1+373418  0248+373     02 51 59.16999166   37 34 18.1279816  0.00000371 0.0000732  -0.197  59636.6 58756.7 60295.4      6    549      0248+373
ICRF J025207.7+171842  0249+171     02 52 07.71870431   17 18 42.6885506  0.00000191 0.0000499  -0.188  59110.0 56878.0 60764.6     10   1024      0249+171
ICRF J025246.1-710435  0252-712     02 52 46.15476578  -71 04 35.2629099  0.00076398 0.0069945  -0.188  52358.1 48161.5 54456.4      2      6      0252-712
ICRF J025247.9-221925  0250-225     02 52 47.95365251  -22 19 25.4658194  0.00000299 0.0001067   0.070  57444.3 50631.3 60770.3      8    749      0250-225
ICRF J025308.8+195826  0250+197     02 53 08.83189172   19 58 26.5728885  0.00001469 0.0005004  -0.236  59804.9 59522.9 60472.1      4    139      0250+197
ICRF J025308.8+383524  0249+383     02 53 08.88807235   38 35 24.9990702  0.00000288 0.0000586  -0.260  56969.7 50241.8 59230.1      6    534      0249+383
ICRF J025321.0+000559  0250-001     02 53 21.03545140   00 05 59.9473336  0.00000310 0.0000945   0.038  58750.4 55517.8 60683.7      7    660      0250-001
ICRF J025323.6-120028  0250-122     02 53 23.68438399  -12 00 28.0030320  0.00001155 0.0004377  -0.625  58622.7 57427.7 60602.5      8    295      0250-122
ICRF J025329.1-544151  0252-549     02 53 29.18039802  -54 41 51.4360764  0.00000420 0.0000642   0.310  56934.4 47625.5 58744.8     43    497      0252-549
ICRF J025333.6+321720  0250+320     02 53 33.65014297   32 17 20.8919831  0.00000502 0.0000980  -0.069  57368.7 53522.9 59271.2      6    484      0250+320
ICRF J025334.8+180542  0250+178     02 53 34.88223446   18 05 42.5244101  0.00000377 0.0001008  -0.002  58063.7 48976.5 59280.1      9    548      0250+178
ICRF J025357.6+510256  0250+508     02 53 57.60795360   51 02 56.4558824  0.00000446 0.0000639   0.075  56872.9 49576.0 60715.1      6    604      0250+508
ICRF J025418.1+164234  0251+165     02 54 18.11349519   16 42 34.9668454  0.00000523 0.0001749  -0.343  59906.6 59522.9 60472.1      5    268      0251+165
ICRF J025424.7+234326  0251+235     02 54 24.71813796   23 43 26.4743032  0.00000294 0.0000805  -0.319  57110.6 53559.8 58677.2      5    451      0251+235
ICRF J025442.6+393134  0251+393     02 54 42.63205225   39 31 34.7112943  0.00000342 0.0000561   0.081  57485.7 50241.8 60715.1      7    619      0251+393
ICRF J025612.8-213729  0253-218     02 56 12.83892374  -21 37 29.1448765  0.00000389 0.0001480   0.006  56384.0 50631.3 60152.8      6    511      0253-218
ICRF J025634.9+133435  0253+133     02 56 34.98464992   13 34 35.3447904  0.00000263 0.0000887  -0.229  56608.5 50084.5 58712.2      9    569      0253+133
ICRF J025642.6-331521  0254-334     02 56 42.60272386  -33 15 21.2770269  0.00000527 0.0001412   0.015  57136.8 52305.8 60219.1     20    309      0254-334
ICRF J025654.9+154243  0254+155     02 56 54.91640118   15 42 43.2054054  0.00000319 0.0000820  -0.118  59264.4 58530.3 59926.0      6    600      0254+155
ICRF J025701.3+655635  0252+657     02 57 01.34300201   65 56 35.4278260  0.00000925 0.0000660  -0.281  57306.4 49826.5 58803.0      5    536      0252+657
ICRF J025741.0-121201  0255-124     02 57 41.00458058  -12 12 01.3812029  0.00000368 0.0001230   0.160  57434.2 53502.7 58540.2      5    343      0255-124
ICRF J025745.6+184705  0254+185     02 57 45.62845634   18 47 05.3601567  0.00000162 0.0000468  -0.145  58729.6 50084.5 60799.7     12    893      0254+185
ICRF J025752.5+784347  0251+785     02 57 52.57021323   78 43 47.0583465  0.00002394 0.0000629  -0.081  56941.2 49826.5 58621.5      5    406      0251+785
ICRF J025759.0+433837  0254+434     02 57 59.07770567   43 38 37.6752065  0.00000313 0.0000532  -0.130  57535.2 53551.8 58899.4      5    503      0254+434
ICRF J025814.0-390940  0256-393     02 58 14.04492414  -39 09 40.6841684  0.00000651 0.0000645   0.347  57841.5 52305.8 58576.8     10    562      0256-393
ICRF J025816.7-252958  0256-256     02 58 16.79541974  -25 29 58.7911297  0.00000374 0.0001186   0.008  59275.4 53560.9 60770.3      9    795      0256-256
ICRF J025844.7+114256  0256+115     02 58 44.75545224   11 42 56.0171893  0.00000662 0.0001334   0.052  58474.1 57924.7 58712.2      5    349      0256+115
ICRF J025850.5+054108  0256+054     02 58 50.52633331   05 41 08.0410879  0.00000280 0.0000892  -0.172  57366.4 49913.7 58803.0      5    350      0256+054
ICRF J025855.1+290001  0255+288     02 58 55.18116359   29 00 01.6076200  0.00000727 0.0001859  -0.459  57841.4 53125.1 58677.2      6    327      0255+288
ICRF J025901.3+722844  0254+722     02 59 01.38495438   72 28 44.3845547  0.00014407 0.0004520  -0.185  60114.1 59642.1 60472.1      4    187      0254+722
ICRF J025908.0+150302  0256+148     02 59 08.05940713   15 03 02.8952339  0.00000583 0.0001516  -0.326  59251.5 58540.2 59926.0      6    449      0256+148
ICRF J025927.0+074739  0256+075     02 59 27.07662836   07 47 39.6429576  0.00000121 0.0000367  -0.061  54185.7 47010.4 60162.4     81   1973      0256+075
ICRF J025928.5-001959  0256-005  D  02 59 28.51615804  -00 19 59.9754870  0.00000062 0.0000106  -0.024  57440.1 50575.3 60849.7    357   9098      0256-005
ICRF J025929.6+192544  0256+192     02 59 29.65593844   19 25 44.3274516  0.00000235 0.0000646  -0.219  57996.5 53522.9 59378.0     10    870      0256+192
ICRF J025937.6+423549  0256+423     02 59 37.69439477   42 35 49.8123316  0.00000747 0.0001101   0.052  57811.1 50241.8 58899.4      5    266      0256+423
ICRF J030001.3-053120  0257-057     03 00 01.30006270  -05 31 20.3623741  0.00000551 0.0001616  -0.086  57908.9 53152.3 60602.5      6    417      0257-057
ICRF J030011.1+820239  0252+818     03 00 11.13634151   82 02 39.3501328  0.00018716 0.0004632   0.201  58184.6 57835.8 58644.9      6    250      0252+818
ICRF J030036.1-341405  0258-344     03 00 36.19041552  -34 14 05.4583609  0.00001437 0.0005682  -0.296  59922.8 59465.8 60472.1      6    195      0258-344
ICRF J030106.7-181217  0258-184     03 01 06.71447595  -18 12 17.8223806  0.00000492 0.0001769  -0.114  57541.3 53560.9 58551.2      5    310      0258-184
ICRF J030107.5-160803  0258-163     03 01 07.57543027  -16 08 03.6160320  0.00000793 0.0002608  -0.140  58175.8 56874.5 59460.3      5    319      0258-163
ICRF J030116.2-312615  0259-316     03 01 16.24422767  -31 26 15.7887479  0.00000455 0.0001606  -0.017  58453.1 53125.1 60710.7      8    468      0259-316
ICRF J030116.6-165245  0258-170     03 01 16.62266150  -16 52 45.1020148  0.00000502 0.0001704   0.023  57774.5 53559.8 58551.2      5    320      0258-170
ICRF J030123.6+011835  0258+011     03 01 23.60697507   01 18 35.9959951  0.00000344 0.0000755  -0.009  56970.2 49913.7 58764.7      9    320      0258+011
ICRF J030133.7+060227  0258+058     03 01 33.71389744   06 02 27.2819696  0.00000371 0.0001021  -0.037  55887.5 49913.7 58803.0      5    442      0258+058
ICRF J030222.0+203026  0259+203     03 02 22.08992684   20 30 26.3651701  0.00000593 0.0001597  -0.109  59756.2 58967.7 60203.4      5    302      0259+203
ICRF J030222.7+533146  0258+533     03 02 22.73543539   53 31 46.4847555  0.00000357 0.0000387  -0.022  58381.6 49576.0 60715.1     10    941      0258+533
ICRF J030230.5+121856  0259+121     03 02 30.54677485   12 18 56.7520423  0.00000670 0.0001438  -0.208  53927.7 47940.3 58746.6     25    476      0259+121
ICRF J030308.0+130858  0300+129     03 03 08.03504492   13 08 58.7927720  0.00000603 0.0002073  -0.346  59366.5 58540.2 60497.5      7    310      0300+129
ICRF J030326.5-240711  0301-243     03 03 26.50287014  -24 07 11.4273962  0.00000678 0.0002319   0.088  58109.7 54656.8 60323.7      6    304      0301-243
ICRF J030335.2+471616  0300+470  D  03 03 35.24221998   47 16 16.2754278  0.00000063 0.0000077  -0.047  50988.2 44342.5 60715.1    912  34163      0300+470
ICRF J030350.6-621125  0302-623     03 03 50.63133410  -62 11 25.5502184  0.00000373 0.0000278   0.197  56509.8 48161.5 60331.7    126   1660      0302-623
ICRF J030422.0+682137  0259+681     03 04 22.00388209   68 21 37.4744047  0.00000673 0.0000392  -0.216  57305.7 49826.5 59378.0      8    849      0259+681
ICRF J030429.2-433316  0302-437     03 04 29.20221053  -43 33 16.0281408  0.00001003 0.0001121   0.296  58469.7 55041.8 60760.8     11    398      0302-437
ICRF J030441.3+334843  0301+336     03 04 41.36245469   33 48 43.5306477  0.00000264 0.0000528  -0.259  56908.5 50218.8 58899.4      5    492      0301+336
ICRF J030454.4+772731  0258+772     03 04 54.44422786   77 27 31.6180372  0.00017873 0.0009830  -0.217  53780.1 53780.1 53780.1      1     21      0258+772
ICRF J030510.2+173459  0302+173     03 05 10.22418792   17 34 59.0928588  0.00000259 0.0000860  -0.281  57583.3 50084.5 60799.7      9    731      0302+173
ICRF J030519.5-242134  0303-245     03 05 19.51867133  -24 21 34.1990063  0.00001754 0.0006715  -0.405  58549.3 56808.7 60323.7     10    175      0303-245
ICRF J030548.1+052331  0303+051     03 05 48.19161642   05 23 31.5263397  0.00000260 0.0000787   0.004  57429.0 49913.7 59190.8      7    578      0303+051
ICRF J030628.4+131645  0303+130     03 06 28.41729755   13 16 45.4276852  0.00000702 0.0002154  -0.389  60039.7 59586.9 60497.5      6    413      0303+130
ICRF J030638.9+820032  0258+818     03 06 38.94490517   82 00 32.6764445  0.00009962 0.0002882   0.137  58197.5 57839.3 58669.6      5    478      0258+818
ICRF J030642.6+624302  0302+625  D  03 06 42.65954910   62 43 02.0241361  0.00000196 0.0000172  -0.014  57240.0 48613.0 60799.7    126   8101      0302+625
ICRF J030700.5+124125  0304+124     03 07 00.53256066   12 41 25.9237359  0.00001508 0.0004312  -0.137  58990.9 57973.7 60084.1      6    283      0304+124
ICRF J030727.0+491509  0303+490     03 07 27.03490806   49 15 09.7537574  0.00000565 0.0000904   0.094  60151.7 59776.7 60472.1      4    363      0303+490
ICRF J030734.1-485711  0305-491     03 07 34.19231765  -48 57 11.5302567  0.00013443 0.0006706  -0.424  58605.5 58527.8 58673.7      3     21      0305-491
ICRF J030811.1+235513  0305+237     03 08 11.19887334   23 55 13.2124608  0.00000584 0.0001619  -0.367  58231.7 57011.1 59560.6      5    432      0305+237
ICRF J030826.2+040639  0305+039  D  03 08 26.22379858   04 06 39.3006729  0.00000108 0.0000213  -0.013  57531.5 50302.8 60723.7     79   3374      NGC1218 
ICRF J030827.8+695558  0303+697     03 08 27.81633370   69 55 58.9524561  0.00004601 0.0002391   0.012  58265.5 57098.3 59440.3      5    398      0303+697
ICRF J030902.5-360403  0307-362     03 09 02.51069320  -36 04 03.7510644  0.00001337 0.0004245  -0.371  57797.6 53502.7 60448.8      7    248      0307-362
ICRF J030903.6+102916  0306+102     03 09 03.62349459   10 29 16.3408868  0.00000081 0.0000117  -0.049  57202.3 47717.7 60704.8    177   5869      0306+102
ICRF J030922.0+273854  0306+274     03 09 22.09676589   27 38 54.3605833  0.00000607 0.0001517  -0.249  57726.2 52939.7 59586.9      6    429      0306+274
ICRF J030923.2-055920  0306-061     03 09 23.28886129  -05 59 20.4506626  0.00000708 0.0002426   0.101  58397.9 55965.8 60683.7      7    465      0306-061
ICRF J030956.0-605839  0308-611  D  03 09 56.09913870  -60 58 39.0564758  0.00000067 0.0000062   0.052  58539.2 47625.5 60856.7   1813  71645      0308-611
ICRF J031002.0-082339  0307-085     03 10 02.04930613  -08 23 39.2944695  0.00001156 0.0003671   0.406  57516.2 53152.3 58600.6      5    260      0307-085
ICRF J031044.7+180413  0307+178     03 10 44.76530504   18 04 13.0011666  0.00000875 0.0002908  -0.229  59151.0 58551.2 59951.1      5    302      0307+178
ICRF J031049.8+381453  0307+380  D  03 10 49.87992106   38 14 53.8378499  0.00000048 0.0000078  -0.001  57649.1 49938.8 60831.8    539  27287      0307+380
ICRF J031155.2-765150  0312-770     03 11 55.25014148  -76 51 50.8482663  0.00001659 0.0000594   0.240  57552.7 48110.0 59051.7     19    323      0312-770
ICRF J031234.2-322316  0310-325     03 12 34.21328429  -32 23 16.6686917  0.00114063 0.0389597   0.465  59522.9 59522.9 59522.9      1      4      0310-325
ICRF J031243.6+013317  0310+013     03 12 43.60323939   01 33 17.5646074  0.00000265 0.0000888  -0.159  55877.6 49913.7 58803.0      5    482      0310+013
ICRF J031250.2+361519  0309+360     03 12 50.28784217   36 15 19.5433606  0.00001243 0.0002533  -0.145  58298.7 57274.7 59586.9      5    383      0309+360
ICRF J031301.9+412001  0309+411     03 13 01.96211790   41 20 01.1834311  0.00000103 0.0000153  -0.106  57166.3 47164.8 60852.8    145   6043      0309+411
ICRF J031313.4+022835  0310+022     03 13 13.40546909   02 28 35.3069038  0.00000314 0.0001075  -0.121  58005.2 53572.0 60760.8      7    564      0310+022
ICRF J031357.6+411523  0310+410     03 13 57.64573316   41 15 23.9728784  0.00004456 0.0003894   0.352  58497.5 57274.7 60135.7      6    252      0310+410
ICRF J031521.1+101243  0312+100  D  03 15 21.13982124   10 12 43.0838728  0.00000168 0.0000377  -0.222  58987.8 54277.7 60799.7     78   3319      0312+100
ICRF J031527.6-165629  0313-171     03 15 27.67842559  -16 56 29.7145393  0.00000541 0.0001808   0.065  57103.3 50631.3 58551.2      5    328      0313-171
ICRF J031542.4-015123  0313-020     03 15 42.46388610  -01 51 23.2653390  0.00000408 0.0001334  -0.196  59773.5 59115.8 60135.7      6    327      0313-020
ICRF J031629.0+273308  0313+273     03 16 29.01191756   27 33 08.1462822  0.00000237 0.0000629  -0.126  59940.3 59402.8 60162.4      6    585      0313+273
ICRF J031723.1-212744  0315-216     03 17 23.13881747  -21 27 44.2578058  0.00004121 0.0012081  -0.305  60124.0 59867.7 60323.7      3    149      0315-216
ICRF J031733.6-280318  0315-282     03 17 33.69931288  -28 03 18.6123233  0.00000794 0.0002848  -0.018  58395.3 54817.8 60472.1      7    252      0315-282
ICRF J031754.9+564357  0314+565     03 17 54.94280593   56 43 57.7912381  0.00000558 0.0000622  -0.019  57688.9 52408.7 58746.6      5    528      0314+565
ICRF J031757.6-441417  0316-444  D  03 17 57.67944761  -44 14 17.1630910  0.00001090 0.0002578  -0.305  57807.7 54600.8 60645.2     37    509      0316-444
ICRF J031814.4-002948  0315-006     03 18 14.42747482  -00 29 48.9320200  0.00000598 0.0002062  -0.363  57702.0 53559.8 58621.5      5    343      0315-006
ICRF J031857.8+162832  0316+162     03 18 57.80319353   16 28 32.6677128  0.00000197 0.0000669  -0.449  58260.3 50084.5 59378.0     17   1299      CTA21   
ICRF J031900.1+292219  0315+291     03 19 00.11041344   29 22 19.1794564  0.00000363 0.0000976  -0.208  59777.1 59037.7 60162.4      7    639      0315+291
ICRF J031905.5-161347  0316-164     03 19 05.52799993  -16 13 47.0477402  0.00000482 0.0001751  -0.004  57597.7 54656.8 58556.9      5    284      0316-164
ICRF J031906.9+390519  0315+389     03 19 06.98205856   39 05 19.9482500  0.00000497 0.0000936  -0.123  59745.6 59037.7 60295.4      6    509      0315+389
ICRF J031920.6+160934  0316+159     03 19 20.68181274   16 09 34.5355330  0.00000772 0.0002369  -0.470  59592.2 58967.7 59951.1      5    257      0316+159
ICRF J031922.0+694925  0314+696     03 19 22.07090138   69 49 25.6178520  0.00001224 0.0000662  -0.141  57750.2 49826.5 58829.4      5    395      0314+696
ICRF J031924.0+310144  0316+308     03 19 24.01122925   31 01 44.4453217  0.00000459 0.0000934  -0.192  59193.9 56878.0 60770.3      8    656      0316+308
ICRF J031948.1+413042  0316+413     03 19 48.16012155   41 30 42.1048467  0.00000104 0.0000190  -0.075  50797.6 44088.7 60226.7    298  11235      3C84    
ICRF J031951.2+190131  0317+188     03 19 51.25671495   19 01 31.2910945  0.00000208 0.0000406  -0.141  53160.9 48941.5 58803.0     60   1569      0317+188
ICRF J032019.1-170239  0318-172     03 20 19.10722122  -17 02 39.1319019  0.00000554 0.0002156  -0.363  57949.8 54656.8 58556.9      6    272      0318-172
ICRF J032046.4-383728  0318-388     03 20 46.40436086  -38 37 28.4962088  0.00000887 0.0002926  -0.021  58136.7 52305.8 60259.3      7    279      0318-388
ICRF J032128.7-312256  0319-315     03 21 28.74039825  -31 22 56.3345812  0.00001451 0.0004626   0.361  58161.7 52305.8 60675.9      7    333      0319-315
ICRF J032128.8-294046  0319-298     03 21 28.83092295  -29 40 46.2911979  0.00005413 0.0017528   0.043  60161.1 59867.7 60485.9      3     97      0319-298
ICRF J032136.8+435922  0318+438     03 21 36.86821110   43 59 22.4835431  0.00001078 0.0001346  -0.078  57518.4 50241.8 58921.9      5    341      0318+438
ICRF J032153.1+122113  0319+121     03 21 53.10350323   12 21 13.9538511  0.00000128 0.0000389  -0.140  54728.7 47019.0 59016.7     83   2325      0319+121
ICRF J032159.8-052612  0319-056     03 21 59.87036403  -05 26 12.4286939  0.00000367 0.0001170   0.144  57918.9 53152.3 60152.8      6    451      0319-056
ICRF J032159.9+233611  0319+234     03 21 59.97031955   23 36 11.2070616  0.00001767 0.0004162   0.106  60142.2 59951.1 60472.1      5    225      0319+234
ICRF J032211.9+175616  0319+177     03 22 11.90246339   17 56 16.8662242  0.00001300 0.0004238   0.102  59049.9 58556.9 59951.1      5    275      0319+177
ICRF J032215.1-131258  0319-133     03 22 15.14709748  -13 12 58.1046445  0.00000969 0.0003813  -0.323  57601.8 56161.8 58556.9      5    284      0319-133
ICRF J032227.2+661028  0317+659     03 22 27.22886545   66 10 28.3002264  0.00000725 0.0000507  -0.026  58501.9 49826.5 60770.3      7    605      0317+659
ICRF J032251.8+394802  0319+396     03 22 51.83003440   39 48 02.2595211  0.00000753 0.0001279  -0.007  57566.0 53560.9 60448.8      9    670      0319+396
ICRF J032256.9+220408  0320+218     03 22 56.90041305   22 04 08.5058087  0.00001151 0.0003998  -0.380  59116.6 58556.9 59971.0      5    281      0320+218
ICRF J032309.8+014550  0320+015     03 23 09.87231922   01 45 50.5067753  0.00000292 0.0000897  -0.026  56763.1 49913.7 58829.4      5    511      0320+015
ICRF J032314.7+044612  0320+045     03 23 14.72278034   04 46 12.5732950  0.00000447 0.0001499  -0.093  57785.0 54087.1 58829.4      5    440      0320+045
ICRF J032417.5-225417  0322-230     03 24 17.55324191  -22 54 17.9256816  0.00000934 0.0003514   0.321  57516.4 53551.8 58921.9      5    251      0322-230
ICRF J032441.1+341045  0321+340     03 24 41.16130810   34 10 45.8575512  0.00000453 0.0000789  -0.125  56633.0 50218.8 58921.9      5    414      0321+340
ICRF J032444.2-291821  0322-294     03 24 44.29537901  -29 18 21.2176837  0.00000366 0.0001318   0.117  58541.5 53502.7 59358.6     12    631      0322-294
ICRF J032502.3+231141  0322+230     03 25 02.37328030   23 11 41.7686104  0.00000632 0.0001685  -0.313  59283.6 58556.9 59971.0      5    463      0322+230
ICRF J032513.3-241548  0323-244     03 25 13.34463721  -24 15 48.0527142  0.00000414 0.0001314   0.013  57950.5 50631.3 60770.3     10    835      0323-244
ICRF J032520.3+465506  0321+467     03 25 20.30387353   46 55 06.6347101  0.00000398 0.0000584  -0.003  57408.9 50305.3 58921.9      5    418      0321+467
ICRF J032536.8+222400  0322+222  D  03 25 36.81435366   22 24 00.3655787  0.00000031 0.0000053  -0.029  57832.8 50084.5 60856.7   1079  58576      0322+222
ICRF J032603.0-374609  0324-379     03 26 03.00047705  -37 46 09.1804605  0.00000831 0.0002831  -0.132  58770.0 56392.8 60472.1      8    293      0324-379
ICRF J032613.9+022514  0323+022     03 26 13.94828846   02 25 14.6766219  0.00001094 0.0004381  -0.435  60251.4 60033.6 60472.1      3    173      0323+022
ICRF J032615.0-324325  0324-328     03 26 15.04559263  -32 43 25.0394841  0.00001121 0.0003979  -0.287  58830.2 57575.8 60485.9      8    269      0324-328
ICRF J032631.6+152126  0323+151     03 26 31.63279964   15 21 26.7465933  0.00000449 0.0001421  -0.440  59269.5 58592.8 59971.0      5    437      0323+151
ICRF J032734.0-284621  0325-289     03 27 34.01144634  -28 46 21.3230521  0.00004314 0.0014070  -0.416  60450.7 59867.7 60770.3      5    136      0325-289
ICRF J032743.3-180342  0325-182     03 27 43.34162334  -18 03 42.0274767  0.00000350 0.0001243  -0.103  59483.7 54656.8 60770.3     10    608      0325-182
ICRF J032754.1+023341  0325+023     03 27 54.19498965   02 33 41.9824875  0.00000402 0.0001266   0.028  57691.4 51491.8 58829.4      6    353      UGC02748
ICRF J032759.2+004422  0325+005     03 27 59.21552326   00 44 22.7262683  0.00000340 0.0001030   0.092  57361.6 49913.7 58871.4      6    484      0325+005
ICRF J032759.9-220206  0325-222     03 27 59.92397128  -22 02 06.3956500  0.00000553 0.0001928  -0.018  55807.0 50631.3 60203.4      6    382      0325-222
ICRF J032844.3+255208  0325+256     03 28 44.34871933   25 52 08.3977518  0.00001139 0.0002800  -0.123  58166.3 54111.8 60497.5      6    318      0325+256
ICRF J032850.3+394044  0325+395     03 28 50.31208674   39 40 44.5662720  0.00000217 0.0000319  -0.051  57682.2 50241.8 60500.7     50   1877      0325+395
ICRF J032915.3+351005  0326+349     03 29 15.35490388   35 10 05.9910091  0.00000271 0.0000567  -0.130  56773.4 50218.8 58921.9      5    461      0326+349
ICRF J032954.0-235708  0327-241     03 29 54.07554402  -23 57 08.7733436  0.00000307 0.0001032   0.029  56504.1 50631.3 59320.9      9    658      0327-241
ICRF J032957.6+275615  0326+277     03 29 57.66937794   27 56 15.4993327  0.00000214 0.0000470  -0.163  55801.0 47164.8 60799.7     36    822      0326+278
ICRF J033032.6+465623  0327+467     03 30 32.62734560   46 56 23.2929893  0.00000407 0.0000646  -0.100  56917.0 50305.3 60135.7      8    731      0327+467
ICRF J033034.5-055122  0328-060     03 30 34.50810399  -05 51 22.6568272  0.00015523 0.0033444  -0.004  58829.5 56874.5 60152.8     11     74      0328-060
ICRF J033034.7+363941  0327+364     03 30 34.76571362   36 39 41.0386973  0.00002024 0.0002822  -0.043  58124.1 50241.8 60448.8      6    295      0327+364
ICRF J033051.1-401416  0329-404     03 30 51.10394383  -40 14 16.5981767  0.00001008 0.0003489   0.129  58428.7 55041.8 60259.3      8    272      0329-404
ICRF J033108.9-252443  0329-255     03 31 08.92063211  -25 24 43.2662260  0.00000399 0.0001429  -0.115  58564.8 53572.0 60799.7      8    500      0329-255
ICRF J033147.4+240310  0328+238     03 31 47.47799216   24 03 10.1915567  0.00000978 0.0001700   0.018  58984.0 57973.7 59742.1      5    359      0328+238
ICRF J033150.7-105155  0329-110     03 31 50.75668441  -10 51 55.5060167  0.00000951 0.0003291  -0.328  57252.2 50575.3 60530.8      6    310      0329-110
ICRF J033201.9+173601  0329+174     03 32 01.95090322   17 36 01.7573911  0.00001948 0.0005115  -0.329  59308.6 58592.8 60472.1      7    255      0329+174
ICRF J033222.5+232419  0329+232     03 32 22.52275023   23 24 19.7566841  0.00001665 0.0004243  -0.309  59224.6 58592.8 60485.9      6    276      0329+232
ICRF J033259.5+675303  0328+677     03 32 59.52307073   67 53 03.8718908  0.00006007 0.0004534   0.048  59291.5 58326.5 60162.4      7    311      0328+677
ICRF J033312.9+145831  0330+148     03 33 12.90498361   14 58 31.0526638  0.00000507 0.0001697  -0.178  59038.3 58592.8 59693.1      5    315      0330+148
ICRF J033356.7+653656  0329+654     03 33 56.73774553   65 36 56.1852287  0.00001818 0.0001135   0.035  57924.6 49826.5 58871.4      6    473      0329+654
ICRF J033409.9+022609  0331+022     03 34 09.94777986   02 26 09.6505655  0.00001575 0.0005462  -0.398  57752.3 50553.8 58871.4      8    254      0331+022
ICRF J033413.6-400825  0332-403  D  03 34 13.65448707  -40 08 25.3980462  0.00000041 0.0000066  -0.048  57769.6 47639.0 60856.7   1407  67084      0332-403
ICRF J033415.4-372543  0332-375     03 34 15.42491257  -37 25 43.0643926  0.00000556 0.0000972   0.169  58947.1 54942.7 60675.9     10    552      0332-375
ICRF J033453.3+080014  0332+078     03 34 53.31667941   08 00 14.4190444  0.00000088 0.0000182  -0.160  58247.7 49913.7 60852.8    390   9672      0332+078
ICRF J033553.9-543025  0334-546     03 35 53.92482862  -54 30 25.1148775  0.00000396 0.0000580   0.204  56842.3 47625.5 58609.6     73    695      0334-546
ICRF J033557.0-070955  0333-073     03 35 57.05511047  -07 09 55.8524991  0.00000835 0.0002922  -0.092  58292.5 53559.8 60323.7      6    309      0333-073
ICRF J033604.8+223535  0333+224     03 36 04.85027672   22 35 35.1959972  0.00000723 0.0002025  -0.524  59101.3 58600.6 59776.7      5    355      0333+224
ICRF J033630.1+321829  0333+321     03 36 30.10760313   32 18 29.3421497  0.00000094 0.0000175  -0.109  53811.5 44447.9 59378.0    172   4311      NRAO140 
ICRF J033635.0-130204  0334-131  D  03 36 35.03580336  -13 02 04.6599265  0.00000181 0.0000381   0.075  59076.4 50575.3 60710.7     42   2284      0334-131
ICRF J033645.6-203637  0334-207     03 36 45.61143105  -20 36 37.1708929  0.00000798 0.0002738  -0.217  57800.9 54087.1 58942.4      5    286      0334-207
ICRF J033647.2+003516  0334+004     03 36 47.25715158   00 35 13.2703729  0.00003279 0.0003420   0.274  57255.5 49986.8 57596.8      5     75      HR1099  
ICRF J033654.0-361606  0335-364     03 36 54.02346843  -36 16 06.2237588  0.00000811 0.0001536  -0.019  56945.5 50918.8 58756.7     26    452      0335-364
ICRF J033717.1+013722  0334+014     03 37 17.10785354   01 37 22.7473380  0.00000905 0.0002618   0.294  57964.5 49176.8 58871.4      9    306      0334+014
ICRF J033755.4-120404  0335-122     03 37 55.45152339  -12 04 04.5439303  0.00001164 0.0003727   0.287  58640.8 50575.3 60152.8      9    308      0335-122
ICRF J033800.3+310609  0334+309     03 38 00.34268449   31 06 09.7910668  0.00000511 0.0001169  -0.117  59720.8 59037.7 60314.3      6    566      0334+309
ICRF J033817.8+224335  0335+225     03 38 17.81245294   22 43 35.9840673  0.00000332 0.0000950  -0.116  59311.5 58143.4 60834.1      7    643      0335+225
ICRF J033900.9-013317  0336-017     03 39 00.98617226  -01 33 17.6074972  0.00000439 0.0001293   0.201  57893.7 54186.7 58621.5      5    301      0336-017
ICRF J033909.3+600856  0335+599     03 39 09.39265460   60 08 56.9747722  0.00002362 0.0001717   0.041  57538.4 49576.0 58871.4      6    440      0335+599
ICRF J033930.9-014635  0336-019     03 39 30.93778745  -01 46 35.8042305  0.00000025 0.0000049  -0.025  54645.2 44447.9 60856.7   2817 118155      CTA26   
ICRF J033943.8+132903  0336+133     03 39 43.84613847   13 29 03.8275947  0.00000643 0.0001633   0.141  58640.4 57924.7 59693.1      5    329      0336+133
ICRF J034006.4+540538  0336+539     03 40 06.48948675   54 05 38.7773625  0.00001574 0.0002354  -0.067  58268.4 56301.8 58794.6      5    284      0336+539
ICRF J034010.7+473227  0336+473     03 40 10.78885705   47 32 27.3150421  0.00000305 0.0000469   0.058  57739.4 50305.3 60715.1      7    702      0336+473
ICRF J034032.5-025454  0338-030     03 40 32.59569036  -02 54 54.2305441  0.00000337 0.0001078  -0.071  58754.1 54111.8 60760.8      7    507      0338-030
ICRF J034035.6-211931  0338-214     03 40 35.60785730  -21 19 31.1721909  0.00000144 0.0000218   0.107  57271.1 46874.8 60852.8    319   6832      0338-214
ICRF J034109.9+335221  0337+337     03 41 09.97368859   33 52 21.6454975  0.00000854 0.0001678   0.373  56948.4 50218.8 58942.4      5    402      0337+337
ICRF J034202.0-325613  0340-330     03 42 02.09799662  -32 56 13.5040425  0.00001691 0.0005236  -0.143  59308.2 58300.8 60485.9      9    278      0340-330
ICRF J034210.3+480946  0338+480     03 42 10.35268147   48 09 46.9402695  0.00001071 0.0001572  -0.335  57459.3 50305.3 58921.9      5    451      0338+480
ICRF J034216.2+385906  0338+388     03 42 16.26891417   38 59 06.2760202  0.00000463 0.0000786  -0.126  59165.4 56833.8 60770.3      8    673      0338+388
ICRF J034217.7+131943  0339+131     03 42 17.79669249   13 19 43.4253941  0.00000499 0.0001656  -0.354  59863.1 59586.9 60118.4      5    376      0339+131
ICRF J034240.3-300758  0340-302     03 42 40.34283779  -30 07 58.2519723  0.00000658 0.0001856   0.076  59534.1 58856.7 60497.5      8    285      0340-302
ICRF J034244.9-135451  0340-140     03 42 44.98789529  -13 54 51.6604306  0.00000576 0.0001959   0.168  58099.8 53560.9 60323.7      6    319      0340-140
ICRF J034319.5-253017  0341-256     03 43 19.52389426  -25 30 17.4061419  0.00000477 0.0001744  -0.002  57157.7 50631.3 58942.4      6    325      0341-256
ICRF J034328.9+362212  0340+362     03 43 28.95240624   36 22 12.4296930  0.00000092 0.0000137   0.067  58835.2 50241.8 60824.8    304  10544      0340+362
ICRF J034358.9+064356  0341+065     03 43 58.97922707   06 43 56.1939087  0.00000489 0.0001296  -0.417  59625.0 58672.7 60219.1      6    463      0341+065
ICRF J034423.1+155943  0341+158     03 44 23.17216216   15 59 43.3691395  0.00000198 0.0000480   0.035  55991.4 47940.3 60834.1     43   1186      0341+158
ICRF J034432.6+651810  0339+651     03 44 32.63930261   65 18 10.3824298  0.00001585 0.0001196  -0.063  58785.6 58330.5 59776.7      5    401      0339+651
ICRF J034441.4+682747  0339+683     03 44 41.44121125   68 27 47.8100991  0.00000965 0.0000531   0.022  57809.0 53572.0 59358.6      8    662      0339+683
ICRF J034506.4+145349  0342+147     03 45 06.41652940   14 53 49.5581566  0.00000115 0.0000192  -0.070  56245.4 47717.7 60443.7    115   3334      0342+147
ICRF J034634.5+540059  0342+538     03 46 34.50413656   54 00 59.1091599  0.00000412 0.0000437  -0.208  57305.8 52408.7 59378.0      9    772      0342+538
ICRF J034701.7-110053  0344-111     03 47 01.70199507  -11 00 53.9700202  0.00000365 0.0001306  -0.075  60075.3 59707.7 60323.7      4    332      0344-111
ICRF J034711.6+484237  0343+485     03 47 11.61336460   48 42 37.4730729  0.00000540 0.0000759   0.050  59075.8 58121.7 60715.1      7    651      0343+485
ICRF J034729.5+200453  0344+199     03 47 29.55920727   20 04 53.0431732  0.00000354 0.0000863  -0.185  57439.8 50084.5 58871.4      9    721      0344+199
ICRF J034735.0+730902  0341+729     03 47 35.03805933   73 09 02.9212140  0.00005795 0.0002166  -0.190  58083.1 57011.1 58631.3      5    313      0341+729
ICRF J034756.8+555731  0344+558     03 47 56.81207445   55 57 31.5784651  0.00000553 0.0000592  -0.100  57472.6 53522.9 59271.2      6    524      0344+558
ICRF J034757.1+233955  0344+235     03 47 57.11169481   23 39 55.3245353  0.00000237 0.0000575  -0.291  59238.9 50084.5 60834.1     13   1254      0344+235
ICRF J034810.4+084208  0345+085     03 48 10.41614135   08 42 08.8603137  0.00000479 0.0001416  -0.244  59179.2 58672.7 59776.7      5    377      0345+085
ICRF J034838.1-274913  0346-279  D  03 48 38.14457283  -27 49 13.5658721  0.00000055 0.0000093   0.029  59047.3 50687.3 60845.8    615  18142      0346-279
ICRF J034839.2-161017  0346-163     03 48 39.27073165  -16 10 17.7520993  0.00000349 0.0001245  -0.030  56247.0 50631.3 58592.8      5    374      0346-163
ICRF J034845.1+414914  0345+416     03 48 45.12233145   41 49 14.6753911  0.00000416 0.0000653   0.046  57787.9 53152.3 58942.4      5    486      0345+416
ICRF J034915.3-240114  0347-241     03 49 15.39075325  -24 01 14.3395651  0.00009082 0.0020170  -0.363  60173.2 59875.5 60406.0      4    103      0347-241
ICRF J034918.7+460959  0345+460     03 49 18.74157727   46 09 59.6577831  0.00000070 0.0000092  -0.044  57343.8 50305.3 60856.7    361  16095      0345+460
ICRF J034945.2+210445  0346+209     03 49 45.23016400   21 04 45.9620481  0.00000543 0.0001293  -0.173  57678.1 50084.5 58899.4      7    480      0346+209
ICRF J034954.3+242138  0346+242     03 49 54.37832738   24 21 38.9961863  0.00001055 0.0002735  -0.224  59254.7 58621.5 59981.8      5    326      0346+242
ICRF J034957.8-210247  0347-211  D  03 49 57.82667117  -21 02 47.7416641  0.00000107 0.0000135   0.010  57810.4 50631.3 60799.7    290   5415      0347-211
ICRF J035025.0+513838  0346+514     03 50 25.05142990   51 38 38.7343712  0.00001300 0.0001115  -0.197  57508.8 52408.7 58794.6      5    359      0346+514
ICRF J035037.2+290206  0347+288     03 50 37.23229780   29 02 06.4799351  0.00000517 0.0001408  -0.097  59907.1 59402.8 60162.4      6    412      0347+288
ICRF J035043.3-323259  0348-326     03 50 43.31611216  -32 32 59.4301307  0.00000605 0.0002106   0.151  57280.1 52305.8 58540.2      5    286      0348-326
ICRF J035054.2+050621  0348+049     03 50 54.20240127   05 06 21.1897479  0.00000453 0.0001362  -0.083  57861.2 49913.7 58871.4      6    434      0348+049
ICRF J035110.9-115322  0348-120     03 51 10.97692778  -11 53 22.6651673  0.00000335 0.0000647   0.056  57385.7 50575.3 60203.4      8    444      0348-120
ICRF J035115.3-030117  0348-031     03 51 15.36692245  -03 01 17.8029007  0.00000777 0.0002605  -0.040  57530.7 55915.7 58631.3      5    349      0348-031
ICRF J035211.0-251450  0350-253     03 52 11.05236670  -25 14 50.2674877  0.00000290 0.0001090  -0.109  58207.9 53559.8 60162.4      7    578      0350-253
ICRF J035252.9+175436  0350+177     03 52 52.91611717   17 54 36.7988329  0.00002973 0.0006249   0.144  59226.1 57924.7 60485.9     10    190      0350+177
ICRF J035403.6+662126  0349+662     03 54 03.69916488   66 21 26.1245503  0.00001095 0.0000666   0.131  57889.2 54087.1 58899.4      5    494      0349+662
ICRF J035424.1+044107  0351+045     03 54 24.12890067   04 41 07.2645203  0.00000232 0.0000773  -0.214  57192.2 49913.7 58899.4      5    494      0351+045
ICRF J035425.0-161622  0352-164     03 54 25.02834332  -16 16 22.4511908  0.00000819 0.0002759  -0.346  57482.6 53502.7 58600.6      5    313      0352-164
ICRF J035430.0+464318  0350+465     03 54 30.01165680   46 43 18.7499116  0.00000343 0.0000458   0.041  57109.8 50305.3 59190.8     10    619      0350+465
ICRF J035446.1+800928  0346+800  D  03 54 46.12603242   80 09 28.8473816  0.00001611 0.0000415  -0.145  59046.9 50687.3 60760.8     39   2551      0346+800
ICRF J035516.5+390909  0351+390     03 55 16.59049716   39 09 09.8055149  0.00000342 0.0000584  -0.065  59484.7 58121.7 60770.3     10   1011      0351+390
ICRF J035519.8+200508  0352+199     03 55 19.85830600   20 05 08.0026518  0.00001110 0.0003058  -0.107  59356.4 58631.3 59981.8      5    304      0352+199
ICRF J035545.5+123146  0352+123     03 55 45.59976890   12 31 46.0808083  0.00000859 0.0001536  -0.311  59643.3 58672.7 60118.4      6    369      0352+123
ICRF J035547.8-664533  0355-669  D  03 55 47.88336628  -66 45 33.8175830  0.00001631 0.0000806   0.523  56694.3 52860.2 59995.7     39    198      0355-669
ICRF J035550.0+211321  0352+210     03 55 50.00018399   21 13 21.3569699  0.00004406 0.0008675   0.096  59449.9 58631.3 60485.9      7    166      0352+210
ICRF J035608.4+290342  0353+289     03 56 08.46194337   29 03 42.3205665  0.00000314 0.0000783  -0.210  58035.3 50218.8 59320.9      9    762      0353+289
ICRF J035620.9-402129  0354-405     03 56 20.94775769  -40 21 29.1890790  0.00001067 0.0000768   0.373  58445.3 58141.7 58576.8      5    417      0354-405
ICRF J035625.1+604357  0352+605     03 56 25.19877236   60 43 57.9795020  0.00000420 0.0000420  -0.060  57293.8 49576.0 60162.4      9    921      0352+605
ICRF J035637.5+205010  0353+206     03 56 37.53133721   20 50 10.7500114  0.00000471 0.0001329  -0.471  59499.1 58631.3 60219.1      6    562      0353+206
ICRF J035654.2+001331  0354+000     03 56 54.28211766   00 13 31.3785986  0.00002511 0.0009270  -0.172  58549.5 56808.7 60485.9     11    144      0354+000
ICRF J035721.6+231953  0354+231     03 57 21.60989031   23 19 53.8252263  0.00000138 0.0000326  -0.154  58878.5 50084.5 60834.1     20   1763      0354+231
ICRF J035721.9-481215  0355-483     03 57 21.91803954  -48 12 15.1580325  0.00001028 0.0002391   0.347  57185.0 48161.5 59065.7     10    114      0355-483
ICRF J035743.2-075114  0355-079     03 57 43.29324297  -07 51 14.5675431  0.00000422 0.0001587  -0.375  56813.5 50575.3 58631.3      5    405      0355-079
ICRF J035746.1+054231  0355+055     03 57 46.12568951   05 42 31.2584956  0.00000427 0.0001178  -0.064  57567.5 49913.7 60623.9      8    432      0355+055
ICRF J035830.1+560644  0354+559     03 58 30.18816145   56 06 44.4604888  0.00000406 0.0000421  -0.079  57911.0 52408.7 59190.8      6    531      0354+559
ICRF J035902.6+600522  0354+599     03 59 02.63989379   60 05 22.0693682  0.00000316 0.0000316   0.106  58882.9 49576.0 60799.7      8   1161      0354+599
ICRF J035923.2-031034  0356-033     03 59 23.20930563  -03 10 34.0224737  0.00005104 0.0009421  -0.182  58503.6 53551.8 60485.9     11    193      0356-033
ICRF J035927.9+275824  0356+278     03 59 27.93557389   27 58 24.0469127  0.00000332 0.0000851  -0.025  58612.2 53560.9 60834.1      8    839      0356+278
ICRF J035929.7+505750  0355+508     03 59 29.74727416   50 57 50.1618735  0.00000125 0.0000131   0.054  53322.9 44088.7 60845.8   1223  35508      NRAO150 
ICRF J035933.6-261531  0357-263     03 59 33.68187983  -26 15 31.3316344  0.00000856 0.0002782  -0.549  58313.1 50631.3 60799.7     11    519      0357-263
ICRF J035939.8+155526  0356+157     03 59 39.83478034   15 55 26.1898396  0.00000697 0.0002351  -0.293  59356.3 58634.5 60135.7      6    437      0356+157
ICRF J035944.9+322047  0356+322     03 59 44.91292433   32 20 47.1558946  0.00000227 0.0000446   0.020  57503.4 50218.8 59280.1      7    698      0356+322
ICRF J040011.7+055043  0357+057     04 00 11.73537832   05 50 43.1227324  0.00000316 0.0001012  -0.259  56673.9 49913.7 58899.4      5    446      0357+057
ICRF J040106.6-160639  0358-162     04 01 06.63675388  -16 06 39.0106066  0.00000442 0.0001617   0.122  57165.4 53572.0 58600.6      5    361      0358-162
ICRF J040111.7+031828  0358+031     04 01 11.74514981   03 18 28.6224717  0.00000622 0.0001981  -0.279  59243.6 58436.8 60219.1      6    318      0358+031
ICRF J040119.9+041334  0358+040     04 01 19.91298138   04 13 34.4070090  0.00000257 0.0000747   0.074  57653.1 53606.8 60623.9      8    486      0358+040
ICRF J040121.4-292126  0359-294     04 01 21.48374964  -29 21 26.8298416  0.00000695 0.0002288   0.010  58607.8 50687.3 60162.4      7    447      0359-294
ICRF J040145.1+211028  0358+210     04 01 45.16607803   21 10 28.5869702  0.00000095 0.0000195  -0.066  57552.2 50084.5 60824.8    221   6501      0358+210
ICRF J040200.7-261539  0359-263     04 02 00.78502245  -26 15 39.4132291  0.00001094 0.0003788   0.020  60644.7 60497.5 60799.7      3    123      0359-263
ICRF J040212.6+824135  0352+825     04 02 12.67762471   82 41 35.1282622  0.00037171 0.0007182  -0.092  59056.4 53780.1 60448.8     12    275      0352+825
ICRF J040216.7-145820  0359-151     04 02 16.78727814  -14 58 20.9949230  0.00000584 0.0002028  -0.103  57323.4 53559.8 58600.6      5    351      0359-151
ICRF J040221.2-314725  0400-319  D  04 02 21.26599681  -31 47 25.9455910  0.00000145 0.0000287   0.026  57846.3 48765.9 60831.8    220   3700      0400-319
ICRF J040305.5+260001  0400+258     04 03 05.58607937   26 00 01.5027359  0.00000128 0.0000261  -0.092  54404.4 47004.8 60675.9    110   2519      0400+258
ICRF J040341.7-244408  0401-248     04 03 41.73605700  -24 44 08.4584151  0.00000355 0.0001330   0.007  58896.1 58203.3 59358.6      7    480      0401-248
ICRF J040353.7-360501  0402-362  D  04 03 53.74989897  -36 05 01.9132476  0.00000044 0.0000088   0.084  57117.3 47414.8 60818.8   1375  29523      0402-362
ICRF J040501.2+161025  0402+160     04 05 01.20256175   16 10 25.7238187  0.00005344 0.0005436   0.130  59555.3 58634.5 60497.5      7    225      0402+160
ICRF J040519.0-375514  0403-380     04 05 19.00848070  -37 55 14.0131207  0.00001565 0.0005563   0.099  60417.1 59115.8 60675.9      4    108      0403-380
ICRF J040534.0-130813  0403-132  D  04 05 34.00339144  -13 08 13.6909797  0.00000055 0.0000095  -0.070  58460.3 47175.5 60852.8    466  13871      0403-132
ICRF J040549.2+380332  0402+379     04 05 49.26283201   38 03 32.2350226  0.00000846 0.0001275   0.095  57743.4 50241.8 60314.3      6    379      0402+379
ICRF J040612.2-174957  0403-179     04 06 12.24452506  -17 49 57.9273552  0.00000720 0.0002218  -0.134  55871.1 50631.3 58600.6      7    352      0403-179
ICRF J040621.5+205623  0403+208     04 06 21.59542667   20 56 23.4621775  0.00001471 0.0004005  -0.545  59305.2 58634.5 60219.1      6    360      0403+208
ICRF J040634.3+063714  0403+064     04 06 34.30750214   06 37 14.9885523  0.00000290 0.0000880  -0.024  57878.2 49913.7 58921.9      5    425      0403+064
ICRF J040639.3-235503  0404-240     04 06 39.34005507  -23 55 03.7877586  0.00000616 0.0002181  -0.287  57404.6 54656.8 58512.3      5    297      0404-240
ICRF J040659.0-382628  0405-385     04 06 59.03534339  -38 26 28.0422716  0.00000064 0.0000130   0.104  58055.6 48161.5 60818.8    769  15409      0405-385
ICRF J040729.0+074207  0404+075     04 07 29.08668522   07 42 07.4716562  0.00000196 0.0000579   0.107  57905.3 52408.7 60623.9      6    535      0404+075
ICRF J040731.7+170531  0404+169     04 07 31.77061391   17 05 31.4478452  0.00005840 0.0007748  -0.051  59314.6 58634.5 60497.5      7    182      0404+169
ICRF J040733.9-330346  0405-331     04 07 33.91372122  -33 03 46.3576129  0.00000395 0.0001413   0.195  57747.2 52305.8 59320.9      8    557      0405-331
ICRF J040737.8+063804  0404+065     04 07 37.86979033   06 38 04.5263368  0.00000459 0.0001369  -0.114  58626.6 57406.7 59816.3      6    516      0404+065
ICRF J040748.4-121136  0405-123     04 07 48.43098266  -12 11 36.6594506  0.00000150 0.0000387   0.065  55410.9 48765.9 59358.6     49   1638      0405-123
ICRF J040749.1+682131  0402+682     04 07 49.16563824   68 21 31.6343128  0.00000970 0.0000560   0.044  57885.0 49826.5 58899.4      5    494      0402+682
ICRF J040818.5-012234  0405-015     04 08 18.53413131  -01 22 34.8954831  0.00000616 0.0001878  -0.206  57703.2 55965.8 58634.5      5    419      0405-015
ICRF J040820.3+303230  0405+304     04 08 20.37757376   30 32 30.4906346  0.00000502 0.0001125   0.118  56425.2 49032.7 60314.3     21    528      0405+305
ICRF J040820.3-654509  0407-658     04 08 20.37777574  -65 45 09.0783386  0.00027694 0.0024332  -0.576  51336.6 48161.5 59971.8      5     21      0407-658
ICRF J040845.3-074936  0406-079     04 08 45.37367737  -07 49 36.0751434  0.00001164 0.0003929  -0.348  60482.0 60395.7 60623.9      2    164      0406-079
ICRF J040859.6-052940  0406-056     04 08 59.64994096  -05 29 40.5382756  0.00000345 0.0001227  -0.282  58080.9 50575.3 60623.9      7    548      0406-056
ICRF J040905.7-123848  0406-127  D  04 09 05.76972361  -12 38 48.1439503  0.00000168 0.0000444  -0.070  57171.3 47776.6 60834.1    140   3246      0406-127
ICRF J040922.0+121739  0406+121     04 09 22.00870996   12 17 39.8476804  0.00000160 0.0000357  -0.259  54196.8 46976.9 60675.9     66   1755      0406+121
ICRF J040925.8+064035  0406+065     04 09 25.84772170   06 40 35.1028017  0.00000517 0.0001609   0.018  57507.3 53560.9 58921.9      5    467      0406+065
ICRF J040937.3-165535  0407-170     04 09 37.33434250  -16 55 35.5364288  0.00000954 0.0003477  -0.288  57548.7 50631.3 58621.5      5    265      0407-170
ICRF J040940.5-194801  0407-199     04 09 40.54916128  -19 48 01.7833585  0.00001261 0.0004134   0.197  57643.5 54111.8 58680.7      6    254      0407-199
ICRF J040946.5-040003  0407-041     04 09 46.58645679  -04 00 03.5542205  0.00000442 0.0001488   0.200  60542.5 60485.9 60623.9      2    156      0407-041
ICRF J041039.4+820823  0401+820     04 10 39.42693640   82 08 23.8114451  0.00008152 0.0001929   0.070  58246.5 57839.3 58669.6      5    497      0401+820
ICRF J041045.6+765645  0403+768     04 10 45.61083612   76 56 45.3134272  0.00001866 0.0000563   0.008  57202.5 52408.7 58631.3      6    318      0403+768
ICRF J041125.2-275820  0409-280     04 11 25.23212365  -27 58 20.8107447  0.00000546 0.0001933  -0.001  57435.8 55412.8 58512.3      5    345      0409-280
ICRF J041133.8+084311  0408+085     04 11 33.85752649   08 43 11.4159971  0.00000447 0.0001419  -0.030  58292.8 56748.7 59405.2      5    411      0408+085
ICRF J041140.6+171405  0408+171     04 11 40.66121795   17 14 05.0741480  0.00001126 0.0002825  -0.236  59576.4 58644.9 60135.7      5    313      0408+171
ICRF J041149.6-042415  0409-045     04 11 49.69414285  -04 24 15.0552327  0.00000539 0.0001320  -0.147  59946.6 59129.8 60152.8      6    328      0409-045
ICRF J041233.4+001048  0409+000     04 12 33.45657551   00 10 48.5003409  0.00000492 0.0001758   0.102  57737.7 49913.7 58942.4      6    391      0409+000
ICRF J041238.1+043806  0409+045     04 12 38.18700569   04 38 06.0355280  0.00000296 0.0000934   0.139  57296.8 49913.7 58942.4      5    449      0409+045
ICRF J041243.6+230505  0409+229     04 12 43.66686983   23 05 05.4525142  0.00000270 0.0000572  -0.251  53308.4 50084.5 59190.8     25    985      0409+229
ICRF J041245.9+185637  0409+188     04 12 45.94419167   18 56 37.0762822  0.00000474 0.0001112   0.228  56208.9 50084.5 58644.9      6    453      0409+188
ICRF J041309.5+201245  0410+200     04 13 09.56258296   20 12 45.2898455  0.00000875 0.0002174  -0.258  59596.3 58644.9 60219.1      5    379      0410+200
ICRF J041322.3+165951  0410+168     04 13 22.32769268   16 59 51.1000205  0.00000892 0.0002086  -0.201  58998.1 58510.3 59742.1      5    331      0410+168
ICRF J041328.2-061501  0411-063     04 13 28.23959496  -06 15 01.4919874  0.00000710 0.0002618  -0.324  58646.9 53152.3 60623.9      7    328      0411-063
ICRF J041337.0+525052  0409+527     04 13 37.08637073   52 50 52.9441138  0.00000819 0.0000960   0.201  57262.6 53572.0 58803.0      5    384      0409+527
ICRF J041340.3+111214  0410+110     04 13 40.34100293   11 12 14.7860255  0.00000244 0.0000459  -0.284  57541.2 54313.8 58975.8     53   1615      0410+110
ICRF J041414.8+244119  0411+245     04 14 14.83543213   24 41 19.3014172  0.00001330 0.0004011  -0.252  58863.3 58169.7 60497.5      8    261      0411+245
ICRF J041437.2+341851  0411+341     04 14 37.25580114   34 18 51.2094874  0.00000331 0.0000604   0.257  58005.4 50218.8 60314.3      6    498      0411+341
ICRF J041437.7+053442  0411+054     04 14 37.76739022   05 34 42.3297426  0.00001308 0.0003006   0.185  58531.3 49913.7 60259.3      9    277      0411+054
ICRF J041506.6+253206  0412+254     04 15 06.64177289   25 32 06.0901879  0.00000971 0.0002749  -0.533  59450.7 58510.3 60259.3      6    466      0412+254
ICRF J041513.1+254800  0412+256     04 15 13.19222617   25 48 00.3939345  0.00000677 0.0001492  -0.051  59428.3 58510.3 60259.3      6    543      0412+256
ICRF J041545.6-132916  0413-136     04 15 45.69405728  -13 29 16.0609859  0.00000618 0.0002459  -0.115  59732.7 59297.8 60203.4      5    304      0413-136
ICRF J041556.5+445249  0412+447     04 15 56.52650344   44 52 49.6834904  0.00000324 0.0000448   0.065  57174.7 50305.3 59190.8      5    495      0412+447
ICRF J041604.3-205627  0413-210     04 16 04.35972548  -20 56 27.5171525  0.00000286 0.0001017  -0.101  57008.4 50631.3 60162.4      9    681      0413-210
ICRF J041610.0-340303  0414-341     04 16 10.05441425  -34 03 03.9609141  0.00000822 0.0002936   0.093  58140.0 52305.8 60497.5      7    297      0414-341
ICRF J041620.5-333932  0414-337     04 16 20.51064948  -33 39 32.3524541  0.00000864 0.0003116   0.104  58243.7 52305.8 60715.1      7    327      0414-337
ICRF J041628.3-251316  0414-253     04 16 28.38757415  -25 13 16.8432546  0.00000524 0.0001927   0.018  59644.4 58856.7 60219.1      6    325      0414-253
ICRF J041631.8-153653  0414-157     04 16 31.84327170  -15 36 53.6329857  0.00000436 0.0001729  -0.239  59449.5 58988.7 59894.2      5    319      0414-157
ICRF J041636.5-185108  0414-189     04 16 36.54445054  -18 51 08.3402718  0.00000103 0.0000140   0.049  56771.0 46839.8 60723.7    303   5965      0414-189
ICRF J041819.3+545715  0414+548     04 18 19.34027213   54 57 15.3349585  0.00000689 0.0000787   0.085  58327.7 49576.0 59460.3      6    431      0414+548
ICRF J041821.2+380135  0415+379     04 18 21.27722797   38 01 35.8003050  0.00000281 0.0000467   0.010  55293.5 51463.8 58637.7     11    438      0415+379
ICRF J041840.2+211631  0415+211     04 18 40.28432090   21 16 31.1526673  0.00001050 0.0003112  -0.411  58390.8 58169.7 58677.2      5    352      0415+211
ICRF J041900.4-213235  0416-216     04 19 00.41842626  -21 32 35.6757901  0.00000623 0.0002335   0.223  57830.4 54111.8 58512.3      5    269      0416-216
ICRF J041919.4+572259  0415+572     04 19 19.41292391   57 22 59.9840684  0.00000678 0.0000678   0.310  57639.9 49576.0 59280.1      6    446      0415+572
ICRF J041922.5+395528  0415+398  D  04 19 22.54951459   39 55 28.9775872  0.00000096 0.0000131  -0.076  57909.6 50241.8 60852.8    240   8493      0415+398
ICRF J041931.0+183528  0416+184     04 19 31.04183086   18 35 28.6709673  0.00001163 0.0003474  -0.132  59451.8 58512.3 60152.8      6    349      0416+184
ICRF J041947.2-301023  0417-302     04 19 47.20501662  -30 10 23.8530466  0.00001254 0.0003949  -0.216  58835.0 52305.8 60799.7     11    311      0417-302
ICRF J042013.5+384943  0416+387     04 20 13.58483451   38 49 43.0538251  0.00000482 0.0000831  -0.053  60118.7 59742.1 60472.1      4    342      0416+387
ICRF J042018.3-150126  0418-151     04 20 18.39336559  -15 01 26.5765137  0.00000472 0.0001744  -0.210  56493.1 50631.3 58621.5      5    421      0418-151
ICRF J042103.3+260636  0418+259     04 21 03.34867239   26 06 36.4755528  0.00000684 0.0001706  -0.120  59391.4 58512.3 60259.3      6    410      0418+259
ICRF J042151.7+435210  0418+437     04 21 51.77492717   43 52 10.4296151  0.00000746 0.0000975  -0.311  57732.0 53559.8 58942.4      5    489      0418+437
ICRF J042210.7-064345  0419-068     04 22 10.79543746  -06 43 45.3310095  0.00000315 0.0001100  -0.183  58388.8 53152.3 60715.1      6    525      0419-068
ICRF J042221.2+305809  0419+308     04 22 21.22375738   30 58 09.7134136  0.00000491 0.0000998   0.050  58127.5 54087.1 60118.4      6    421      0419+308
ICRF J042244.3+532426  0418+532     04 22 44.39890248   53 24 26.2627837  0.00000147 0.0000161   0.201  59557.3 49576.0 60831.8    158   6022      0418+532
ICRF J042247.7+174115  0419+175     04 22 47.77273316   17 41 15.8597469  0.00000814 0.0002337  -0.464  59380.6 58512.3 60152.8      6    432      0419+175
ICRF J042248.4-203456  0420-206     04 22 48.46145995  -20 34 56.0335127  0.00001464 0.0004156  -0.099  58922.4 53560.9 60834.1      8    369      0420-206
ICRF J042252.2+021926  0420+022  D  04 22 52.21465171   02 19 26.9307614  0.00000039 0.0000070  -0.049  57999.5 49913.7 60845.8    453  26585      0420+022
ICRF J042301.9+210802  0420+210     04 23 01.98840762   21 08 02.1269858  0.00000381 0.0000824  -0.026  57460.9 52479.7 58712.2      6    623      0420+210
ICRF J042315.8-012033  0420-014     04 23 15.80072293  -01 20 33.0656731  0.00000025 0.0000050  -0.059  55137.7 44447.9 60852.8   2106 106806      0420-014
ICRF J042356.0+415002  0420+417     04 23 56.00979291   41 50 02.7128711  0.00000137 0.0000194  -0.013  53940.1 47567.6 59358.6     61   2624      0420+417
ICRF J042402.5+022642  0421+023     04 24 02.57766356   02 26 42.6331891  0.00000536 0.0001591   0.049  58049.2 55453.7 59460.3      5    534      0421+023
ICRF J042408.5+020424  0421+019     04 24 08.56202891   02 04 24.9641134  0.00000220 0.0000727   0.053  57232.3 49913.7 60259.3      6    639      0421+019
ICRF J042423.4+144216  0421+145     04 24 23.49074822   14 42 16.6821921  0.00000520 0.0001348  -0.113  57588.0 50084.5 58556.9      7    350      0421+145
ICRF J042432.7+071539  0421+071     04 24 32.76050412   07 15 39.4447150  0.00005620 0.0009790   0.412  60164.0 59816.3 60530.8      4    106      0421+071
ICRF J042433.7-384841  0422-389     04 24 33.71622020  -38 48 41.6430441  0.00000760 0.0000727   0.333  58393.2 54964.8 60715.1     11    593      0422-389
ICRF J042439.1+463632  0421+464     04 24 39.16530925   46 36 32.2805918  0.00000763 0.0000949  -0.155  58689.5 58121.7 59230.1      5    414      0421+464
ICRF J042442.2-375620  0422-380     04 24 42.24370577  -37 56 20.7843641  0.00000175 0.0000278   0.072  56647.4 48161.5 60472.1    160   2537      0422-380
ICRF J042446.8+003606  0422+004     04 24 46.84206263   00 36 06.3293459  0.00000092 0.0000177  -0.030  56848.5 45996.8 60704.8    195   6515      0422+004
ICRF J042457.6+080517  0422+079     04 24 57.60286944   08 05 17.3270404  0.00000222 0.0000680  -0.023  58593.5 53572.0 60675.9      8    874      0422+079
ICRF J042541.9+223507  0422+224     04 25 41.94573929   22 35 07.2495216  0.00000956 0.0002490  -0.103  58446.3 58169.7 58712.2      5    474      0422+224
ICRF J042553.5-161240  0423-163     04 25 53.57359207  -16 12 40.2332765  0.00001206 0.0003662   0.296  58011.0 50631.3 60425.9      6    284      0423-163
ICRF J042630.2+295222  0423+297     04 26 30.22613516   29 52 22.9337612  0.00000705 0.0001353  -0.001  57799.2 54111.8 58746.6      5    469      0423+297
ICRF J042633.2+184309  0423+186     04 26 33.20751104   18 43 09.3263994  0.00002019 0.0003967  -0.009  59243.4 58530.3 60152.8      6    312      0423+186
ICRF J042636.6+051819  0423+051     04 26 36.60410403   05 18 19.8724073  0.00000171 0.0000572  -0.138  56170.3 48193.8 60675.9     28    891      0423+051
ICRF J042650.0+682552  0421+683     04 26 50.07006653   68 25 52.9292960  0.00000949 0.0000580  -0.089  57888.2 49826.5 59440.3      6    519      0421+683
ICRF J042653.4+182652  0423+183     04 26 53.42217958   18 26 52.8049175  0.00000629 0.0002101  -0.395  59759.8 58967.7 60530.8      6    132      0423+183
ICRF J042654.0+125702  0424+128     04 26 54.06521346   12 57 02.2522362  0.00000979 0.0003115  -0.427  58029.2 57098.3 58592.8      5    314      0424+128
ICRF J042655.7+232739  0423+233     04 26 55.73480549   23 27 39.6335810  0.00000194 0.0000433  -0.162  57328.5 50084.5 59074.8     24   1103      0423+233
ICRF J042655.9+235026  0423+237     04 26 55.97028329   23 50 26.5848484  0.00000308 0.0000753  -0.214  57948.4 50155.3 58746.6      7    538      0423+237
ICRF J042707.3-130253  0424-131     04 27 07.30525708  -13 02 53.7174661  0.00000882 0.0003553  -0.478  59777.9 58988.7 60406.0      6    335      0424-131
ICRF J042726.1-070031  0425-071     04 27 26.15922157  -07 00 31.2636307  0.00000318 0.0001098  -0.178  56872.3 53502.7 60203.4      6    534      0425-071
ICRF J042746.0+413301  0424+414     04 27 46.04554127   41 33 01.0997043  0.00000354 0.0000482   0.142  57410.0 50241.8 60135.7      6    670      0424+414
ICRF J042747.5+045708  0425+048     04 27 47.57053809   04 57 08.3252835  0.00000276 0.0000737  -0.349  55930.8 47717.7 59320.9     26    671      0425+048
ICRF J042805.8+325952  0424+328     04 28 05.80876579   32 59 52.0440692  0.00000369 0.0000696  -0.210  57138.2 50218.8 58512.3      5    423      0424+328
ICRF J042835.6+173223  0425+174     04 28 35.63368864   17 32 23.5874054  0.00000230 0.0000693  -0.156  57113.7 50084.5 60675.9     10    677      0425+174
ICRF J042840.4-375619  0426-380     04 28 40.42426806  -37 56 19.5807802  0.00000080 0.0000159   0.129  56911.5 47639.0 60715.1    127   6619      0426-380
ICRF J042842.6-500534  0427-502     04 28 42.63216897  -50 05 34.2947642  0.00000800 0.0001531   0.291  57602.0 57152.0 58765.7      8    177      0427-502
ICRF J042844.8-123017  0426-126     04 28 44.86604444  -12 30 17.0534140  0.00000530 0.0002095  -0.251  59615.8 58988.7 60203.4      6    359      0426-126
ICRF J042906.0+671016  0424+670     04 29 06.02512613   67 10 16.5294008  0.00013234 0.0006747   0.167  59077.4 49826.5 60485.9     11    261      0424+670
ICRF J042929.1+181552  0426+181     04 29 29.15365850   18 15 52.1781329  0.00000367 0.0000964  -0.147  58419.0 57659.8 58746.6     12    545      0426+181
ICRF J042952.7+331901  0426+332     04 29 52.72113513   33 19 01.8583619  0.00000384 0.0000790  -0.259  57285.0 53522.9 58512.3      5    414      0426+332
ICRF J042952.9+272437  0426+273     04 29 52.96076844   27 24 37.8760882  0.00000112 0.0000244   0.003  56828.2 50218.8 60704.8    115   4555      0426+273
ICRF J042959.8-372700  0428-375     04 29 59.88858256  -37 27 00.4784375  0.00009288 0.0037875   0.111  60521.0 59867.7 60715.1      4     55      0428-375
ICRF J043007.2-225444  0427-230     04 30 07.27871449  -22 54 44.7332718  0.00000601 0.0002202  -0.066  59527.1 58856.7 59926.0      5    270      0427-230
ICRF J043016.0-250738  0428-252     04 30 16.03604707  -25 07 38.9620668  0.00001230 0.0004513   0.021  58020.4 56817.4 60530.8      6    273      0428-252
ICRF J043021.2-052343  0427-055     04 30 21.20018096  -05 23 43.8569605  0.00001061 0.0003657  -0.004  57866.8 56817.4 58644.9      4    333      0427-055
ICRF J043022.3+165504  0427+168     04 30 22.34702192   16 55 04.7486522  0.00000529 0.0001874  -0.115  59493.8 58540.2 60203.4      6    299      0427+168
ICRF J043034.4+234020  0427+235     04 30 34.43994688   23 40 20.8154310  0.00000691 0.0001786  -0.195  59117.0 58551.2 59894.2      5    331      0427+235
ICRF J043059.8+172315  0428+172     04 30 59.84518690   17 23 15.6850602  0.00000714 0.0001982  -0.407  59212.5 58551.2 59894.2      5    336      0428+172
ICRF J043103.7+203734  0428+205     04 31 03.76148431   20 37 34.2621183  0.00000578 0.0001260  -0.289  57978.1 52305.8 58794.6      6    404      0428+205
ICRF J043128.0-040627  0428-042     04 31 28.08854871  -04 06 27.3198704  0.00000288 0.0001008  -0.241  57716.4 53551.8 58644.9      5    395      0428-042
ICRF J043157.3+173135  0429+174     04 31 57.37923047   17 31 35.7753149  0.00000332 0.0000968  -0.367  57174.9 50084.5 59271.2     11    579      0429+174
ICRF J043206.4+313113  0428+314     04 32 06.44232329   31 31 13.3329656  0.00000372 0.0000898  -0.011  59855.9 59405.2 60118.4      5    421      0428+314
ICRF J043221.1-510925  0431-512     04 32 21.17835407  -51 09 25.1860276  0.00007977 0.0010901   0.845  52796.2 48043.0 59178.7      7     18      0431-512
ICRF J043229.0-161405  0430-163     04 32 29.08226568  -16 14 05.6686426  0.00000347 0.0001308  -0.145  57228.5 53502.7 58631.3      5    350      0430-163
ICRF J043236.5+413828  0429+415     04 32 36.50270811   41 38 28.4492228  0.00000421 0.0000797   0.131  57404.2 50241.8 59271.2      6    346      3C119   
ICRF J043240.3+450013  0429+448     04 32 40.38132624   45 00 13.7613280  0.00000782 0.0001178  -0.372  58898.0 58121.7 60715.1      6    507      0429+448
ICRF J043244.5-330911  0430-332     04 32 44.56424169  -33 09 11.9308695  0.00000909 0.0003288   0.121  58005.9 52305.8 60715.1      9    355      0430-332
ICRF J043311.0+052115  0430+052     04 33 11.09553653   05 21 15.6193354  0.00000058 0.0000113   0.043  53272.4 44088.7 60696.7    211  11554      3C120   
ICRF J043334.1-603013  0432-606     04 33 34.10845377  -60 30 13.7694257  0.00001196 0.0001540   0.325  57926.1 54722.8 59051.7      8    110      0432-606
ICRF J043337.8+290555  0430+289  D  04 33 37.82985927   29 05 55.4770227  0.00000086 0.0000179  -0.001  57011.7 50042.8 60834.1    297  10582      0430+289
ICRF J043419.0-144255  0432-148     04 34 19.02514024  -14 42 55.3585311  0.00000299 0.0001089  -0.137  56507.3 50631.3 58631.3      5    402      0432-148
ICRF J043420.6-251433  0432-253     04 34 20.65644488  -25 14 33.5100722  0.00000980 0.0003254   0.070  57881.6 56817.4 58680.7      6    295      0432-253
ICRF J043445.3-421107  0433-422     04 34 45.31369842  -42 11 07.9416509  0.00001411 0.0000979   0.477  58414.9 58141.7 58576.8      5    282      0433-422
ICRF J043512.7+244646  0432+246     04 35 12.77009676   24 46 46.1102674  0.00000920 0.0002300  -0.189  59087.0 58556.9 59894.2      5    335      0432+246
ICRF J043534.5+253259  0432+254     04 35 34.58295264   25 32 59.6985817  0.00000433 0.0001171   0.034  57843.2 50218.8 58803.0      6    562      0432+254
ICRF J043611.3-100254  0433-101     04 36 11.39233962  -10 02 54.1673357  0.00000381 0.0001453   0.007  59522.5 58756.7 60203.4      6    451      0433-101
ICRF J043651.2-235956  0434-240     04 36 51.27921708  -23 59 56.1043694  0.00001678 0.0005684  -0.168  58905.9 56817.4 60425.9     10    291      0434-240
ICRF J043701.4-184448  0434-188     04 37 01.48272575  -18 44 48.6135433  0.00000134 0.0000338  -0.425  55532.1 46874.8 60852.8    493   5674      0434-188
ICRF J043704.3+294013  0433+295     04 37 04.37534942   29 40 13.8176817  0.00000801 0.0001609  -0.201  57594.0 52408.7 58746.6      5    423      0433+295
ICRF J043704.3-714820  0437-719     04 37 04.37837056  -71 48 20.1650429  0.00000981 0.0000800   0.225  57865.4 57152.0 58765.7      6    150      0437-719
ICRF J043735.3+212045  0434+212     04 37 35.31444263   21 20 45.1619370  0.00001043 0.0003220   0.117  59158.9 58556.9 59894.2      5    353      0434+212
ICRF J043736.5-295404  0435-300     04 37 36.56868472  -29 54 04.1188729  0.00000735 0.0002448   0.478  56876.5 53522.9 58530.3      5    316      0435-300
ICRF J043804.9+300445  0434+299     04 38 04.94830152   30 04 45.5177467  0.00000196 0.0000408  -0.078  59246.4 50218.8 60799.7      8   1021      0434+299
ICRF J043821.6-071619  0435-073     04 38 21.67232788  -07 16 19.1981303  0.00005108 0.0011391  -0.017  60097.2 59742.1 60406.0      4    145      0435-073
ICRF J043835.0-125103  0436-129     04 38 35.02100621  -12 51 03.3590647  0.00000123 0.0000252   0.025  57424.3 50575.3 60845.8    177   4031      0436-129
ICRF J043837.8-084821  0436-089     04 38 37.87683006  -08 48 21.5064754  0.00002904 0.0004545   0.172  57193.0 50575.3 58644.9      5    228      0436-089
ICRF J043850.4-201226  0436-203     04 38 50.48962370  -20 12 26.3954582  0.00000827 0.0002924  -0.250  56745.7 50631.3 58540.2      6    311      0436-203
ICRF J043855.8+215310  0435+217     04 38 55.88497775   21 53 10.3068808  0.00000347 0.0000851  -0.121  57638.7 53559.8 58803.0      6    622      0435+217
ICRF J043859.1+484846  0435+487     04 38 59.10562220   48 48 46.6153244  0.00011064 0.0010297   0.410  59445.9 58373.8 60485.9      8    148      0435+487
ICRF J043900.8-452222  0437-454  D  04 39 00.85466333  -45 22 22.5633012  0.00000072 0.0000139   0.105  59038.3 48765.9 60852.8    463  11414      0437-454
ICRF J043902.2+052043  0436+052     04 39 02.26218768   05 20 43.6733354  0.00000367 0.0001148  -0.031  57588.6 53133.5 58512.3      5    415      0436+052
ICRF J043917.7+304507  0436+306     04 39 17.77453889   30 45 07.5525099  0.00000322 0.0000725   0.005  57107.7 50218.8 58512.3      5    397      0436+306
ICRF J043953.2-301745  0437-303     04 39 53.20142916  -30 17 45.6248674  0.00000581 0.0002134   0.201  57777.4 52408.7 60530.8      6    294      0437-303
ICRF J044007.8+424440  0436+426     04 40 07.87158532   42 44 40.2576892  0.00000364 0.0000677  -0.191  57463.5 50241.8 60152.8      6    574      0436+426
ICRF J044017.1-433308  0438-436     04 40 17.17997036  -43 33 08.6042963  0.00000261 0.0000525   0.100  56003.0 47940.3 60485.9    111    988      0438-436
ICRF J044021.1+143756  0437+145     04 40 21.13939166   14 37 56.9512288  0.00000236 0.0000663   0.028  58315.6 53125.1 60715.1      6    520      0437+145
ICRF J044027.7+272840  0437+273     04 40 27.73938541   27 28 40.6789635  0.00000342 0.0000762  -0.153  57825.5 50218.8 58746.6      6    438      0437+273
ICRF J044047.7-695218  0441-699     04 40 47.75738856  -69 52 18.0866566  0.00002006 0.0001211   0.218  58698.7 57987.7 59178.7      5    113      0441-699
ICRF J044114.2+190407  0438+189     04 41 14.27533514   19 04 07.1982540  0.00001058 0.0003560  -0.548  58964.2 58592.8 59926.0      5    248      0438+189
ICRF J044119.5-295236  0439-299     04 41 19.51107926  -29 52 36.3676340  0.00001329 0.0004672  -0.118  58280.4 56878.0 60219.1      6    260      0439-299
ICRF J044128.8+040839  0438+040     04 41 28.86187363   04 08 39.6416379  0.00000545 0.0001748  -0.031  59576.3 58756.7 60295.4      6    492      0438+040
ICRF J044133.7-334003  0439-337     04 41 33.76807351  -33 40 03.9152742  0.00000985 0.0003174   0.445  58194.8 52305.8 60323.7      7    309      0439-337
ICRF J044158.2-515454  0440-520     04 41 58.27710617  -51 54 54.1698578  0.00001164 0.0002234   0.098  58427.1 58009.8 59178.7      4     65      0440-520
ICRF J044237.6-282530  0440-285     04 42 37.65720692  -28 25 30.8364193  0.00000533 0.0002029  -0.046  56438.7 50687.3 58540.2      5    308      0440-285
ICRF J044238.6-001743  0440-003     04 42 38.66072625  -00 17 43.4209374  0.00000097 0.0000176   0.136  56463.7 47010.4 60704.8    186   5162      NRAO190 
ICRF J044243.9+282538  0439+283     04 42 43.98412655   28 25 38.4463804  0.00000545 0.0001385  -0.320  59082.3 57973.7 60097.9      6    479      0439+283
ICRF J044251.1+184338  0439+186     04 42 51.16130049   18 43 38.9409763  0.00000498 0.0001291  -0.301  58507.5 57924.7 58829.4      5    401      0439+186
ICRF J044331.6+344106  0440+345     04 43 31.63519724   34 41 06.6640112  0.00000126 0.0000231  -0.023  55163.0 47717.7 60149.7    108   4654      0440+345
ICRF J044337.5+210508  0440+209     04 43 37.56078417   21 05 08.6684785  0.00000377 0.0001074  -0.081  59218.9 58490.7 59926.0      6    532      0440+209
ICRF J044412.4+104247  0441+106     04 44 12.46613526   10 42 47.2633814  0.00000266 0.0000762  -0.229  58806.8 49913.7 60715.1      7    714      0441+106
ICRF J044501.4+071553  0442+071     04 45 01.42876632   07 15 53.9141550  0.00000308 0.0001025  -0.140  56986.3 49913.7 58512.3      5    454      0442+071
ICRF J044501.9+512414  0441+513     04 45 02.41719797   51 24 47.8500337  0.00006061 0.0014295  -0.021  59097.5 58363.2 60485.9      8     91      0441+513
ICRF J044546.3+783858  0438+785     04 45 46.31539077   78 38 58.1780592  0.00011408 0.0003619   0.412  58721.7 56392.8 60448.8      8    257      0438+785
ICRF J044611.4+390017  0442+389     04 46 11.49402376   39 00 17.0997990  0.00000147 0.0000288   0.089  58109.7 50241.8 60810.8    179   4681      0442+389
ICRF J044708.8+332745  0443+333     04 47 08.81383621   33 27 45.8855062  0.00000458 0.0000873   0.107  60147.6 59776.7 60530.8      4    290      0443+333
ICRF J044737.2-220336  0445-221     04 47 37.28158539  -22 03 36.8230189  0.00002361 0.0006785   0.029  58191.2 52408.7 59951.1      9    251      0445-221
ICRF J044817.3-210944  0446-212     04 48 17.38178159  -21 09 44.8302320  0.00000443 0.0001555   0.184  57509.6 53559.8 58551.2      5    315      0446-212
ICRF J044820.4+592149  0443+592     04 48 20.48316776   59 21 49.7803350  0.00003615 0.0005529   0.043  58078.3 53125.1 58829.4      5    253      0443+592
ICRF J044821.7+095051  0445+097     04 48 21.73843654   09 50 51.4602442  0.00000267 0.0000768   0.012  57390.2 53522.9 58512.3      5    450      0445+097
ICRF J044823.9-262614  0446-265     04 48 23.96382871  -26 26 14.8412516  0.00000778 0.0002745  -0.242  58071.2 54111.8 60323.7      6    283      0446-265
ICRF J044835.1+362931  0445+364     04 48 35.16156420   36 29 31.4161708  0.00000545 0.0001040   0.167  56913.8 50241.8 58530.3      5    499      0445+364
ICRF J044848.5-741731  0450-743     04 48 48.55798859  -74 17 31.2457833  0.00002036 0.0000834   0.019  57582.8 50181.6 58884.8      9    183      0450-743
ICRF J044849.4-093531  0446-096     04 48 49.46976654  -09 35 31.5016830  0.00000634 0.0002582  -0.592  57746.0 53572.0 58644.9      5    411      0446-096
ICRF J044850.4+112754  0446+113     04 48 50.41207630   11 27 54.3709988  0.00000441 0.0001312  -0.336  57125.4 49913.7 58592.8      5    426      0446+113
ICRF J044900.1+823319  0438+824     04 49 00.19346754   82 33 19.4468579  0.00004446 0.0000780   0.370  58800.0 53789.1 60623.9      8    882      0438+824
ICRF J044907.6+112128  0446+112     04 49 07.67110278   11 21 28.5962996  0.00000036 0.0000057  -0.030  58153.1 47776.6 60856.7    858  38369      0446+112
ICRF J044912.5+175431  0446+178     04 49 12.51156475   17 54 31.5945499  0.00000421 0.0001136  -0.384  58002.9 53133.5 58829.4      6    532      0446+178
ICRF J044921.1+072910  0446+074     04 49 21.17063560   07 29 10.6959958  0.00000854 0.0002492  -0.102  58220.3 57722.8 58512.3      5    318      0446+074
ICRF J044923.3+633209  0444+634     04 49 23.31057210   63 32 09.4340650  0.00000269 0.0000220  -0.005  55234.3 49421.9 60704.8     42   2497      0444+634
ICRF J044924.6-435008  0447-439     04 49 24.69822113  -43 50 08.9620048  0.00001815 0.0006367  -0.139  60517.1 60485.9 60554.7      2     53      0447-439
ICRF J044933.6+421747  0446+422     04 49 33.61571501   42 17 47.3626086  0.00015219 0.0016855   0.589  60185.5 59776.7 60472.1      4     70      0446+422
ICRF J044942.2-391109  0448-392     04 49 42.25466618  -39 11 09.4701263  0.00000668 0.0000662   0.179  57890.5 52305.8 58576.8     10    571      0448-392
ICRF J044942.9-005722  0447-010     04 49 42.90595895  -00 57 22.3532724  0.00000358 0.0000748   0.148  57582.8 53560.9 60203.4      8    468      0447-010
ICRF J045005.4-810102  0454-810  D  04 50 05.44020954  -81 01 02.2314653  0.00000393 0.0000094   0.006  57228.0 47625.5 60710.7    246  15378      0454-810
ICRF J045018.0+203636  0447+205     04 50 18.05979670   20 36 36.7498722  0.00000477 0.0001378  -0.148  59015.3 58600.6 59642.1      5    408      0447+205
ICRF J045030.8+462059  0446+462     04 50 30.80173255   46 20 59.7956427  0.00001621 0.0002428   0.255  57736.5 55412.8 58512.3      5    299      0446+462
ICRF J045035.9-183700  0448-187     04 50 35.90961612  -18 37 00.4076222  0.00000299 0.0001040  -0.089  57033.9 50631.3 60162.4      7    670      0448-187
ICRF J045043.6+405613  0447+408     04 50 43.67961959   40 56 13.9675738  0.00000485 0.0000635  -0.034  57680.1 52408.7 59230.1      7    459      0447+408
ICRF J045051.9+224905  0447+227     04 50 51.94468139   22 49 05.8980449  0.00000386 0.0000921  -0.328  57881.4 53551.8 59280.1      9    831      0447+227
ICRF J045118.7+593532  0446+595     04 51 18.72180034   59 35 32.1835578  0.00000549 0.0000431  -0.138  57140.5 53767.8 59320.9      7    770      0446+595
ICRF J045216.5+141506  0449+141     04 52 16.59554682   14 15 06.1759148  0.00002935 0.0006562   0.135  60099.7 59816.3 60530.8      4    179      0449+141
ICRF J045242.6+123624  0449+125     04 52 42.60112614   12 36 24.5899891  0.00000517 0.0001630  -0.471  57961.0 55775.7 59405.2      5    414      0449+125
ICRF J045302.2+012835  0450+013     04 53 02.23861482   01 28 35.6287066  0.00000290 0.0000906  -0.154  57719.4 53125.1 59190.8      7    562      0450+013
ICRF J045314.6-280737  0451-282     04 53 14.64679833  -28 07 37.3269081  0.00000113 0.0000215  -0.029  56534.4 47175.5 60632.7    127   3077      0451-282
ICRF J045316.6-394905  0451-398     04 53 16.61928964  -39 49 05.9297156  0.00000818 0.0002735  -0.151  58600.0 56808.7 60033.6     10    265      0451-398
ICRF J045351.7+300358  0450+299     04 53 51.76608759   30 03 58.3812445  0.00002636 0.0004624   0.339  59944.4 59405.2 60530.8      6    203      0450+299
ICRF J045355.7-074527  0451-078     04 53 55.71266392  -07 45 27.0760577  0.00000318 0.0001221  -0.250  59556.6 58756.7 60203.4      6    501      0451-078
ICRF J045358.5+120456  0451+120     04 53 58.56848854   12 04 56.4408874  0.00000656 0.0001840  -0.076  60493.8 60354.8 60715.1      2    197      0451+120
ICRF J045500.2+193614  0452+195     04 55 00.21544603   19 36 14.5872062  0.00001552 0.0003330   0.430  59427.3 58600.6 60530.8      7    245      0452+195
ICRF J045504.5-240806  0452-242     04 55 04.52466646  -24 08 06.1522224  0.00002569 0.0007839   0.630  60220.1 59642.1 60425.9      4    179      0452-242
ICRF J045520.7+065538  0452+068     04 55 20.71272817   06 55 38.8749191  0.00000821 0.0002609  -0.253  58678.0 53559.8 60530.8      7    374      0452+068
ICRF J045550.7-461558  0454-463     04 55 50.77249042  -46 15 58.6798450  0.00000111 0.0000128   0.197  57507.1 49014.7 60856.7    232   8323      0454-463
ICRF J045608.9-215909  0454-220     04 56 08.92377622  -21 59 09.3998721  0.00000559 0.0001963  -0.311  57862.5 54656.8 58551.2      5    291      0454-220
ICRF J045617.3+270221  0453+269     04 56 17.36583039   27 02 21.1571039  0.00000585 0.0001462  -0.299  58534.5 58212.7 58871.4      6    587      0453+269
ICRF J045636.6-313612  0454-316     04 56 36.68332832  -31 36 12.4790620  0.00000707 0.0001575   0.108  59674.6 59129.8 60033.6      9    279      0454-316
ICRF J045647.1+040052  0454+039     04 56 47.17471391   04 00 52.9468989  0.00000228 0.0000702   0.130  58481.5 49913.7 60715.1      7    753      0454+039
ICRF J045703.1-232452  0454-234  D  04 57 03.17922408  -23 24 52.0203951  0.00000024 0.0000050  -0.096  56331.3 46439.9 60856.7   4151 199487      0454-234
ICRF J045707.7+064507  0454+066     04 57 07.70994939   06 45 07.2603116  0.00000252 0.0000725   0.122  56272.6 49913.7 58530.3      5    483      0454+066
ICRF J045720.2-084905  0454-088     04 57 20.21291162  -08 49 05.4836345  0.00000707 0.0002032   0.167  57105.2 50575.3 58669.6      5    405      0454-088
ICRF J045727.8-343319  0455-346     04 57 27.89780642  -34 33 19.5107013  0.00003230 0.0009578   0.092  60191.8 59875.5 60323.7      3    105      0455-346
ICRF J045730.1+291038  0454+291     04 57 30.11752725   29 10 38.8616978  0.00000462 0.0001186  -0.258  59868.5 59440.3 60530.8      6    397      0454+291
ICRF J045754.3-181916  0455-183     04 57 54.32519512  -18 19 16.0734138  0.00000413 0.0001504  -0.085  58430.3 53560.9 60834.1      7    512      0455-183
ICRF J045755.4+262441  0454+263     04 57 55.40604224   26 24 41.0275460  0.00002307 0.0003721  -0.362  59235.1 58621.5 59894.2      5    254      0454+263
ICRF J045820.8-313920  0456-317     04 58 20.84332463  -31 39 20.2322867  0.00009783 0.0027609  -0.834  58548.7 56874.5 60323.7     11     85      0456-317
ICRF J045829.8+201136  0455+201     04 58 29.87219226   20 11 36.0736921  0.00000844 0.0002105  -0.421  58471.4 58212.7 58899.4      5    459      0455+201
ICRF J045848.7+060803  0456+060     04 58 48.77157314   06 08 03.8593627  0.00000323 0.0000976  -0.002  57581.8 54124.8 58530.3      5    510      0456+060
ICRF J045854.8+550842  0454+550     04 58 54.84010592   55 08 42.0590871  0.00000414 0.0000410   0.172  58892.3 49576.0 60770.3     11   1061      0454+550
ICRF J045933.0+310634  0456+310     04 59 33.03373276   31 06 34.2880406  0.00000402 0.0000845   0.185  57149.4 50218.8 58530.3      5    493      0456+310
ICRF J045952.0+022931  0457+024     04 59 52.05065774   02 29 31.1763959  0.00000179 0.0000448   0.074  52277.7 47004.8 60295.4     84   2271      0457+024
ICRF J045956.0+270602  0456+270     04 59 56.08731046   27 06 02.0914844  0.00001593 0.0003330  -0.384  59905.2 59631.6 60530.8      5    217      0456+270
ICRF J050027.4+425330  0456+428     05 00 27.47281178   42 53 30.8557148  0.00001059 0.0001421   0.048  57589.9 52408.7 58512.3      5    341      0456+428
ICRF J050027.8+265134  0457+267     05 00 27.87018232   26 51 34.3390209  0.00000617 0.0001603  -0.238  58177.0 57046.0 58899.4      5    486      0457+267
ICRF J050112.8-015914  0458-020  D  05 01 12.80988624  -01 59 14.2565170  0.00000021 0.0000045  -0.087  56517.4 44772.8 60856.7   3543 165389      0458-020
ICRF J050119.0+204455  0458+206     05 01 19.06721097   20 44 55.5658639  0.00001784 0.0004585  -0.243  59053.5 58621.5 60530.8      7    183      0458+206
ICRF J050123.3-162808  0459-165     05 01 23.37716412  -16 28 07.9988112  0.00001020 0.0004346  -0.560  60113.1 59742.1 60442.8      5    343      0459-165
ICRF J050135.6+253038  0458+254     05 01 35.61287062   25 30 38.7656780  0.00000662 0.0001962  -0.179  59227.9 58631.3 59894.2      5    345      0458+254
ICRF J050145.2+135607  0458+138     05 01 45.27082398   13 56 07.2201066  0.00000161 0.0000439   0.039  56515.4 47717.7 59568.7     64   2060      0458+138
ICRF J050145.7+712833  0456+714     05 01 45.77990150   71 28 33.9635008  0.00001459 0.0000714  -0.053  57659.9 53133.5 58631.3      5    528      0456+714
ICRF J050159.9-135504  0459-139     05 01 59.94498412  -13 55 04.8245097  0.00000623 0.0002332  -0.202  57529.4 53551.8 58631.3      5    360      0459-139
ICRF J050215.4+060907  0459+060     05 02 15.44593855   06 09 07.4937490  0.00000370 0.0000607   0.010  54489.6 47717.7 58743.7     21    675      0459+060
ICRF J050232.4+384954  0459+387     05 02 32.49281144   38 49 54.9414708  0.00000564 0.0000964  -0.098  57517.7 52408.7 58530.3      5    468      0459+387
ICRF J050233.2+133810  0459+135     05 02 33.21952030   13 38 10.9587689  0.00000316 0.0000549   0.106  53642.9 50084.5 59230.1     14    495      0459+135
ICRF J050233.8+004217  0459+006     05 02 33.85609762   00 42 17.7908799  0.00001989 0.0004259  -0.291  60186.4 59816.3 60497.5      4    236      0459+006
ICRF J050237.9+413919  0459+415     05 02 37.98821613   41 39 19.3475092  0.00000482 0.0000742  -0.083  57052.2 52408.7 59280.1      6    469      0459+415
ICRF J050244.3-354114  0500-357     05 02 44.36565767  -35 41 14.8344962  0.00000623 0.0002279   0.142  59273.3 52305.8 60683.7     13    379      0500-357
ICRF J050258.4+251625  0459+252     05 02 58.47475728   25 16 25.2755175  0.00000236 0.0000545  -0.102  58592.6 54124.8 60675.9     10    861      0459+252
ICRF J050321.1+020304  0500+019     05 03 21.19717144   02 03 04.6766633  0.00000214 0.0000560  -0.231  55446.8 47717.7 60314.3     29    813      0500+019
ICRF J050348.0-212831  0501-215     05 03 48.08989195  -21 28 31.3368079  0.00000964 0.0001968  -0.065  57766.5 52408.7 58667.8      6    315      0501-215
ICRF J050350.2+442439  0500+443     05 03 50.22400684   44 24 39.3809665  0.00000749 0.0000918  -0.242  56981.9 52408.7 58530.3      5    425      0500+443
ICRF J050356.0-063803  0501-067     05 03 56.04778345  -06 38 03.4550618  0.00000965 0.0002876  -0.327  57721.2 53572.0 58669.6      5    314      0501-067
ICRF J050356.7+340328  0500+339     05 03 56.78464118   34 03 28.1133718  0.00000703 0.0001312   0.175  57754.4 50218.8 58530.3      5    424      0500+339
ICRF J050401.7-604952  0503-608     05 04 01.70113114  -60 49 52.5395919  0.00002130 0.0001452   0.480  52946.2 48110.0 58554.7     21     84      0503-608
ICRF J050428.7-151226  0502-152     05 04 28.79710172  -15 12 26.8487215  0.00000483 0.0001750  -0.226  57996.0 54852.8 59522.9      5    364      0502-152
ICRF J050434.4-074436  0502-078     05 04 34.49331431  -07 44 36.8835511  0.00000490 0.0001637   0.025  60329.5 59996.7 60406.0      2    139      0502-078
ICRF J050454.3+280231  0501+279     05 04 54.30646222   28 02 31.9815541  0.00000514 0.0000927  -0.220  58300.4 52939.7 59190.8      7    505      0501+279
ICRF J050523.1+045942  0502+049     05 05 23.18472599   04 59 42.7244661  0.00000142 0.0000315  -0.029  53621.1 47717.7 59190.8     37   1417      0502+049
ICRF J050534.7+041554  0502+041     05 05 34.76910046   04 15 54.5787604  0.00001288 0.0003787   0.017  58199.2 57784.7 58540.2      5    362      0502+041
ICRF J050540.9+640626  0500+640     05 05 40.93708444   64 06 26.2920146  0.00003316 0.0002679  -0.318  58863.0 58363.2 59776.7      5    327      0500+640
ICRF J050551.2-041926  0503-043     05 05 51.23839728  -04 19 26.6136968  0.00000319 0.0001078   0.106  58502.7 54111.8 60715.1      6    537      0503-043
ICRF J050555.8-293038  0503-295     05 05 55.84935511  -29 30 38.4015816  0.00000384 0.0001479  -0.007  58821.8 58272.3 59320.9      6    385      0503-295
ICRF J050557.1-161558  0503-163     05 05 57.16063319  -16 15 58.0092043  0.00000423 0.0001442  -0.153  58514.3 53559.8 60834.1      8    602      0503-163
ICRF J050634.0+214100  0503+216     05 06 34.03334089   21 41 00.1594177  0.00000313 0.0000795  -0.018  58191.1 53560.9 60675.9      8    643      0503+216
ICRF J050643.9-610940  0506-612  D  05 06 43.98875034  -61 09 40.9940131  0.00000343 0.0000275   0.070  56519.8 48110.0 60818.8    190   1778      0506-612
ICRF J050653.0-095042  0504-099     05 06 53.06377340  -09 50 42.4706213  0.00000586 0.0002014   0.226  57874.5 54087.1 58669.6      5    363      0504-099
ICRF J050705.3+235144  0504+237     05 07 05.32089704   23 51 44.7510239  0.00001110 0.0002912   0.052  59236.3 58631.3 59951.1      5    314      0504+237
ICRF J050723.6+464542  0503+466     05 07 23.65883577   46 45 42.3382809  0.00000349 0.0000524  -0.097  56729.2 50305.3 58530.3      5    444      0503+466
ICRF J050731.1+791255  0459+791     05 07 31.16722521   79 12 55.9263726  0.00014287 0.0005487   0.278  58301.2 57977.6 60093.7      7    152      0459+791
ICRF J050754.6-610443  0507-611     05 07 54.67070347  -61 04 43.1155849  0.00001113 0.0001388   0.367  58327.9 58009.8 58974.7      5    103      0507-611
ICRF J050819.0-193556  0506-196     05 08 19.00008095  -19 35 56.1739998  0.00000783 0.0003091  -0.184  58085.7 57011.1 59522.9      5    340      0506-196
ICRF J050827.2+605627  0503+608     05 08 27.25943699   60 56 27.3361877  0.00001309 0.0001133  -0.392  58136.9 53502.7 60219.1      6    424      0503+608
ICRF J050838.0-330853  0506-332     05 08 38.08525642  -33 08 53.9605050  0.00000876 0.0003014  -0.219  58460.4 56874.5 60554.7      9    275      0506-332
ICRF J050842.3+843204  0454+844  D  05 08 42.36351217   84 32 04.5441822  0.00000556 0.0000089   0.054  57054.1 44342.5 60845.8    671  21473      0454+844
ICRF J050847.9-202006  0506-203     05 08 47.92451614  -20 20 06.4483004  0.00002337 0.0007398   0.625  60174.0 59642.1 60442.8      4    197      0506-203
ICRF J050901.2+195718  0506+198     05 09 01.23764701   19 57 18.3897389  0.00000776 0.0002687  -0.173  59222.6 58634.5 59951.1      5    286      0506+198
ICRF J050905.8+352817  0505+354     05 09 05.84616572   35 28 17.2860924  0.00000526 0.0001025  -0.145  56669.4 50241.8 58540.2      5    479      0505+354
ICRF J050925.9+054135  0506+056     05 09 25.96446744   05 41 35.3334999  0.00000102 0.0000207  -0.019  58904.8 49913.7 60760.8     46   2492      0506+056
ICRF J050927.4+101144  0506+101  D  05 09 27.45706955   10 11 44.6001240  0.00000086 0.0000160  -0.124  57123.8 47717.7 60764.6    229   6355      0506+101
ICRF J050948.8+395154  0506+398     05 09 48.81742306   39 51 54.6236326  0.00000534 0.0000897  -0.090  58602.5 58121.7 59271.2      5    391      0506+398
ICRF J050951.2+273322  0506+274     05 09 51.24905025   27 33 22.5412135  0.00000876 0.0002169  -0.461  59224.1 58634.5 59894.2      5    397      0506+274
ICRF J051002.3+180041  0507+179  D  05 10 02.36912727   18 00 41.5815801  0.00000078 0.0000129  -0.009  57284.4 47802.6 60704.8    152   5570      0507+179
ICRF J051011.3+205813  0507+209     05 10 11.30696544   20 58 13.4591603  0.00000968 0.0002723  -0.232  59333.8 58634.5 60323.7      6    294      0507+209
ICRF J051046.3-314253  0508-317     05 10 46.34088079  -31 42 53.9301585  0.00000547 0.0001902   0.207  56971.2 53522.9 58592.8      5    308      0508-317
ICRF J051138.3+135719  0508+138     05 11 38.31967518   13 57 19.1933197  0.00000274 0.0000540   0.011  55936.1 50084.5 60764.6     20    681      0508+138
ICRF J051150.3+263154  0508+264     05 11 50.37152620   26 31 54.8659997  0.00000659 0.0002192  -0.034  57969.3 54111.8 58942.4      6    486      0508+264
ICRF J051157.6+011049  0509+011     05 11 57.61259591   01 10 49.4358636  0.00000371 0.0000695   0.075  58356.3 49913.7 60497.5      8    491      0509+011
ICRF J051239.0+203742  0509+205     05 12 39.07525598   20 37 42.8036760  0.00000659 0.0001934  -0.172  57717.3 53559.8 58644.9      5    368      0509+205
ICRF J051241.0+151723  0509+152     05 12 41.01299700   15 17 23.4808511  0.00000305 0.0000727   0.029  57055.0 50084.5 60554.7      8    553      0509+152
ICRF J051242.2+292703  0509+293     05 12 42.20587940   29 27 03.6098942  0.00000726 0.0001547   0.069  57604.7 53560.9 58794.6      5    463      0509+293
ICRF J051252.5+404143  0509+406     05 12 52.54284149   40 41 43.6202126  0.00000270 0.0000438  -0.040  56521.2 52408.7 58530.3      5    507      0509+406
ICRF J051302.6-003225  0510-005     05 13 02.60369234  -00 32 25.2609611  0.00001745 0.0004216   0.278  58093.3 56878.0 59460.3      5    277      0510-005
ICRF J051340.0+010021  0511+009     05 13 40.03249559   01 00 21.6540473  0.00000660 0.0001772  -0.004  57381.1 49913.7 60497.5      7    582      0511+009
ICRF J051342.8-201611  0511-203     05 13 42.85840586  -20 16 11.4943535  0.00000598 0.0002008  -0.133  58513.0 54087.1 60834.1      7    487      0511-203
ICRF J051349.1-215916  0511-220     05 13 49.11432268  -21 59 16.0921553  0.00000219 0.0000480  -0.169  57781.5 47175.5 60683.7     35   1253      0511-220
ICRF J051417.3-202920  0512-205     05 14 17.34753462  -20 29 20.5130240  0.00000364 0.0001316  -0.272  57168.3 53551.8 58556.9      5    408      0512-205
ICRF J051418.6+560211  0510+559  D  05 14 18.69961120   56 02 11.0530736  0.00000340 0.0000325   0.029  59145.9 49576.0 60799.7     28   2106      0510+559
ICRF J051443.9-455435  0513-459     05 14 43.95978081  -45 54 35.5706940  0.00001277 0.0001694   0.141  59187.1 58275.8 60497.5      9    200      0513-459
ICRF J051453.0-301641  0512-303     05 14 53.01496639  -30 16 41.2476641  0.00001341 0.0004597   0.132  60424.8 60424.8 60424.8      1     81      0512-303
ICRF J051504.4+264747  0511+267     05 15 04.42199878   26 47 47.2384294  0.00001119 0.0003096  -0.319  59372.7 58644.9 59926.0      4    266      0511+267
ICRF J051514.1-125539  0512-129     05 15 14.17433487  -12 55 39.9682364  0.00004946 0.0019294  -0.812  59385.3 58143.4 60770.3     11     98      0512-129
ICRF J051545.2-455643  0514-459     05 15 45.25011225  -45 56 43.1983617  0.00000799 0.0000928   0.366  57533.4 54942.7 59271.2     10    348      0514-459
ICRF J051547.3+152716  0512+153     05 15 47.35325230   15 27 16.5926823  0.00001151 0.0003177   0.134  60444.9 60323.7 60554.7      2    143      0512+153
ICRF J051615.9-160307  0514-161     05 16 15.92936306  -16 03 07.6337186  0.00000384 0.0001117  -0.088  57045.2 50631.3 58644.9     10    480      0514-161
ICRF J051637.7-723707  0517-726     05 16 37.71900406  -72 37 07.4658763  0.00001968 0.0000766  -0.085  57457.9 48756.3 58884.8     13    182      0517-726
ICRF J051640.4+274310  0513+276     05 16 40.47726714   27 43 10.2783474  0.00000659 0.0001419   0.052  57626.0 53125.1 58644.9      5    450      0513+276
ICRF J051644.9-620705  0516-621     05 16 44.92616918  -62 07 05.3894226  0.00000185 0.0000171   0.085  56828.8 48748.7 59890.7    168   5026      0516-621
ICRF J051646.6+105754  0514+109     05 16 46.64626854   10 57 54.7867216  0.00000357 0.0001217   0.006  57425.5 49913.7 60764.6      7    521      0514+109
ICRF J051656.3+073253  0514+074     05 16 56.36469150   07 32 53.2503080  0.00000740 0.0002285  -0.436  57606.3 53560.9 58540.2      5    415      0514+074
ICRF J051657.1-153710  0514-156     05 16 57.18537211  -15 37 10.3691812  0.00000916 0.0003113   0.142  57488.5 53572.0 58644.9      5    310      0514-156
ICRF J051724.0-175624  0515-179     05 17 24.04699638  -17 56 24.1480125  0.00000455 0.0001664  -0.277  58513.2 53560.9 60162.4      7    554      0515-179
ICRF J051728.1-052040  0515-053     05 17 28.11015736  -05 20 40.8415462  0.00000250 0.0000929  -0.036  58005.1 53522.9 60162.4      7    655      0515-053
ICRF J051728.8+453704  0513+455     05 17 28.89945592   45 37 04.8651055  0.00000353 0.0000489  -0.065  56926.9 50305.3 58530.3      5    478      0513+455
ICRF J051751.3+064803  0515+067     05 17 51.34414481   06 48 03.2104469  0.00000501 0.0001326  -0.113  56293.9 49913.7 58540.2      5    493      0515+067
ICRF J051803.4-340229  0516-340     05 18 03.47167942  -34 02 29.6137987  0.00000821 0.0001925  -0.358  59363.3 58602.7 60118.4      9    233      0516-340
ICRF J051803.8+205452  0515+208  D  05 18 03.82451101   20 54 52.4974361  0.00000081 0.0000180  -0.121  58169.6 50084.5 60852.8    174   6933      0515+208
ICRF J051805.1+330613  0514+330     05 18 05.14245176   33 06 13.3646517  0.00000399 0.0000758  -0.250  56699.6 50218.8 59230.1      6    466      0514+330
ICRF J051806.0-245501  0516-249     05 18 06.05136778  -24 55 01.9028606  0.00000694 0.0002312  -0.187  57804.0 54111.8 58556.9      5    331      0516-249
ICRF J051812.0+473055  0514+474     05 18 12.08986003   47 30 55.5278684  0.00000624 0.0000830  -0.285  56956.5 50305.3 58540.2      5    360      0514+474
ICRF J051824.8+224909  0515+227     05 18 24.88418018   22 49 09.9288735  0.00001736 0.0005263  -0.184  59011.1 58212.7 59707.7      4    210      0515+227
ICRF J051845.7-093155  0516-095     05 18 45.77693300  -09 31 55.6359426  0.00000333 0.0001064  -0.150  59945.8 59115.8 60162.4      8    482      0516-095
ICRF J051910.8+084856  0516+087     05 19 10.81113882   08 48 56.7345759  0.00000254 0.0000817  -0.051  57235.1 53133.5 58540.2      5    453      0516+087
ICRF J051928.8+713303  0513+714     05 19 28.88191370   71 33 03.7256175  0.00003037 0.0001602   0.138  58241.1 57932.8 58634.5      5    479      0513+714
ICRF J051933.5+274400  0516+276     05 19 33.02714847   27 44 04.3426589  0.00000625 0.0001764  -0.334  58980.7 58510.3 59707.7      5    355      0516+276
ICRF J051949.7-454643  0518-458     05 19 49.72315225  -45 46 43.8536264  0.00001011 0.0001187   0.078  58169.4 57372.8 60497.5      8    294      0518-458
ICRF J052009.3-024013  0517-027     05 20 09.36864018  -02 40 13.1929005  0.00002285 0.0008278  -0.714  58542.4 56878.0 60530.8      8    265      0517-027
ICRF J052029.1+020425  0517+020     05 20 29.14860505   02 04 24.6048822  0.00001503 0.0004492   0.058  59909.8 59465.8 60530.8      6    262      0517+020
ICRF J052109.8+163822  0518+165     05 21 09.88585869   16 38 22.0518782  0.00000215 0.0000514  -0.089  55650.4 47930.6 60162.4     26    639      3C138   
ICRF J052123.5-173730  0519-176     05 21 23.55744467  -17 37 30.1840745  0.00000477 0.0001710  -0.164  57390.6 53559.8 58644.9      5    376      0519-176
ICRF J052145.9+211251  0518+211     05 21 45.96586449   21 12 51.4518164  0.00000263 0.0000584  -0.061  57390.5 50084.5 59695.7     10    821      0518+211
ICRF J052159.7+122705  0519+124     05 21 59.77090556   12 27 05.5520176  0.00000530 0.0001459  -0.351  60372.1 60354.8 60395.7      2    234      0519+124
ICRF J052217.4+011331  0519+011     05 22 17.46744392   01 13 31.1856586  0.00000276 0.0000871   0.080  56315.6 49913.7 58551.2      5    522      0519+011
ICRF J052234.4-610757  0522-611  D  05 22 34.42548762  -61 07 57.1337849  0.00000514 0.0000561   0.311  57276.0 47625.5 59604.7     83    743      0522-611
ICRF J052244.6-162752  0520-165     05 22 44.65495210  -16 27 52.4062569  0.00000317 0.0001284  -0.098  57944.7 53560.9 59358.6      9    610      0520-165
ICRF J052245.1+141529  0519+142     05 22 45.14635909   14 15 29.2845112  0.00000597 0.0001570  -0.218  58568.4 50155.3 60162.4      7    562      0519+142
ICRF J052254.1-402030  0521-403     05 22 54.11511742  -40 20 30.9416157  0.00000729 0.0002365  -0.032  58491.5 55111.8 60760.8      9    324      0521-403
ICRF J052257.9-362730  0521-365     05 22 57.98463941  -36 27 30.8513725  0.00000062 0.0000119   0.067  56886.6 48110.0 59230.1    319  12037      0521-365
ICRF J052311.0+600745  0518+600     05 23 11.00799984   60 07 45.7157236  0.00001772 0.0001390  -0.068  57844.7 53125.1 58921.9      6    314      0518+600
ICRF J052318.4-261409  0521-262     05 23 18.46945665  -26 14 09.5527526  0.00000687 0.0002055  -0.297  55441.8 50631.3 58592.8     10    293      0521-262
ICRF J052355.7+411350  0520+411     05 23 55.78024363   41 13 50.8104950  0.00000824 0.0001276  -0.105  56481.1 50241.8 58540.2      5    397      0520+411
ICRF J052409.9-312622  0522-314     05 24 09.90544057  -31 26 22.2413347  0.00005878 0.0015405   0.667  58603.7 56874.5 60406.0     11    200      0522-314
ICRF J052413.4+703452  0518+705     05 24 13.43329752   70 34 52.9055086  0.00001325 0.0000687   0.097  57714.6 52939.7 59460.3      6    620      0518+705
ICRF J052423.1+194327  0521+196     05 24 23.13325530   19 43 27.7030699  0.00000737 0.0002317  -0.129  59099.1 58510.3 59951.1      6    391      0521+196
ICRF J052438.3-030100  0522-030     05 24 38.36851392  -03 01 00.5377834  0.00003745 0.0018416  -0.704  59428.1 58237.7 60162.4      8     72      0522-030
ICRF J052454.6-281841  0522-283     05 24 54.63027574  -28 18 41.6205106  0.00000641 0.0002167  -0.352  58446.7 54111.8 60710.7      7    485      0522-283
ICRF J052506.5-233810  0523-236     05 25 06.50591052  -23 38 10.8072347  0.00000231 0.0000702   0.066  58695.1 53551.8 60760.8     13    923      0523-236
ICRF J052528.0-201048  0523-202     05 25 28.03843659  -20 10 48.3806401  0.00000787 0.0002604   0.132  60545.4 60442.8 60645.2      2    146      0523-202
ICRF J052531.4-455754  0524-460     05 25 31.40015154  -45 57 54.6852385  0.00000866 0.0001325   0.189  54864.6 49749.8 60497.5     43    263      0524-460
ICRF J052606.7+631729  0521+632     05 26 06.71322611   63 17 29.0019046  0.00001826 0.0001527  -0.012  58166.1 57046.0 58921.9      5    438      0521+632
ICRF J052616.6-483036  0524-485  D  05 26 16.67132039  -48 30 36.7919824  0.00000264 0.0000475   0.274  57741.6 53222.4 60641.5     74    947      0524-485
ICRF J052628.1+265939  0523+269     05 26 28.19456646   26 59 39.8111657  0.00000497 0.0001389  -0.228  59160.6 58510.3 59926.0      5    422      0523+269
ICRF J052648.3-234255  0524-237     05 26 48.38538998  -23 42 55.8626583  0.00000523 0.0001750   0.041  58537.0 54656.8 60645.2      7    455      0524-237
ICRF J052707.0-225817  0525-230     05 27 07.09241949  -22 58 17.4309530  0.00002528 0.0007714   0.263  57939.1 57011.1 60442.8      7    234      0525-230
ICRF J052718.6-230736  0525-231     05 27 18.60814055  -23 07 37.0007355  0.00000662 0.0002438   0.028  58061.6 54656.8 60448.8      6    300      0525-231
ICRF J052724.0-100257  0525-100     05 27 24.06067532  -10 02 57.2708434  0.00001724 0.0005639  -0.313  58022.5 56203.8 60425.9      7    265      0525-100
ICRF J052732.7+033131  0524+034  D  05 27 32.70544216   03 31 31.5165078  0.00000075 0.0000191  -0.091  57679.0 49913.7 60852.8    253   8443      0524+034
ICRF J052824.6-331106  0526-332     05 28 24.64885563  -33 11 06.9791027  0.00011067 0.0037254   0.280  60156.2 59642.1 60406.0      4     72      0526-332
ICRF J052910.1+250051  0526+249     05 29 10.14347670   25 00 51.5747781  0.00001186 0.0002521   0.220  59228.2 58512.3 59926.0      5    319      0526+249
ICRF J052930.0-724528  0530-727  D  05 29 30.04218420  -72 45 28.5075587  0.00000211 0.0000107  -0.106  58713.2 47625.5 60856.7    741  10704      0530-727
ICRF J052953.5-051941  0527-053     05 29 53.53350579  -05 19 41.6171597  0.00000310 0.0000978  -0.034  59026.1 53560.9 60770.3      9    731      0527-053
ICRF J052957.0-251558  0527-253     05 29 57.06738268  -25 15 58.9320683  0.00000611 0.0001811  -0.152  57371.7 54817.8 58600.6      8    292      0527-253
ICRF J053007.9+792054  0521+793     05 30 07.94794613   79 20 54.1332575  0.00004616 0.0001385   0.270  58579.5 56392.8 60675.9      6    537      0521+793
ICRF J053007.9-250329  0528-250     05 30 07.96278128  -25 03 29.8994985  0.00000228 0.0000413  -0.061  56314.9 47511.2 60443.7     84   1844      0528-250
ICRF J053012.5+372332  0526+373     05 30 12.54929255   37 23 32.6191024  0.00000417 0.0000759   0.107  57282.2 52408.7 58540.2      5    458      0526+373
ICRF J053056.4+133155  0528+134     05 30 56.41674722   13 31 55.1494408  0.00000023 0.0000053  -0.035  51006.7 44447.9 60770.3   3534 138961      0528+134
ICRF J053130.4-353332  0529-355     05 31 30.41573664  -35 33 32.8251865  0.00000548 0.0001363  -0.066  59465.7 58602.7 60152.8      8    336      0529-355
ICRF J053202.0-384854  0530-388     05 32 02.06186735  -38 48 54.3420273  0.00000796 0.0002767   0.002  58284.1 53522.9 60152.8      6    287      0530-388
ICRF J053207.5-030707  0529-031     05 32 07.51934064  -03 07 07.0364812  0.00000375 0.0001151   0.338  57381.7 53502.7 60219.1      6    409      0529-031
ICRF J053238.9+073243  0529+075     05 32 38.99850859   07 32 43.3453413  0.00001518 0.0002805   0.234  54999.8 44772.8 60323.7     22    249      0529+075
ICRF J053257.1-394109  0531-397     05 32 57.18555678  -39 41 09.0296083  0.00000812 0.0002852  -0.040  58588.3 52305.8 60152.8      9    306      0531-397
ICRF J053315.8+482252  0529+483  D  05 33 15.86579028   48 22 52.8077928  0.00000039 0.0000046   0.019  57700.6 50305.3 60852.8    814  89081      0529+483
ICRF J053351.6+183028  0530+184     05 33 51.62939390   18 30 28.2123288  0.00001473 0.0002490  -0.105  59255.7 58512.3 59971.0      6    266      0530+184
ICRF J053356.4+421054  0530+421     05 33 56.48501193   42 10 54.4212980  0.00001088 0.0001797  -0.137  56424.3 50241.8 58540.2      6    372      0530+421
ICRF J053410.5-395048  0532-398     05 34 10.50443097  -39 50 48.8614443  0.00000903 0.0003285   0.095  58872.9 56817.4 60554.7     11    262      0532-398
ICRF J053417.4-374725  0532-378     05 34 17.48653742  -37 47 25.5945074  0.00000741 0.0002434  -0.048  58047.5 54852.8 60203.4      7    282      0532-378
ICRF J053435.7-610607  0534-611     05 34 35.77250162  -61 06 07.0732677  0.00000525 0.0000531   0.120  56910.3 50181.6 58815.7     69    747      0534-611
ICRF J053444.5+192721  0531+194     05 34 44.51188702   19 27 21.4922787  0.00010592 0.0012675  -0.308  58886.8 52408.7 60323.7     16    171      0531+194
ICRF J053503.5+194221  0532+196     05 35 03.59763626   19 42 21.0793779  0.00000591 0.0001564  -0.210  57883.5 56903.8 58677.2      6    519      0532+196
ICRF J053549.9+253214  0532+255     05 35 49.94704608   25 32 14.5269801  0.00000391 0.0001049  -0.083  58294.3 57659.8 58712.2      9    551      0532+255
ICRF J053620.2+503826  0532+506     05 36 20.23193959   50 38 26.2517662  0.00000476 0.0000602  -0.061  55253.7 49576.0 58829.4      5    413      0532+506
ICRF J053622.3-200531  0534-201     05 36 22.30111350  -20 05 31.3893490  0.00000679 0.0002013  -0.043  57724.7 52408.7 58667.8      7    298      0534-201
ICRF J053628.4-340111  0534-340  D  05 36 28.43236015  -34 01 11.4684004  0.00000138 0.0000339   0.116  58010.8 52305.8 60810.8    243   6092      0534-340
ICRF J053631.9+094420  0533+097     05 36 31.97811965   09 44 20.6338712  0.00012179 0.0020868  -0.891  59027.6 53560.9 60764.6     13     82      0533+097
ICRF J053730.0+444103  0533+446     05 37 30.06064415   44 41 03.5402224  0.00001601 0.0001810   0.053  56627.3 50305.3 58540.2      5    303      0533+446
ICRF J053809.4+000840  0535+001     05 38 09.47882263   00 08 40.9812662  0.00009591 0.0023609  -0.629  59281.3 57011.1 60770.3     11     87      0535+001
ICRF J053850.3-440508  0537-441     05 38 50.36155848  -44 05 08.9390559  0.00000039 0.0000057  -0.040  56666.5 47304.8 60852.8   2934 102710      0537-441
ICRF J053854.7+510723  0534+510     05 38 54.79520895   51 07 23.4071549  0.00000484 0.0000631  -0.038  57255.0 53572.0 58829.4      5    501      0534+510
ICRF J053909.6+330815  0535+331     05 39 09.67190503   33 08 15.4915665  0.00001121 0.0002244   0.441  58272.4 57098.3 59440.3      5    472      0535+331
ICRF J053932.0-155030  0537-158     05 39 32.01012456  -15 50 30.3208348  0.00000373 0.0001261   0.141  54073.3 47776.6 60219.1     32    425      0537-158
ICRF J053942.3+143345  0536+145  D  05 39 42.36599381   14 33 45.5616365  0.00000064 0.0000131  -0.053  56949.6 47717.7 60845.8    400   9777      0536+145
ICRF J053954.1+195145  0536+198     05 39 54.17373524   19 51 45.0492657  0.00000447 0.0001358  -0.079  58140.7 57046.0 58712.2      5    459      0536+198
ICRF J053954.2-283955  0537-286  D  05 39 54.28147966  -28 39 55.9481781  0.00000048 0.0000078   0.005  58285.4 48572.8 60817.8    822  29976      0537-286
ICRF J053959.9-051441  0537-052     05 39 59.93715820  -05 14 41.3009214  0.00000996 0.0003411  -0.423  58872.8 56878.0 60770.3      7    423      0537-052
ICRF J054014.3+250755  0537+251     05 40 14.34273527   25 07 55.3485721  0.00000605 0.0001415  -0.189  57705.3 50218.8 58712.2      6    493      0537+251
ICRF J054044.4+391612  0537+392     05 40 44.43852012   39 16 12.2347519  0.00000502 0.0000935  -0.209  58583.1 58121.7 59320.9      6    424      0537+392
ICRF J054045.8-541822  0539-543     05 40 45.84805224  -54 18 22.0960819  0.00000794 0.0001158   0.127  57510.6 57103.0 58765.7      6    253      0539-543
ICRF J054045.9+172838  0537+174     05 40 45.92766107   17 28 38.6092104  0.00000935 0.0002718  -0.407  60126.7 59971.0 60323.7      5    318      0537+174
ICRF J054113.3+674523  0535+677     05 41 13.39701753   67 45 23.2743061  0.00004306 0.0002685   0.315  57668.9 49826.5 58942.4      5    381      0535+677
ICRF J054114.7+555043  0537+558     05 41 14.75774320   55 50 43.5704998  0.00000706 0.0000623  -0.182  58050.6 54111.8 59190.8      7    555      0537+558
ICRF J054116.1+531224  0537+531     05 41 16.17408174   53 12 24.8345958  0.00000467 0.0000521  -0.093  56797.1 49576.0 58871.4      6    630      0537+531
ICRF J054121.6-021108  0538-022     05 41 21.69629650  -02 11 08.3862921  0.00000761 0.0002130  -0.242  59943.1 59115.8 60323.7      6    242      0538-022
ICRF J054122.4+132239  0538+133     05 41 22.43537852   13 22 39.1217253  0.00001263 0.0002077   0.439  59935.3 59440.3 60323.7      5    349      0538+133
ICRF J054138.0-054149  0539-057  D  05 41 38.08337713  -05 41 49.4283896  0.00000126 0.0000418  -0.301  57678.8 47175.5 60770.3     59   2742      0539-057
ICRF J054149.2+472907  0538+474     05 41 49.24552127   47 29 07.6105145  0.00000341 0.0000487   0.168  56772.6 50305.3 58551.2      5    427      0538+474
ICRF J054149.4+330131  0538+330     05 41 49.43487265   33 01 31.9043066  0.00000700 0.0001430  -0.192  58252.0 57134.8 59460.3      5    478      0538+330
ICRF J054150.7-733215  0543-735     05 41 50.77584564  -73 32 15.3468620  0.00002026 0.0001394   0.068  56837.1 52886.6 58974.7      9    120      0542-735
ICRF J054212.7-265842  0540-270     05 42 12.71350368  -26 58 42.5393967  0.00000810 0.0002918  -0.473  57908.6 54817.8 58600.6      6    296      0540-270
ICRF J054228.3-380324  0540-380     05 42 28.45390915  -38 03 21.7994529  0.00002548 0.0008702  -0.218  59034.2 58363.2 60530.8      8    134      0540-380
ICRF J054236.1+495107  0538+498     05 42 36.13788795   49 51 07.2337609  0.00000252 0.0000316   0.094  53346.8 48537.8 59016.7     23   1656      3C147   
ICRF J054255.8-091331  0540-092     05 42 55.87747263  -09 13 31.0053605  0.00000630 0.0001848  -0.042  57445.7 53502.7 58712.2      5    299      0540-092
ICRF J054338.8+823828  0532+826     05 43 38.84702105   82 38 28.7637451  0.00004145 0.0001069  -0.002  57215.8 53560.9 58677.2      6    559      0532+826
ICRF J054401.1+454102  0540+456     05 44 01.16637480   45 41 02.7925223  0.00001067 0.0001451  -0.020  57389.4 50305.3 58551.2      5    392      0540+456
ICRF J054407.5-224109  0542-227     05 44 07.56710056  -22 41 09.9819231  0.00000396 0.0001395   0.100  57104.5 53522.9 60259.3      6    524      0542-227
ICRF J054409.8+265553  0541+269     05 44 09.86123354   26 55 53.5736164  0.00001097 0.0002096  -0.341  58483.2 58300.8 58712.2      5    371      0541+269
ICRF J054414.0+525806  0540+529     05 44 14.07574368   52 58 06.5109799  0.00003958 0.0002403   0.065  58175.9 54087.1 58871.4      6    257      0540+529
ICRF J054452.1+111849  0542+112     05 44 52.19970246   11 18 49.9234928  0.00001605 0.0002118  -0.210  59061.3 49913.7 60770.3     12    330      0542+112
ICRF J054523.3-053937  0542-056     05 45 23.35805470  -05 39 37.8396978  0.00002471 0.0004539   0.062  60353.1 59996.7 60425.9      2     59      0542-056
ICRF J054706.2+122346  0544+123     05 47 06.27630386   12 23 46.2447445  0.00000491 0.0001385  -0.180  57673.5 54111.8 59190.8      6    436      0544+123
ICRF J054734.1+272156  0544+273  D  05 47 34.14892006   27 21 56.8425689  0.00000046 0.0000084  -0.041  58007.5 47717.7 60856.7    651  23155      0544+273
ICRF J054803.8+221035  0545+221     05 48 03.88534449   22 10 35.6018885  0.00000921 0.0002489  -0.155  60200.5 59971.0 60406.0      4    324      0545+221
ICRF J054836.9+255112  0545+258     05 48 36.97225402   25 51 12.7055906  0.00001507 0.0003162  -0.034  58492.7 58300.8 58746.6      5    381      0545+258
ICRF J054906.4+273710  0545+276     05 49 06.53560082   27 37 10.0068682  0.00000676 0.0001284  -0.106  58506.0 58300.8 58746.6      5    416      0545+276
ICRF J054932.3-275238  0547-278     05 49 32.34702307  -27 52 38.8549687  0.00000632 0.0002214  -0.372  57510.0 53560.9 58621.5      5    315      0547-278
ICRF J054945.2+275301  0546+278     05 49 45.26372708   27 53 00.8845728  0.00002809 0.0004093   0.508  58664.0 58304.5 59460.3      5    277      0546+278
ICRF J054954.1+305447  0546+308     05 49 54.18089557   30 54 47.6003070  0.00000974 0.0001907   0.017  57807.3 53551.8 58551.2      5    390      0546+308
ICRF J055009.5-573224  0549-575     05 50 09.58019752  -57 32 24.3965873  0.00000329 0.0000411   0.313  57356.5 53222.4 59813.7     86   1089      0549-575
ICRF J055021.7+014619  0547+017     05 50 21.79738699   01 46 19.8312205  0.00001135 0.0003879  -0.581  60255.5 60193.8 60323.7      2    181      0547+017
ICRF J055038.3+274333  0547+277     05 50 38.32481980   27 43 33.2013488  0.00001034 0.0002848  -0.079  59078.1 58540.2 59926.0      5    332      0547+277
ICRF J055047.3+232648  0547+234     05 50 47.39089170   23 26 48.1771272  0.00000257 0.0000598  -0.010  57678.8 52305.8 59358.6     30    758      0547+234
ICRF J055051.5+281228  0547+281     05 50 51.58275884   28 12 28.0120914  0.00001758 0.0003828  -0.498  59060.5 58551.2 59951.1      5    280      0547+281
ICRF J055111.2+082911  0548+084  D  05 51 11.22934944   08 29 11.2220510  0.00000199 0.0000612  -0.077  59109.6 53522.9 60770.3     30   1375      0548+084
ICRF J055120.0-090001  0548-090     05 51 20.08116911  -09 00 01.9406755  0.00037922 0.0068313  -0.300  59388.8 58257.6 60764.6      7     18      0548-090
ICRF J055128.5+373304  0548+375     05 51 28.54169589   37 33 04.9055521  0.00000578 0.0001155   0.216  60476.0 60059.7 60799.7      4    394      0548+375
ICRF J055141.0-451541  0550-452     05 51 41.09771238  -45 15 41.4407449  0.00001888 0.0001672   0.456  59038.9 58141.7 60203.4      6    152      0550-452
ICRF J055155.2-190920  0549-191     05 51 55.26046151  -19 09 20.9698681  0.00002148 0.0005161   0.360  57142.9 53559.8 58669.6      5    257      0549-191
ICRF J055158.7+375107  0548+377     05 51 58.70172492   37 51 07.4347831  0.00000396 0.0000757  -0.141  58379.9 57645.8 59508.8      5    553      0548+37A
ICRF J055207.0+200719  0549+201     05 52 07.00135733   20 07 19.7876774  0.00000237 0.0000675  -0.175  58895.0 58121.7 60554.7      8    732      0549+201
ICRF J055210.0-452224  0550-453     05 52 10.04020123  -45 22 24.6712388  0.00001329 0.0001629   0.210  58206.6 57596.8 60530.8     14    245      0550-453
ICRF J055211.3-072722  0549-074     05 52 11.37623231  -07 27 22.5175373  0.00001245 0.0004429  -0.325  59023.3 58257.6 59560.6      7    264      NGC2110 
ICRF J055217.9+375425  0548+378     05 52 17.93691617   37 54 25.2824807  0.00000126 0.0000190  -0.138  58264.9 50241.8 60852.8    157   5074      0548+378
ICRF J055225.8+191340  0549+192     05 52 25.88501338   19 13 40.2676890  0.00000301 0.0000774  -0.197  57790.6 52305.8 59271.2      8    555      0549+192
ICRF J055250.1+031327  0550+032     05 52 50.10145494   03 13 27.2443521  0.00000197 0.0000597  -0.159  59167.7 49913.7 60770.3      9    922      0550+032
ICRF J055253.0+724045  0546+726     05 52 52.99941792   72 40 45.1146338  0.00002238 0.0000906  -0.259  57873.2 52408.7 58644.9      5    423      0546+726
ICRF J055320.0-073039  0550-075     05 53 20.00120740  -07 30 39.9921683  0.00000984 0.0003287   0.223  60348.9 59996.7 60442.8      2    114      0550-075
ICRF J055341.8-084001  0551-086     05 53 41.89123007  -08 40 01.8966865  0.00000842 0.0002532  -0.270  57815.0 53560.9 58712.2      5    358      0551-086
ICRF J055400.8+685754  0548+689     05 54 00.80698064   68 57 54.4405343  0.00001428 0.0000852   0.289  58036.0 49826.5 58942.4      6    421      0548+689
ICRF J055409.5+354131  0550+356     05 54 09.52924331   35 41 31.4012576  0.00000379 0.0000723  -0.297  58353.5 54111.8 59358.6      9    689      0550+356
ICRF J055530.8+394849  0552+398  D  05 55 30.80561338   39 48 49.1649628  0.00000026 0.0000037  -0.006  52882.1 44088.7 60856.7   5168 479332      0552+398
ICRF J055556.6+392207  0552+393     05 55 56.61771221   39 22 07.7987159  0.00000195 0.0000331   0.086  59014.3 55537.7 60799.7      8   1023      0552+393
ICRF J055622.8+261028  0553+261     05 56 22.84835145   26 10 28.1114218  0.00000717 0.0001478  -0.019  58972.0 58490.7 59776.7      5    425      0553+261
ICRF J055647.8+264132  0553+266     05 56 47.82002496   26 41 32.5066178  0.00000780 0.0001760  -0.243  59130.0 58556.9 59951.1      5    374      0553+266
ICRF J055652.6-024105  0554-026     05 56 52.62301874  -02 41 05.5167109  0.00002782 0.0004515   0.259  58681.3 57011.1 60323.7      7    291      0554-026
ICRF J055704.7+241355  0554+242     05 57 04.71359253   24 13 55.2987313  0.00000142 0.0000310   0.062  56889.0 50064.8 60683.7     36   1769      0554+242
ICRF J055712.5+180004  0554+179     05 57 12.54510396   18 00 04.6524285  0.00002478 0.0006298   0.004  59439.7 58203.3 60602.5     11    192      0554+179
ICRF J055729.8-221439  0555-222     05 57 29.89099226  -22 14 39.0992509  0.00000480 0.0001810  -0.022  60169.6 59642.1 60448.8      4    263      0555-222
ICRF J055757.6-303658  0556-306     05 57 57.63976440  -30 36 58.2539494  0.00001626 0.0005341  -0.393  60591.6 60406.0 60675.9      2     48      0556-306
ICRF J055800.0+341848  0554+343     05 58 00.08860610   34 18 48.3868187  0.00000367 0.0000675   0.022  57345.2 53502.7 58556.9      5    515      0554+343
ICRF J055802.5-131741  0555-132     05 58 02.54672639  -13 17 41.1956756  0.00000303 0.0001071  -0.059  56304.5 50575.3 58669.6      5    400      0555-132
ICRF J055828.1+270114  0555+270     05 58 28.10984021   27 01 14.8361771  0.00001206 0.0002708  -0.328  59032.9 58556.9 59951.1      5    304      0555+270
ICRF J055843.8-350410  0556-350     05 58 43.85291212  -35 04 10.9238577  0.00004235 0.0015739  -0.102  60424.8 60424.8 60424.8      1     44      0556-350
ICRF J055844.3-005506  0556-009     05 58 44.39159360  -00 55 06.9289161  0.00000964 0.0002311   0.054  58286.5 53522.9 60323.7      6    294      0556-009
ICRF J055900.4+374955  0555+378     05 59 00.45214278   37 49 55.5199566  0.00000342 0.0000635  -0.251  56819.2 50241.8 58592.8      5    486      0555+378
ICRF J055911.5-452940  0557-454     05 59 11.54438622  -45 29 40.3074324  0.00000630 0.0001165   0.264  57970.5 55412.8 58765.7     13    400      0557-454
ICRF J055913.3+580403  0554+580     05 59 13.39401305   58 04 03.4463588  0.00000724 0.0000608   0.102  57303.8 49576.0 58871.4      6    479      0554+580
ICRF J055932.0+235353  0556+238  D  05 59 32.03313308   23 53 53.9267078  0.00000043 0.0000104  -0.029  55013.3 47802.6 60852.8    982  24818      0556+238
ICRF J055946.4-181747  0557-182     05 59 46.40355190  -18 17 47.5707985  0.00000447 0.0001670  -0.094  57533.4 53559.8 58669.6      5    297      0557-182
ICRF J060003.5-000559  0557-001     06 00 03.50338010  -00 05 59.0346912  0.00001395 0.0004496  -0.457  57967.0 53551.8 58746.6      6    262      0557-001
ICRF J060031.4-393702  0558-396     06 00 31.41751675  -39 37 02.1960677  0.00000760 0.0002266   0.033  57925.6 54488.8 60203.4      8    270      0558-396
ICRF J060111.2-703608  0601-706     06 01 11.24778009  -70 36 08.7919986  0.00001659 0.0001229   0.038  58264.1 57987.7 58744.8      7    160      0601-706
ICRF J060147.3+232453  0558+234     06 01 47.35703001   23 24 53.4847860  0.00000288 0.0000753   0.014  59331.9 58121.7 60760.8     10    793      0558+234
ICRF J060148.7-273622  0559-276     06 01 48.72032312  -27 36 22.0323259  0.00001171 0.0003835   0.016  58713.1 57098.3 60675.9      8    323      0559-276
ICRF J060152.8-200445  0559-200     06 01 52.82633910  -20 04 45.2121648  0.00000390 0.0001429  -0.241  58709.7 57098.3 60675.9      6    403      0559-200
ICRF J060229.4+582915  0558+584     06 02 29.42946179   58 29 15.6270322  0.00001328 0.0001367  -0.008  60670.2 60442.8 60770.3      3    247      0558+584
ICRF J060242.8-000427  0600-000     06 02 42.89070703  -00 04 27.4123455  0.00001966 0.0006681  -0.549  59360.0 57011.1 60799.7     12    350      0600-000
ICRF J060258.9+421210  0559+422     06 02 58.94406431   42 12 10.0087834  0.00000509 0.0000800  -0.225  56622.0 50241.8 58551.2      5    536      0559+422
ICRF J060309.1+174216  0600+177     06 03 09.13026445   17 42 16.8104245  0.00000134 0.0000291  -0.209  56048.8 47717.7 60205.7    111   2775      0600+177
ICRF J060314.3+062227  0600+063     06 03 14.35534145   06 22 27.9461038  0.00000282 0.0000846   0.005  59076.2 53502.7 60799.7      8    709      0600+063
ICRF J060351.5+215937  0600+219     06 03 51.55700783   21 59 37.6989449  0.00000377 0.0001167  -0.182  57426.9 50167.7 58829.4      8    424      0600+219
ICRF J060355.8+295705  0600+299     06 03 55.85194880   29 57 05.3571333  0.00000703 0.0001676  -0.040  57421.5 50218.8 58794.6      5    408      0600+299
ICRF J060356.5-314431  0602-317     06 03 56.52749713  -31 44 31.3934464  0.00001082 0.0003499  -0.350  58297.9 56817.4 60425.9      6    274      0602-317
ICRF J060357.7-171628  0601-172     06 03 57.73244296  -17 16 28.2184511  0.00000183 0.0000414  -0.060  59070.2 50631.3 60845.8     57   1855      0601-172
ICRF J060425.1-422530  0602-424     06 04 25.17465597  -42 25 30.0934877  0.00000723 0.0002585   0.127  57807.8 52305.8 59358.6     11    289      0602-424
ICRF J060433.0+020456  0601+020     06 04 33.07770856   02 04 56.1881140  0.00000561 0.0002034  -0.215  60326.0 60193.8 60406.0      2    207      0601+020
ICRF J060435.6+441358  0600+442     06 04 35.62880062   44 13 58.5481413  0.00000471 0.0000612  -0.183  58348.4 50305.3 60799.7      7    694      0600+442
ICRF J060439.9+241514  0601+242     06 04 40.00088660   24 15 13.8959500  0.00000620 0.0002019  -0.232  58818.6 58326.5 59776.7      5    361      0601+242
ICRF J060449.3+105540  0602+109     06 04 49.36961605   10 55 40.3747318  0.00000328 0.0000888  -0.197  57918.9 49913.7 59230.1      7    627      0602+109
ICRF J060455.1+242955  0601+245     06 04 55.12141118   24 29 55.0365153  0.00000182 0.0000339   0.005  56748.2 52408.7 59320.9     35    789      0601+245
ICRF J060458.4+000043  0602+000     06 04 58.41801021   00 00 43.3475699  0.00008201 0.0022357  -0.341  60283.5 59560.6 60799.7      6     52      0602+000
ICRF J060506.4-352217  0603-353     06 05 06.46514495  -35 22 17.4642804  0.00000950 0.0003155  -0.207  58058.2 52305.8 60162.4      8    321      0603-353
ICRF J060510.1+093913  0602+096     06 05 10.11310399   09 39 13.6106423  0.00000238 0.0000704  -0.068  58428.2 49913.7 60799.7      7    654      0602+096
ICRF J060542.2+575316  0601+578     06 05 42.22749342   57 53 16.3562553  0.00001236 0.0000843  -0.040  57982.1 49576.0 58871.4      6    463      0601+578
ICRF J060543.7+023948  0603+026     06 05 43.73934609   02 39 48.7448353  0.00001755 0.0004495  -0.125  59716.6 59297.8 60135.7      5    259      0603+026
ICRF J060550.8+403008  0602+405     06 05 50.85536841   40 30 08.1034825  0.00000223 0.0000343   0.028  55327.1 50241.8 58574.7     12    745      0602+405
ICRF J060643.5-072430  0604-074     06 06 43.54634045  -07 24 30.2312633  0.00000211 0.0000685   0.169  58004.6 53559.8 60799.7     11   1084      0604-074
ICRF J060657.4-002457  0604-004     06 06 57.44357919  -00 24 57.4635813  0.00000504 0.0001855  -0.297  57772.1 53551.8 58794.6      5    447      0604-004
ICRF J060716.3-244740  0605-247     06 07 16.33639672  -24 47 40.9620765  0.00000862 0.0002891  -0.337  57548.7 56161.8 58621.5      5    275      0605-247
ICRF J060723.2+473946  0603+476     06 07 23.25500459   47 39 46.9417519  0.00000402 0.0000607   0.004  56897.3 50305.3 58556.9      5    519      0603+476
ICRF J060752.6+672055  0602+673     06 07 52.67161360   67 20 55.4100674  0.00000070 0.0000045  -0.023  56203.7 49749.8 60856.7   1311 106425      0602+673
ICRF J060759.6-083449  0605-085  D  06 07 59.69923482  -08 34 49.9783344  0.00000076 0.0000124  -0.075  57905.3 44772.8 60799.7    157   6295      0605-085
ICRF J060801.5-152036  0605-153     06 08 01.53193374  -15 20 36.9787995  0.00000410 0.0001391  -0.005  57687.9 54111.8 58680.7      6    327      0605-153
ICRF J060811.4-384726  0606-387     06 08 11.46175722  -38 47 26.5859504  0.00000918 0.0003054   0.232  58817.6 53522.9 60162.4     10    315      0606-387
ICRF J060845.2-271710  0606-272     06 08 45.23679756  -27 17 10.8319047  0.00000801 0.0002707  -0.414  57820.4 53502.7 60425.9      6    295      0606-272
ICRF J060859.6-222020  0606-223     06 08 59.68684286  -22 20 20.9567884  0.00000055 0.0000089   0.048  58236.1 50631.3 60824.8    634  16663      0606-223
ICRF J060928.5-023052  0606-025     06 09 28.51159597  -02 30 52.9303715  0.00000788 0.0002839  -0.340  58193.9 57098.3 59560.6      5    406      0606-025
ICRF J060940.9-154240  0607-157  D  06 09 40.94954292  -15 42 40.6727767  0.00000031 0.0000054  -0.042  55229.4 45465.3 60770.3    970  53986      0607-157
ICRF J061017.8-184740  0608-187     06 10 17.88609612  -18 47 40.0918677  0.00000454 0.0001710  -0.199  57517.7 53551.8 58677.2      5    286      0608-187
ICRF J061024.2+780136  0602+780     06 10 24.27931324   78 01 36.1954123  0.00002842 0.0000880   0.017  57971.4 54087.1 58644.9      5    445      0602+780
ICRF J061038.7-230145  0608-230     06 10 38.78739108  -23 01 45.8346766  0.00000384 0.0001357  -0.166  57629.3 53559.8 58631.3      5    323      0608-230
ICRF J061048.8+724853  0604+728     06 10 48.87332525   72 48 53.1835206  0.00001461 0.0000619  -0.199  57697.3 49826.5 58644.9     10    497      0604+728
ICRF J061116.4+041349  0608+042     06 11 16.43796553   04 13 49.4465142  0.00001192 0.0004178  -0.381  58022.2 57011.1 59460.3      5    317      0608+042
ICRF J061135.0-115545  0609-119     06 11 35.06512043  -11 55 45.8304093  0.00000608 0.0002026  -0.053  58533.0 53560.9 60442.8      6    344      0609-119
ICRF J061151.3-282759  0609-284     06 11 51.36540486  -28 27 59.8517237  0.00000629 0.0002168  -0.212  57849.9 54817.8 58631.3      6    320      0609-284
ICRF J061210.3+622534  0607+624     06 12 10.32509727   62 25 34.0125062  0.00001524 0.0000980   0.376  59281.8 54111.8 60799.7      8    747      0607+624
ICRF J061228.6-433748  0610-436     06 12 28.60525359  -43 37 48.3796743  0.00000908 0.0001979  -0.051  59100.7 52305.8 60602.5     14    325      0610-436
ICRF J061229.6-313858  0610-316     06 12 29.66436560  -31 38 58.1951604  0.00000491 0.0001813   0.007  58653.0 53133.5 60162.4      7    378      0610-316
ICRF J061251.1+412237  0609+413     06 12 51.18523711   41 22 37.4080309  0.00000305 0.0000541  -0.123  58012.8 50241.8 60834.1      7    808      0609+413
ICRF J061335.9-000833  0611-001     06 13 35.91448882  -00 08 33.7442275  0.00000384 0.0001338  -0.129  59552.5 58981.5 59926.0      4    398      0611-001
ICRF J061336.3+170824  0610+171     06 13 36.36008556   17 08 24.9463499  0.00000316 0.0000962  -0.178  57069.4 52408.7 58621.5      6    373      0610+171
ICRF J061350.1+260436  0610+260     06 13 50.13915793   26 04 36.7199140  0.00000236 0.0000423  -0.144  55708.7 50064.8 59190.8     29    961      0610+260
ICRF J061357.6+130645  0611+131     06 13 57.69275182   13 06 45.4009534  0.00000101 0.0000240  -0.103  57651.6 47717.7 60852.8    130   3849      0611+131
ICRF J061417.2-253653  0612-255     06 14 17.21082438  -25 36 53.5247022  0.00000436 0.0001546  -0.223  56892.8 53559.8 58631.3      5    373      0612-255
ICRF J061423.8+604621  0609+607     06 14 23.86617090   60 46 21.7559326  0.00000288 0.0000286  -0.234  52752.3 45465.3 59016.7     38   1967      0609+607
ICRF J061449.1+510213  0610+510     06 14 49.15933500   51 02 13.1181251  0.00000618 0.0000801  -0.171  56832.2 50305.3 59460.3      6    426      0610+510
ICRF J061504.0+481904  0611+483     06 15 04.05333486   48 19 04.7293213  0.00000597 0.0000750   0.236  56794.5 50305.3 58556.9      5    510      0611+483
ICRF J061519.2-311721  0613-312     06 15 19.21181251  -31 17 21.5769300  0.00001084 0.0003720  -0.238  58307.8 56878.0 60425.9      8    290      0613-312
ICRF J061540.2-011904  0613-013     06 15 40.21488454  -01 19 04.6669134  0.00000424 0.0001484  -0.388  60337.4 60193.8 60406.0      3    339      0613-013
ICRF J061607.9-030648  0613-030     06 16 07.94136248  -03 06 48.8532564  0.00000533 0.0001854  -0.087  57601.0 53522.9 58794.6      5    453      0613-030
ICRF J061635.7+200452  0613+200     06 16 35.72351325   20 04 52.9218749  0.00001413 0.0003227  -0.159  58938.2 58600.6 59508.8      5    292      0613+200
ICRF J061635.9-345616  0614-349     06 16 35.98078435  -34 56 16.5705605  0.00001794 0.0005911  -0.358  58539.1 48765.9 60219.1     11    266      0614-349
ICRF J061641.8-104108  0614-106     06 16 41.80760692  -10 41 08.4552338  0.00000384 0.0001387  -0.026  57641.8 53551.8 58712.2      5    305      0614-106
ICRF J061702.0-220028  0614-219     06 17 02.04274807  -22 00 28.1726470  0.00000477 0.0001672  -0.183  57076.6 53551.8 58634.5      5    352      0614-219
ICRF J061706.2+281614  0613+282     06 17 06.21807091   28 16 14.8610269  0.00003316 0.0004902  -0.170  59386.2 58600.6 60323.7      7    265      0613+282
ICRF J061716.9+570116  0613+570  D  06 17 16.92256417   57 01 16.4231821  0.00000051 0.0000045   0.008  59300.1 49576.0 60852.8    631  84954      0613+570
ICRF J061732.3-363414  0615-365     06 17 32.32861044  -36 34 14.8479184  0.00006050 0.0022626  -0.207  58493.1 48765.9 60323.7     14    150      0615-365
ICRF J061733.4-171525  0615-172     06 17 33.41853760  -17 15 25.0849013  0.00000608 0.0002127   0.094  57780.3 53572.0 58712.2      5    269      0615-172
ICRF J061756.9+781607  0610+782     06 17 56.93284394   78 16 07.3941175  0.00002155 0.0000624   0.033  57296.5 53522.9 58644.9      5    473      0610+782
ICRF J061808.2+462016  0614+463     06 18 08.20372502   46 20 16.2119989  0.00000760 0.0000965   0.198  57244.5 53559.8 58592.8      5    471      0614+463
ICRF J061808.6+420759  0614+421     06 18 08.61990597   42 07 59.8466386  0.00000377 0.0000632  -0.103  58697.9 54087.1 60834.1      7    690      0614+421
ICRF J061809.3-141846  0615-142     06 18 09.33664828  -14 18 46.5170937  0.00000495 0.0001889  -0.100  58045.7 57046.0 58712.2      5    324      0615-142
ICRF J061822.6-242637  0616-244     06 18 22.65523094  -24 26 37.9468747  0.00000700 0.0002443  -0.413  57827.8 55370.8 58634.5      5    290      0616-244
ICRF J061830.1-784302  0621-786     06 18 30.15870747  -78 43 02.1410404  0.00002649 0.0000750  -0.206  58079.1 54722.8 58829.8     14    289      0621-787
ICRF J061904.1-114054  0616-116     06 19 04.10258642  -11 40 54.8895209  0.00000274 0.0001009   0.027  57295.1 53152.3 58712.2      5    360      0616-116
ICRF J061909.9+073641  0616+076     06 19 09.97105501   07 36 41.2200218  0.00000718 0.0001805  -0.071  57515.5 53125.1 58592.8      5    329      0616+076
ICRF J062019.5+210229  0617+210     06 20 19.52849933   21 02 29.5452788  0.00000406 0.0001096  -0.459  57272.7 50084.5 58871.4     11    602      0617+210
ICRF J062023.6+275413  0617+279     06 20 23.61534380   27 54 13.0445129  0.00000455 0.0001116  -0.365  59007.6 58621.5 59508.8      5    372      0617+279
ICRF J062029.3-282736  0618-284     06 20 29.35871382  -28 27 36.0846108  0.00000415 0.0001468   0.027  57928.7 53502.7 60675.9      7    495      0618-284
ICRF J062032.1-251517  0618-252     06 20 32.11696558  -25 15 17.4861063  0.00000435 0.0001309   0.249  55261.4 50631.3 58736.7      6    408      0618-252
ICRF J062110.3-060954  0618-061     06 21 10.36447621  -06 09 54.2055555  0.00000904 0.0003268  -0.261  57976.0 53522.9 58794.6      5    338      0618-061
ICRF J062118.7+760504  0614+761     06 21 18.79231194   76 05 04.5551122  0.00003809 0.0001073   0.057  58423.5 49826.5 60675.9      6    419      0614+761
ICRF J062144.8-140253  0619-140     06 21 44.83154840  -14 02 53.5965984  0.00000499 0.0001815  -0.314  59758.9 59129.8 60219.1      7    291      0619-140
ICRF J062228.5-192718  0620-194     06 22 28.53711581  -19 27 18.1831368  0.00000453 0.0001758  -0.100  57990.9 54111.8 58746.6      5    289      0620-194
ICRF J062233.4+312817  0619+314     06 22 33.46273273   31 28 17.2616677  0.00000343 0.0000803  -0.163  59846.2 59508.8 60135.7      5    437      0619+314
ICRF J062252.2+332610  0619+334     06 22 52.22196257   33 26 10.4110365  0.00000451 0.0000951  -0.247  57373.6 53572.0 58592.8      5    454      0619+334
ICRF J062257.9-010927  0620-011     06 22 57.94242422  -01 09 27.1184066  0.00000513 0.0001868  -0.067  58190.9 53152.3 60259.3      6    442      0620-011
ICRF J062258.0-065651  0620-069     06 22 58.04595323  -06 56 51.9706844  0.00000417 0.0001295  -0.048  59780.2 58658.7 60259.3      6    470      0620-069
ICRF J062307.6-643620  0622-645     06 23 07.69632951  -64 36 20.7224218  0.00001274 0.0001215   0.072  58390.2 57596.8 59534.7     12    210      0622-645
ICRF J062317.8+224135  0620+227     06 23 17.81354521   22 41 35.7750187  0.00001317 0.0002291   0.055  58614.1 50155.3 60406.0     10    268      0620+227
ICRF J062321.7+584901  0618+588     06 23 21.77918997   58 49 01.8769003  0.00000788 0.0000640  -0.106  57364.5 49576.0 58899.4      5    444      0618+588
ICRF J062328.9+383049  0620+385     06 23 28.93956051   38 30 49.8086571  0.00000345 0.0000675  -0.118  57203.8 53559.8 58592.8      5    451      0620+385
ICRF J062331.7-441302  0622-441     06 23 31.78621221  -44 13 02.5438587  0.00001287 0.0003953   0.202  58508.8 48161.5 60323.7     13    237      0622-441
ICRF J062339.9-335014  0621-338     06 23 39.91059235  -33 50 14.7640637  0.00001148 0.0003903   0.142  60502.9 60425.9 60602.5      2    133      0621-338
ICRF J062356.5+455439  0620+459     06 23 56.51184846   45 54 39.5095761  0.00000840 0.0001010   0.111  57296.2 50305.3 58592.8      5    428      0620+459
ICRF J062401.6-010328  0621-010     06 24 01.68507890  -01 03 28.1449506  0.00000715 0.0002748  -0.288  57825.9 53502.7 58803.0      5    366      0621-010
ICRF J062419.0+385648  0620+389     06 24 19.02127910   38 56 48.7361819  0.00000190 0.0000290  -0.130  56071.2 49390.7 60834.1     40   1970      0620+389
ICRF J062517.1-154140  0623-156     06 25 17.11399375  -15 41 40.3028305  0.00001652 0.0005139  -0.557  60168.8 59776.7 60472.1      4    217      0623-156
ICRF J062518.2+444001  0621+446     06 25 18.26537567   44 40 01.6261771  0.00000345 0.0000476   0.110  57844.8 50305.3 60834.1      8    683      0621+446
ICRF J062545.9+144019  0622+147     06 25 45.92216219   14 40 19.7433730  0.00000723 0.0002437  -0.479  58009.0 52408.7 60406.0      6    299      0622+147
ICRF J062546.8+474405  0622+477     06 25 46.87034577   47 44 05.6314763  0.00008956 0.0013987   0.097  60462.4 59776.7 60770.3      6    119      0622+477
ICRF J062549.3-113324  0623-115     06 25 49.33696731  -11 33 24.3502378  0.00000455 0.0001263  -0.334  59698.9 58658.7 60219.1      6    404      0623-115
ICRF J062552.2-543850  0624-546     06 25 52.23070935  -54 38 50.7063410  0.00000710 0.0001166   0.173  58351.0 57987.7 59065.7      5    130      0624-546
ICRF J062603.0+820225  0615+820  D  06 26 03.00630439   82 02 25.5679481  0.00000579 0.0000121  -0.025  57620.6 47019.0 60675.9     98   5947      0615+820
ICRF J062611.0+333924  0622+336     06 26 11.01649371   33 39 24.0065702  0.00000592 0.0001089  -0.444  59588.6 59037.7 59971.0      5    473      0622+336
ICRF J062633.4-151236  0624-151     06 26 33.46074272  -15 12 36.0434669  0.00000949 0.0003008   0.241  58054.4 57046.0 58746.6      5    321      0624-151
ICRF J062654.8+262319  0623+264     06 26 54.89987573   26 23 19.8127014  0.00000786 0.0001822  -0.348  58580.3 58330.5 58899.4      5    371      0623+264
ICRF J062706.7-352915  0625-354     06 27 06.72941240  -35 29 15.3399948  0.00000726 0.0002768  -0.003  57745.6 54488.8 60323.7      7    268      0625-354
ICRF J062720.5+183104  0624+185     06 27 20.52709567   18 31 04.0097035  0.00000713 0.0002381  -0.127  59329.1 58621.5 59981.8      5    354      0624+185
ICRF J062738.2+032459  0625+034     06 27 38.28356388   03 24 59.4860454  0.00000651 0.0001851  -0.233  57617.0 52939.7 58592.8      6    325      0625+034
ICRF J062810.3+201034  0625+202     06 28 10.30033640   20 10 34.8095652  0.00000944 0.0002766  -0.348  59317.4 58631.3 59981.8      5    407      0625+202
ICRF J062839.6-671247  0628-671     06 28 39.60788489  -67 12 47.4051747  0.00003825 0.0003144   0.176  57852.0 54722.8 59353.8      3     21      0628-671
ICRF J062843.2-280519  0626-280     06 28 43.27904843  -28 05 19.3830329  0.00000441 0.0001593   0.101  57835.9 53551.8 60715.1      8    472      0626-280
ICRF J062850.3+283550  0625+286     06 28 50.31876434   28 35 50.4285667  0.00000399 0.0000808   0.118  58297.8 53522.9 60602.5      6    526      0625+286
ICRF J062857.4-624844  0628-627     06 28 57.48782816  -62 48 44.7443114  0.00003385 0.0001479  -0.129  57478.5 52886.6 58884.8      7    109      0628-627
ICRF J062923.7-195919  0627-199  D  06 29 23.76186209  -19 59 19.7237479  0.00000064 0.0000111   0.035  57856.0 50631.3 60849.7    392  10621      0627-199
ICRF J062939.2+152756  0626+154     06 29 39.22757664   15 27 56.9901052  0.00000738 0.0001845  -0.381  58607.0 56808.7 60602.5      6    535      0626+155
ICRF J062955.0-050500  0627-050     06 29 55.03086903  -05 05 00.0715793  0.00000443 0.0001593  -0.066  58625.1 53502.7 60799.7      7    533      0627-050
ICRF J063007.2+173812  0627+176     06 30 07.25851157   17 38 12.9317329  0.00000302 0.0000812  -0.062  55493.1 50084.5 60219.1      6    576      0627+176
ICRF J063052.4+330032  0627+330     06 30 52.47722685   33 00 32.4898448  0.00000622 0.0001291  -0.194  59601.3 59037.7 59971.0      5    467      0627+330
ICRF J063053.9-132334  0628-133     06 30 53.90307490  -13 23 34.4927551  0.00000346 0.0001241  -0.027  57207.7 53152.3 58746.6      5    322      0628-133
ICRF J063101.0+202059  0628+203     06 31 01.06256108   20 20 59.2107974  0.00000249 0.0000647  -0.018  57178.8 50084.5 59358.6     11    830      0628+203
ICRF J063111.9-415426  0629-418     06 31 11.99803490  -41 54 26.9468257  0.00000603 0.0001647   0.322  55601.8 47625.5 59378.0     49    467      0629-418
ICRF J063120.2-141031  0629-141     06 31 20.22619503  -14 10 31.7434164  0.00000274 0.0001016  -0.006  57047.3 53522.9 58746.6      5    407      0629-141
ICRF J063134.6+531127  0627+532     06 31 34.68533932   53 11 27.7529950  0.00000943 0.0000865   0.139  57515.8 49576.0 58899.4      5    417      0627+532
ICRF J063201.6-125032  0629-128     06 32 01.64482317  -12 50 32.7817401  0.00000411 0.0001473  -0.064  57812.7 54087.1 58794.6      5    308      0629-128
ICRF J063206.5-261414  0630-261     06 32 06.50179724  -26 14 14.0341291  0.00000326 0.0000811  -0.019  58731.8 53551.8 60442.8     22    620      0630-261
ICRF J063209.8+802027  0623+803     06 32 09.87964797   80 20 27.7470714  0.00006796 0.0002009   0.028  59801.6 53780.1 60472.1      4    318      0623+803
ICRF J063215.3+102201  0629+104     06 32 15.32604106   10 22 01.7175532  0.00000923 0.0001735   0.015  58962.7 58237.7 59894.2      6    417      0629+104
ICRF J063230.7+320053  0629+320     06 32 30.78287855   32 00 53.6312168  0.00000305 0.0000673  -0.091  58572.1 50218.8 60834.1      8    559      0629+320
ICRF J063233.5+155422  0629+159     06 32 33.51579982   15 54 22.5824648  0.00000430 0.0001117  -0.356  59449.4 58672.7 59981.8      5    375      0629+159
ICRF J063243.1+155957  0629+160     06 32 43.13552745   15 59 57.6200505  0.00000236 0.0000634   0.077  56216.2 50084.5 60259.3     10    598      0629+160
ICRF J063314.7+361207  0629+362     06 33 14.70210522   36 12 07.0338453  0.00000477 0.0000918  -0.244  59579.4 59037.7 59894.2      5    482      0629+362
ICRF J063326.7-222322  0631-223     06 33 26.75330991  -22 23 22.3534163  0.00000428 0.0001624  -0.085  56797.5 53133.5 58644.9      5    308      0631-223
ICRF J063334.4+364249  0630+367     06 33 34.41180640   36 42 49.7433458  0.00000551 0.0000986  -0.062  58038.0 53572.0 60602.5      6    455      0630+367
ICRF J063352.2+494345  0630+497     06 33 52.20667073   49 43 45.9240960  0.00000941 0.0000983  -0.096  58281.9 50305.3 60799.7      7    647      0630+497
ICRF J063427.6+255053  0631+258     06 34 27.69963228   25 50 53.1176742  0.00001752 0.0003258   0.129  58606.8 57924.7 58921.9      5    274      0631+258
ICRF J063444.5+141428  0631+142     06 34 44.50602840   14 14 28.5868572  0.00016945 0.0030586  -0.033  60410.4 59642.1 60834.1      6     60      0631+142
ICRF J063459.0-233511  0632-235     06 34 59.00100561  -23 35 11.9573979  0.00000117 0.0000170   0.069  57957.0 53502.7 60852.8    246   4518      0632-235
ICRF J063511.0-182126  0632-183     06 35 11.01298755  -18 21 26.2406158  0.00001744 0.0006047  -0.575  58057.2 54600.8 60472.1      6    262      0632-183
ICRF J063519.4-262055  0633-26B     06 35 19.41626613  -26 20 55.7194514  0.00001023 0.0002400  -0.545  57635.0 54558.7 58667.8      6    214      0633-26B
ICRF J063520.9-262039  0633-263     06 35 20.90900342  -26 20 39.8688723  0.00000440 0.0001653  -0.073  58620.8 54439.8 60442.8      7    270      0633-26A
ICRF J063527.1+191625  0632+193     06 35 27.14249479   19 16 25.5260309  0.00000581 0.0001284  -0.131  59519.9 58631.3 60259.3      6    551      0632+193
ICRF J063540.8-582710  0634-584     06 35 40.82993305  -58 27 10.2762425  0.00003545 0.0006312   0.592  56236.3 54722.8 58884.8      2     11      0634-584
ICRF J063546.5-751616  0637-752     06 35 46.50790130  -75 16 16.8155709  0.00000253 0.0000075  -0.067  55236.2 47625.5 60632.7    722  18781      0637-752
ICRF J063549.9-141501  0633-142     06 35 49.96816647  -14 15 01.3822417  0.00001414 0.0004478  -0.174  59885.0 59542.8 60442.8      6    200      0633-142
ICRF J063600.6-211312  0633-211     06 36 00.60166726  -21 13 12.2002390  0.00000529 0.0001792   0.048  56722.3 53560.9 58644.9      5    337      0633-211
ICRF J063602.3-311311  0634-311     06 36 02.35922423  -31 13 11.7234634  0.00001803 0.0005971  -0.055  60085.6 59742.1 60442.8      4    157      0634-311
ICRF J063611.0+500959  0632+502     06 36 11.01655224   50 09 59.6279573  0.00001027 0.0001089  -0.289  57148.6 49576.0 58899.4      6    386      0632+502
ICRF J063648.3-054707  0634-057     06 36 48.32951791  -05 47 07.5461059  0.00000308 0.0001109  -0.278  57469.5 53522.9 59190.8      6    506      0634-057
ICRF J063707.6-105252  0634-108     06 37 07.67888656  -10 52 52.1018811  0.00000778 0.0002781  -0.225  58082.0 57046.0 58794.6      5    307      0634-108
ICRF J063708.8-294238  0635-296     06 37 08.86033911  -29 42 38.7688806  0.00000711 0.0002522  -0.198  58222.1 54111.8 60448.8      8    274      0635-296
ICRF J063726.3+231958  0634+233     06 37 26.37570909   23 19 58.2183829  0.00000590 0.0001593  -0.251  58579.9 58340.4 58942.4      5    468      0634+233
ICRF J063743.3+812527  0627+814     06 37 43.37665606   81 25 27.6926520  0.00008237 0.0001418   0.202  57604.8 53560.9 58677.2      6    434      0627+814
ICRF J063746.4-353648  0635-355     06 37 46.40874408  -35 36 48.3754081  0.00001252 0.0004357  -0.057  58960.5 52305.8 60602.5     11    310      0635-355
ICRF J063751.0+145857  0634+150     06 37 51.05228990   14 58 57.2841299  0.00000509 0.0001458  -0.251  56404.4 50084.5 58631.3      6    401      0634+150
ICRF J063755.9+332206  0634+334     06 37 55.94046361   33 22 06.2515612  0.00000706 0.0001489  -0.211  58186.1 55775.7 59522.9      5    426      0634+334
ICRF J063802.8+593322  0633+595     06 38 02.87193202   59 33 22.2139185  0.00000491 0.0000416   0.033  56945.0 49576.0 59320.9      7    634      0633+595
ICRF J063814.1+245850  0635+250     06 38 14.12383731   24 58 50.2087155  0.00001878 0.0003384  -0.034  58145.7 56874.5 60623.9      6    341      0635+250
ICRF J063858.2-084514  0636-087     06 38 58.24930366  -08 45 14.3093718  0.00000735 0.0002377  -0.118  58820.6 57046.0 60799.7      7    445      0636-087
ICRF J063910.9+021130  0636+022     06 39 10.94621107   02 11 30.6843912  0.00000469 0.0001409   0.151  58940.4 58158.9 59586.9      6    457      0636+022
ICRF J063920.9-334600  0637-337     06 39 20.90464536  -33 46 00.1135492  0.00000663 0.0001550   0.053  54837.8 47510.2 58634.5     29    315      0637-337
ICRF J063921.9+732458  0633+734     06 39 21.96125388   73 24 58.0406750  0.00000668 0.0000285   0.030  59107.0 49826.5 60799.7      9   1334      0633+734
ICRF J063928.7-214157  0637-216     06 39 28.72566034  -21 41 57.8053385  0.00001098 0.0003975  -0.328  58440.5 53559.8 60472.1      7    350      0637-216
ICRF J063945.5-411332  0638-411     06 39 45.58940037  -41 13 32.1474643  0.00001326 0.0000940   0.381  58444.5 58141.7 58576.8      5    300      0638-411
ICRF J064007.1-125315  0637-128     06 40 07.18244154  -12 53 15.4083284  0.00002063 0.0006597  -0.168  58337.7 56808.7 60442.8      8    280      0637-128
ICRF J064111.4+181313  0638+182     06 41 11.43082666   18 13 13.8639016  0.00000491 0.0001070  -0.194  59042.0 58634.5 59560.6      5    389      0638+182
ICRF J064118.0-355433  0639-358     06 41 18.07282856  -35 54 33.5119116  0.00000869 0.0002765   0.160  59925.5 59115.8 60259.3      5    167      0639-358
ICRF J064145.1+094704  0639+098     06 41 45.19789428   09 47 04.3310674  0.00002781 0.0004591  -0.001  59123.2 53502.7 60834.1     16    163      0639+098
ICRF J064151.1-032048  0639-032     06 41 51.13294317  -03 20 48.5822563  0.00000142 0.0000245   0.030  57747.3 52408.7 59378.0     30   1245      0639-032
ICRF J064204.2+675835  0636+680     06 42 04.25739523   67 58 35.6208367  0.00000280 0.0000161  -0.085  56341.8 48356.8 60704.8    124   5662      0636+680
ICRF J064206.1+881155  0603+882     06 42 06.13568138   88 11 55.0154982  0.00011457 0.0000564   0.012  58328.6 53560.9 59378.0     10    898      0603+882
ICRF J064225.0+112832  0639+115     06 42 25.01601685   11 28 32.9051866  0.00002028 0.0003765   0.319  58659.2 53522.9 60406.0     11    212      0639+115
ICRF J064227.8+524759  0638+528     06 42 27.82190409   52 47 59.2729208  0.00000760 0.0000757  -0.189  57545.9 53572.0 58899.4      5    498      0638+528
ICRF J064246.5-433136  0641-434     06 42 46.55948810  -43 31 36.9805377  0.00003214 0.0010628  -0.507  59832.3 59297.8 60323.7      6    128      0641-434
ICRF J064258.1+350918  0639+352     06 42 58.13961065   35 09 18.3786545  0.00000425 0.0000863  -0.276  57856.8 53560.9 59358.6      8    624      0639+352
ICRF J064307.4-245121  0641-248     06 43 07.46890799  -24 51 21.3129998  0.00000612 0.0002091   0.056  57960.9 54087.1 60485.9      6    335      0641-248
ICRF J064322.0+072452  0640+074     06 43 22.07328281   07 24 52.4456502  0.00001345 0.0003175   0.409  58227.1 53502.7 60425.9      6    306      0640+074
ICRF J064326.4+085738  0640+090     06 43 26.44503874   08 57 38.0118454  0.00001993 0.0002833   0.008  58972.9 53133.5 60834.1     18    243      0640+090
ICRF J064332.3-133549  0641-135     06 43 32.36175945  -13 35 49.8784652  0.00000308 0.0001088   0.180  56885.7 53502.7 58803.0      5    373      0641-135
ICRF J064359.8+123818  0641+126     06 43 59.85551785   12 38 18.1058321  0.00000444 0.0001388  -0.376  58892.9 56748.7 60834.1      7    620      0641+126
ICRF J064425.2-345941  0642-349  D  06 44 25.28100414  -34 59 41.9493715  0.00000294 0.0000731   0.026  59488.6 52305.8 60770.3     58   1874      0642-349
ICRF J064428.0-671257  0644-671     06 44 28.04409201  -67 12 57.3584093  0.00001121 0.0001109   0.151  57950.7 57152.0 58744.8      8    146      0644-671
ICRF J064444.8+291104  0641+292     06 44 44.81581400   29 11 04.0160407  0.00001016 0.0001850  -0.080  57965.8 54111.8 58803.0      5    446      0641+292
ICRF J064453.7+391447  0641+392  D  06 44 53.70959542   39 14 47.5339285  0.00000077 0.0000118   0.159  57745.8 50241.8 60845.8    570  16679      0641+392
ICRF J064519.9-334040  0643-336     06 45 19.93329346  -33 40 40.1820091  0.00000967 0.0003496   0.266  60526.3 60448.8 60602.5      2    123      0643-336
ICRF J064524.0+212151  0642+214     06 45 24.09955990   21 21 51.2005970  0.00000326 0.0000668  -0.441  54910.1 47717.7 58942.4     28    570      3C166   
ICRF J064547.2+054122  0643+057     06 45 47.27656749   05 41 22.3917545  0.00001336 0.0003235   0.332  58946.7 53551.8 60834.1     11    328      0643+057
ICRF J064615.2+304123  0643+307     06 46 15.23807180   30 41 23.6315970  0.00000819 0.0001384   0.104  57226.0 50218.8 58600.6      5    350      0643+307
ICRF J064620.6+594626  0641+598     06 46 20.67867173   59 46 26.0168789  0.00016991 0.0009133  -0.279  60239.6 59867.7 60442.8      3     77      0641+598
ICRF J064630.9-390339  0644-390     06 46 30.92054736  -39 03 39.1054284  0.00000943 0.0003109  -0.032  58221.5 53133.5 60406.0      7    285      0644-390
ICRF J064632.0+445116  0642+449     06 46 32.02599204   44 51 16.5901070  0.00000031 0.0000038  -0.013  55620.2 45465.3 60852.8   1899 220628      0642+449
ICRF J064716.0+544612  0643+548     06 47 16.04575711   54 46 12.7524583  0.00001273 0.0001076  -0.151  58224.6 57134.8 58921.9      5    507      0643+548
ICRF J064724.2+254942  0644+258     06 47 24.26260474   25 49 42.0281192  0.00000529 0.0001585  -0.294  59256.6 58644.9 59816.3      4    330      0644+258
ICRF J064729.9-160527  0645-160     06 47 29.96690730  -16 05 27.3595157  0.00000345 0.0001256   0.112  57083.5 53522.9 58803.0      5    354      0645-160
ICRF J064814.0-304419  0646-306  D  06 48 14.09646408  -30 44 19.6598674  0.00000063 0.0000116   0.027  58632.8 47639.0 60845.8    666  19712      0646-306
ICRF J064828.4-174405  0646-176     06 48 28.49852672  -17 44 05.4386871  0.00000321 0.0001146   0.161  57091.0 53551.8 58803.0      5    371      0646-176
ICRF J064832.7+205308  0645+209     06 48 32.71387801   20 53 08.9213322  0.00000438 0.0001145  -0.133  57597.4 54313.8 58644.9      5    432      0645+209
ICRF J064847.1+490720  0644+491     06 48 47.11863892   49 07 20.7290936  0.00001091 0.0001265   0.027  57723.5 50305.3 58600.6      5    415      0644+491
ICRF J064848.4-473427  0647-475     06 48 48.45038888  -47 34 27.1842570  0.00045671 0.0099663  -0.097  56308.5 48765.9 57835.8      5     27      0647-475
ICRF J064914.1-410853  0647-410     06 49 14.11085102  -41 08 53.0263793  0.00003186 0.0015506  -0.563  58782.4 55412.8 60406.0     14    244      0647-410
ICRF J064937.0+365752  0646+370     06 49 37.08952596   36 57 52.9514234  0.00001074 0.0001579   0.261  60390.6 60059.7 60602.5      3    262      0646+370
ICRF J065001.2-163200  0647-164     06 50 01.21845506  -16 32 00.3408653  0.00000766 0.0002312  -0.023  60151.8 59816.3 60485.9      4    354      0647-164
ICRF J065024.5-163739  0648-165  D  06 50 24.58185875  -16 37 39.7255526  0.00000031 0.0000056  -0.007  58293.6 46874.8 60845.8    939  58241      0648-165
ICRF J065025.6-015222  0647-018     06 50 25.69824992  -01 52 22.1654415  0.00000413 0.0001510  -0.040  57751.0 53125.1 58829.4      5    315      0647-018
ICRF J065029.6+312810  0647+315     06 50 29.68184406   31 28 10.7693376  0.00000736 0.0001526  -0.171  59869.9 59560.6 60135.7      5    399      0647+315
ICRF J065030.5+283334  0647+286     06 50 30.55268746   28 33 34.2999308  0.00000974 0.0002172  -0.495  58683.5 58363.2 59560.6      5    434      0647+286
ICRF J065031.2+600144  0646+600     06 50 31.25432675   60 01 44.5548337  0.00000543 0.0000429   0.215  56692.6 49576.0 58942.4      5    506      0646+600
ICRF J065032.9-284917  0648-287     06 50 32.92784143  -28 49 17.8538827  0.00000707 0.0001977  -0.140  58334.3 54600.8 60448.8      7    295      0648-287
ICRF J065038.1+035808  0647+040     06 50 38.13410562   03 58 08.4400098  0.00000531 0.0001472   0.304  57627.3 53551.8 58621.5      5    437      0647+040
ICRF J065045.1-084000  0648-086     06 50 45.17518824  -08 40 00.1818697  0.00000571 0.0001931  -0.099  57696.1 53502.7 58829.4      5    299      0648-086
ICRF J065046.4+250259  0647+251     06 50 46.49020653   25 02 59.6253444  0.00000655 0.0001576  -0.229  58777.5 58169.7 60623.9      5    444      0647+251
ICRF J065048.1+561634  0646+563     06 50 48.19066540   56 16 34.4905023  0.00000493 0.0000507  -0.088  58668.8 53560.9 60799.7      7    719      0646+563
ICRF J065105.4+401338  0647+402     06 51 05.41436021   40 13 38.0976032  0.00002204 0.0003695   0.112  60563.1 60497.5 60602.5      2    112      0647+402
ICRF J065158.1-210111  0649-209     06 51 58.12005478  -21 01 11.9158986  0.00000428 0.0001546   0.251  56922.0 53718.8 58677.2      5    353      0649-209
ICRF J065253.5+164811  0650+168     06 52 53.58757503   16 48 11.3031473  0.00000554 0.0001832  -0.398  59832.1 59353.8 60295.4      6    428      0650+168
ICRF J065300.5-062532  0650-063     06 53 00.59756194  -06 25 32.7005434  0.00000285 0.0001017  -0.203  57257.5 53551.8 58829.4      5    375      0650-063
ICRF J065324.5+235325  0650+239     06 53 24.58669123   23 53 25.7613577  0.00000571 0.0001147  -0.357  58241.6 57673.7 58644.9      7    333      0650+239
ICRF J065327.4+050851  0650+052     06 53 27.48374188   05 08 51.0589710  0.00000687 0.0002044  -0.166  57895.4 53522.9 58621.5      5    339      0650+052
ICRF J065339.8+163643  0650+166     06 53 39.89268870   16 36 43.6536472  0.00002144 0.0005884  -0.209  60039.8 59586.9 60406.0      6    168      0650+166
ICRF J065346.3+231345  0650+232     06 53 46.37275882   23 13 45.3733900  0.00001201 0.0002771  -0.406  58602.1 58169.7 59586.9      5    349      0650+232
ICRF J065357.8-192939  0651-194     06 53 57.80562259  -19 29 39.6768993  0.00000414 0.0001515   0.179  57046.9 53502.7 58803.0      5    368      0651-194
ICRF J065358.2+370540  0650+371     06 53 58.28284474   37 05 40.6069082  0.00000272 0.0000413   0.004  53835.0 48347.8 58735.7     44    724      0650+371
ICRF J065410.6-105336  0651-108     06 54 10.63939447  -10 53 36.9693991  0.00000239 0.0000870   0.022  59916.2 59080.8 60259.3      5    442      0651-108
ICRF J065422.0+504223  0650+507     06 54 22.09316218   50 42 23.8731085  0.00000652 0.0000740  -0.005  57296.2 53572.0 58921.9      5    489      0650+507
ICRF J065423.7+451423  0650+453     06 54 23.71364588   45 14 23.5454954  0.00000353 0.0000482  -0.017  56638.0 50305.3 58600.6      5    476      0650+453
ICRF J065443.5+424758  0651+428     06 54 43.52593924   42 47 58.7357833  0.00000768 0.0001182   0.097  58521.4 58212.7 59460.3      5    480      0651+428
ICRF J065450.4-130930  0652-130     06 54 50.41100493  -13 09 30.4065943  0.00015990 0.0030553  -0.040  60155.3 59816.3 60448.8      4     55      0652-130
ICRF J065510.0+410010  0651+410     06 55 10.02472849   41 00 10.1602578  0.00000329 0.0000617  -0.051  54947.4 50241.8 58742.7     14    518      0651+410
ICRF J065548.7-241620  0653-242     06 55 48.76822761  -24 16 20.7959782  0.00000796 0.0002625   0.069  57553.7 53152.3 58677.2      5    261      0653-242
ICRF J065608.1+135452  0653+139     06 56 08.18414628   13 54 52.8055408  0.00000535 0.0001207   0.093  59408.2 58672.7 59951.1      5    377      0653+139
ICRF J065608.3+252504  0653+254     06 56 08.35792031   25 25 04.3797066  0.00004315 0.0004996  -0.073  59613.1 58510.3 60323.7      7    279      0653+254
ICRF J065610.6+423702  0652+426     06 56 10.66207842   42 37 02.7511443  0.00000789 0.0001203   0.101  58262.5 57218.8 59508.8      5    436      0652+426
ICRF J065611.1-032306  0653-033     06 56 11.12056731  -03 23 06.7826345  0.00000218 0.0000731  -0.058  57030.1 53133.5 58829.4      5    409      0653-033
ICRF J065628.1-140634  0654-140     06 56 28.19033947  -14 06 34.4542136  0.00009842 0.0014685  -0.530  60141.4 59816.3 60448.8      4     61      0654-140
ICRF J065629.4-140840  0654-14B     06 56 29.47427667  -14 08 40.5607955  0.00007155 0.0013312  -0.126  60495.3 59867.7 60799.7      5    101      0654-14B
ICRF J065640.8+320932  0653+322     06 56 40.88913573   32 09 32.5486759  0.00000464 0.0000911  -0.116  57595.1 54111.8 58600.6      5    382      0653+322
ICRF J065659.1+031553  0654+033     06 56 59.17997946   03 15 53.4414566  0.00001252 0.0003212   0.185  58250.7 53152.3 60645.2      6    399      0654+033
ICRF J065705.6+242355  0654+244     06 57 05.67552225   24 23 55.3939426  0.00000252 0.0000469  -0.047  57411.6 50084.5 60623.9     14    769      0654+244
ICRF J065712.5+574156  0652+577     06 57 12.50145149   57 41 56.7534500  0.00001730 0.0001195   0.442  58125.1 49576.0 58921.9      5    375      0652+577
ICRF J065716.4-320332  0655-319     06 57 16.49466904  -32 03 32.8242295  0.00000715 0.0001926   0.053  59969.7 59129.8 60295.4      7    226      0655-319
ICRF J065755.2+131353  0655+132     06 57 55.28402393   13 13 53.9333393  0.00001310 0.0003549  -0.147  57976.4 56808.7 58634.5      5    255      0655+132
ICRF J065820.9-364247  0656-366     06 58 20.92536463  -36 42 47.2846273  0.00002010 0.0006422  -0.232  58494.7 56878.0 60406.0      7    233      0656-366
ICRF J065903.2-062110  0656-062     06 59 03.25183424  -06 21 10.5933645  0.00001427 0.0004342  -0.055  57999.4 53125.1 58871.4      6    279      0656-062
ICRF J065917.9+081330  0656+082     06 59 17.99603097   08 13 30.9535408  0.00000045 0.0000143  -0.309  57111.9 49913.7 60829.7   1354  31868      0656+082
ICRF J065949.9-274518  0657-276     06 59 49.91699474  -27 45 18.5111035  0.00000717 0.0002392   0.085  57012.7 53559.8 58677.2      5    313      0657-276
ICRF J070001.5+170921  0657+172  D  07 00 01.52554270   17 09 21.7012805  0.00000033 0.0000058  -0.044  56620.1 47516.6 60852.8    713  43400      0657+172
ICRF J070106.6+693629  0655+696     07 01 06.61671706   69 36 29.4178948  0.00001272 0.0000637  -0.031  57987.1 49826.5 60219.1      6    550      0655+696
ICRF J070134.5-463436  0700-465     07 01 34.54672098  -46 34 36.6262095  0.00006695 0.0005056  -0.402  58156.9 48161.5 60019.8     20    107      0700-465
ICRF J070231.7+264411  0659+268     07 02 31.79089317   26 44 11.0266554  0.00000312 0.0000839   0.023  57404.2 50218.8 58669.6      6    489      0659+268
ICRF J070232.8+854952  0645+858     07 02 32.81727211   85 49 52.4797005  0.00008411 0.0000863  -0.112  57386.3 50687.3 58677.2      6    515      0645+858
ICRF J070235.7-101506  0700-101     07 02 35.75682509  -10 15 06.4170001  0.00000396 0.0001362   0.181  57029.9 53125.1 58829.4      5    374      0700-101
ICRF J070240.4-284150  0700-286     07 02 40.40266250  -28 41 50.0479452  0.00001078 0.0003948  -0.631  57247.0 53502.7 58677.2      5    283      0700-286
ICRF J070242.9-195122  0700-197  D  07 02 42.90066589  -19 51 22.0356400  0.00000055 0.0000091  -0.032  58535.0 53551.8 60737.7    443  15743      0700-197
ICRF J070246.2+544435  0658+548     07 02 46.26279304   54 44 35.7338104  0.00001609 0.0001754   0.243  57826.2 53125.1 58942.4      5    378      0658+548
ICRF J070253.6+443111  0659+445     07 02 53.65382850   44 31 11.9511478  0.00017634 0.0023062   0.184  60206.3 59816.3 60602.5      5     62      0659+445
ICRF J070319.0-005103  0700-007     07 03 19.08661984  -00 51 03.1578178  0.00000262 0.0000666   0.198  57163.2 53133.5 58715.7     12    451      0700-007
ICRF J070346.2+282820  0700+285     07 03 46.24036434   28 28 20.3808449  0.00001137 0.0002053  -0.382  59992.2 59560.6 60323.7      5    375      0700+285
ICRF J070402.7-045923  0701-049     07 04 02.76786762  -04 59 23.8278082  0.00000433 0.0001369  -0.025  59953.5 59080.8 60425.9      6    494      0701-049
ICRF J070406.2-130722  0701-130     07 04 06.23626733  -13 07 22.3221723  0.00001444 0.0003408   0.091  58425.5 53560.9 60448.8      9    280      0701-130
ICRF J070409.5+470056  0700+470     07 04 09.55828565   47 00 56.0399452  0.00000892 0.0001233  -0.425  57104.8 50305.3 58621.5      5    448      0700+470
ICRF J070454.3+261054  0701+262     07 04 54.32654907   26 10 54.6286740  0.00000887 0.0002293  -0.258  59255.6 58512.3 59981.8      6    292      0701+262
ICRF J070544.5+395832  0702+400     07 05 44.52228596   39 58 32.0232577  0.00000855 0.0001632  -0.216  57568.6 54111.8 58621.5      5    414      0702+400
ICRF J070559.6-132452  0703-133     07 05 59.62163269  -13 24 52.5363194  0.00000740 0.0002655  -0.361  59932.6 59080.8 60472.1      6    339      0703-133
ICRF J070633.5-231137  0704-231     07 06 33.51808308  -23 11 37.8508031  0.00001836 0.0005539   0.025  58835.3 54942.7 60485.9     11    213      0704-231
ICRF J070643.0-412223  0705-412     07 06 43.05984160  -41 22 23.7900218  0.00005193 0.0028837   0.188  58759.6 55111.8 60406.0     11    157      0705-412
ICRF J070700.6+611011  0702+612     07 07 00.61576281   61 10 11.6079583  0.00000621 0.0000475   0.140  58078.4 49576.0 60219.1      6    625      0702+612
ICRF J070725.9+291718  0704+293     07 07 25.98415491   29 17 18.6301793  0.00001332 0.0002154   0.258  60032.5 59560.6 60323.7      5    415      0704+293
ICRF J070729.8-002608  0704-003     07 07 29.86475004  -00 26 08.1809864  0.00000907 0.0003101  -0.095  60210.3 59867.7 60425.9      3    218      0704-003
ICRF J070732.9+382213  0704+384     07 07 32.91003364   38 22 13.3009089  0.00003619 0.0004317   0.135  58528.3 57218.8 60497.5      7    251      0704+384
ICRF J070743.6+022609  0705+025     07 07 43.69781802   02 26 09.8239637  0.00004900 0.0018620  -0.730  59002.2 58237.7 60425.9      8     79      0705+025
ICRF J070803.3-142115  0705-142     07 08 03.37546946  -14 21 15.8153795  0.00000915 0.0002487  -0.217  58701.3 52408.7 60834.1      8    437      0705-142
ICRF J070824.4+345542  0705+350     07 08 24.44782552   34 55 42.1137038  0.00000818 0.0001906  -0.098  58542.6 54087.1 60683.7      7    430      0705+350
ICRF J070846.8+235315  0705+239     07 08 46.87286871   23 53 15.1134351  0.00000583 0.0001792  -0.072  59479.6 58512.3 60118.4      6    426      0705+239
ICRF J070909.2+373753  0705+377     07 09 09.22253538   37 37 53.1821019  0.00000470 0.0000842   0.073  57265.6 53572.0 58621.5      5    435      0705+377
ICRF J070945.0-025517  0707-028     07 09 45.05460914  -02 55 17.4967012  0.00000192 0.0000665   0.010  58562.3 53559.8 60834.1      9    835      0707-028
ICRF J071043.6-385037  0709-387     07 10 43.63637167  -38 50 37.0368508  0.00000875 0.0000819   0.468  57900.2 52305.8 58644.9     10    523      0709-387
ICRF J071044.3+422055  0707+424     07 10 44.32613841   42 20 55.0440437  0.00000692 0.0000937  -0.151  57631.7 50241.8 58621.5      5    414      0707+424
ICRF J071046.1+473211  0707+476     07 10 46.10488155   47 32 11.1426214  0.00000111 0.0000148  -0.011  56722.4 44342.5 60704.8    124   6391      0707+476
ICRF J071046.6-203323  0708-204     07 10 46.62268599  -20 33 23.9389194  0.00000717 0.0002528   0.155  57842.9 53560.9 58736.7      6    272      0708-204
ICRF J071100.1-135931  0708-139     07 11 00.13585437  -13 59 31.2662960  0.00000534 0.0001963   0.118  59007.9 56874.5 60834.1      7    448      0708-139
ICRF J071147.3+004819  0709+008     07 11 47.32617886   00 48 19.7518723  0.00008158 0.0014219   0.397  58920.6 52939.7 60425.9     12    152      0709+008
ICRF J071151.3-013757  0709-015     07 11 51.39888992  -01 37 57.3973785  0.00000281 0.0000961   0.002  58709.3 55915.7 60834.1      8    733      0709-015
ICRF J071220.6+590233  0708+591     07 12 20.64992372   59 02 33.2884477  0.00026721 0.0019476  -0.732  60616.6 60448.8 60799.7      3     24      0708+591
ICRF J071243.6+503322  0708+506     07 12 43.68358960   50 33 22.7072146  0.00000385 0.0000469  -0.134  57433.5 53559.8 59320.9      7    588      0708+506
ICRF J071301.8-381228  0711-381     07 13 01.86130667  -38 12 28.2954842  0.00003469 0.0009758  -0.322  60143.6 59816.3 60425.9      4     86      0711-381
ICRF J071312.8+505343  0709+509     07 13 12.89626580   50 53 43.8914579  0.00001167 0.0001446  -0.049  57029.6 50305.3 58942.4      6    405      0709+509
ICRF J071336.7+254016  0710+257     07 13 36.72083729   25 40 16.8843864  0.00001237 0.0003658  -0.067  59453.0 58512.3 60118.4      6    322      0710+257
ICRF J071338.1+434917  0710+439     07 13 38.16412647   43 49 17.2080262  0.00000284 0.0000524   0.077  52377.6 48178.7 58743.7     43    987      0710+439
ICRF J071355.6+193500  0710+196     07 13 55.67917259   19 35 00.4089835  0.00000298 0.0000779  -0.117  57661.0 53125.1 59271.2      7    634      0710+196
ICRF J071357.4+264449  0710+268     07 13 57.49168116   26 44 49.4697699  0.00000969 0.0002631  -0.186  59168.0 58530.3 60118.4      6    356      0710+268
ICRF J071424.8+353439  0711+356     07 14 24.81750217   35 34 39.7951557  0.00000424 0.0000825  -0.286  52651.8 45465.3 59715.7     39    711      0711+356
ICRF J071436.1+740810  0708+742     07 14 36.12501905   74 08 10.1443919  0.00001508 0.0000580   0.113  58326.3 54087.1 59358.6     10    787      0708+742
ICRF J071447.8-035056  0712-037     07 14 48.45104140  -03 51 07.2752196  0.00003855 0.0020102  -0.614  59717.5 58340.4 60834.1      9     60      0712-037
ICRF J071452.0+815154  0704+819     07 14 52.03816994   81 51 54.9462309  0.00011701 0.0003758  -0.381  58215.9 57874.7 58677.2      5    259      0704+819
ICRF J071458.3+681400  0709+683     07 14 58.37130039   68 14 00.5251451  0.00001115 0.0000679  -0.023  59634.1 58436.8 60219.1      6    543      0709+683
ICRF J071506.6+204133  0712+207     07 15 06.65116791   20 41 33.5756841  0.00000720 0.0001828   0.287  59301.3 58530.3 60118.4      6    399      0712+207
ICRF J071533.3-092154  0713-092     07 15 33.39321275  -09 21 54.2753884  0.00000832 0.0003044   0.075  57802.6 53133.5 58899.4      5    275      0713-092
ICRF J071713.1+100104  0714+101     07 17 13.15487439   10 01 04.2750886  0.00001761 0.0005775  -0.404  58062.3 56874.5 58634.5      5    275      0714+101
ICRF J071748.4+024256  0715+028     07 17 48.42834765   02 42 56.2973924  0.00000621 0.0001825  -0.319  60333.3 60276.7 60395.7      2    204      0715+028
ICRF J071751.8+453803  0714+457     07 17 51.85241903   45 38 03.2608198  0.00000089 0.0000122  -0.075  56385.9 50305.3 60719.8    180   8795      0714+457
ICRF J071752.4+202618  0714+205     07 17 52.42806209   20 26 18.9373775  0.00000818 0.0002505  -0.054  59353.9 58530.3 60425.9      5    392      0714+205
ICRF J071805.6+665153  0713+669     07 18 05.63198121   66 51 53.3287609  0.00001181 0.0000764  -0.044  58242.8 54942.7 60259.3      6    792      0713+669
ICRF J071814.1-181304  0716-181     07 18 14.15798964  -18 13 04.0556587  0.00000403 0.0001458   0.250  57578.9 53551.8 58871.4      6    368      0716-181
ICRF J071900.4+212539  0716+215     07 19 00.49900526   21 25 39.4760920  0.00001177 0.0002754  -0.324  59319.1 58530.3 60425.9      5    357      0716+215
ICRF J071919.4+330709  0716+332     07 19 19.41967444   33 07 09.7085470  0.00000272 0.0000540  -0.047  57493.9 53125.1 59230.1      7    582      0716+332
ICRF J071924.3-195520  0717-198     07 19 24.37330959  -19 55 20.4990865  0.00000879 0.0003551  -0.162  58250.8 52408.7 60485.9      7    296      0717-198
ICRF J071939.2-392848  0717-393     07 19 39.27897173  -39 28 48.7002277  0.00003936 0.0018619   0.233  58753.1 55111.8 60425.9     11    200      0717-393
ICRF J072021.4+473744  0716+477     07 20 21.49776221   47 37 44.1247949  0.00000332 0.0000417  -0.060  56981.7 50305.3 59190.8      6    570      0716+477
ICRF J072102.4+154042  0718+157     07 21 02.41363591   15 40 42.9711167  0.00000488 0.0001614  -0.273  57527.2 53560.9 58634.5      5    443      0718+157
ICRF J072113.4-153041  0718-154     07 21 13.49147299  -15 30 41.0108469  0.00000536 0.0002216  -0.235  58593.8 54656.8 60497.5      6    303      0718-154
ICRF J072123.9+040644  0718+042     07 21 23.90998132   04 06 44.2127474  0.00000207 0.0000549  -0.007  58037.9 49913.7 60645.2      7    688      0718+042
ICRF J072132.0+274212  0718+277     07 21 32.06173338   27 42 12.8087982  0.00000555 0.0001350  -0.353  59359.7 58386.0 60135.7      6    453      0718+277
ICRF J072146.6-352817  0719-353     07 21 46.69188648  -35 28 17.2963896  0.00002260 0.0007806  -0.121  58685.3 52408.7 60425.9     11    222      0719-353
ICRF J072153.4+712036  0716+714  D  07 21 53.44847349   71 20 36.3634406  0.00000078 0.0000036  -0.007  57795.6 44342.5 60824.8    997 173192      0716+714
ICRF J072201.2+372228  0718+374     07 22 01.25968328   37 22 28.6333326  0.00000781 0.0001257  -0.131  56878.1 50241.8 58631.3      5    409      0718+374
ICRF J072227.6-303804  0720-305     07 22 27.69530575  -30 38 04.6320134  0.00002592 0.0010823   0.134  58708.6 52305.8 60448.8     11    207      0720-305
ICRF J072249.1+252835  0719+255     07 22 49.12716640   25 28 35.5076163  0.00001081 0.0002732  -0.190  58909.3 58386.0 59642.1      5    335      0719+255
ICRF J072417.2-071520  0721-071     07 24 17.29263508  -07 15 20.3517807  0.00000162 0.0000381   0.009  58135.2 52305.8 60535.7     18    866      0721-071
ICRF J072428.0+295748  0721+300     07 24 28.03919814   29 57 48.0094433  0.00000633 0.0001491  -0.042  59794.1 59586.9 60135.7      5    418      0721+300
ICRF J072448.4+030825  0722+032     07 24 48.40897625   03 08 25.0903572  0.00000544 0.0001762  -0.007  57552.0 49913.7 58631.3      5    358      0722+032
ICRF J072516.8+142513  0722+145     07 25 16.80776621   14 25 13.7465703  0.00000084 0.0000129  -0.053  56696.0 47717.7 60704.8    158   6001      0722+145
ICRF J072524.4-264032  0723-265     07 25 24.41314952  -26 40 32.6798332  0.00000552 0.0001852   0.006  57906.0 53502.7 60710.7      9    574      0723-265
ICRF J072550.1-190419  0723-189     07 25 50.16556380  -19 04 19.0743322  0.00000333 0.0001239  -0.082  57476.0 53125.1 60497.5     10    714      0723-189
ICRF J072550.5+281905  0722+284     07 25 50.58976076   28 19 05.8176669  0.00007382 0.0018852  -0.441  59044.7 58386.0 60406.0      7     56      0722+284
ICRF J072550.6-005456  0723-008     07 25 50.63990288  -00 54 56.5432714  0.00000057 0.0000118  -0.054  57202.6 44772.8 60696.7    232   9756      0723-008
ICRF J072611.7+791131  0718+792     07 26 11.73522113   79 11 31.0162094  0.00000179 0.0000042  -0.005  55378.0 48222.7 60852.8   1769  77054      0718+793
ICRF J072614.2+215320  0723+219     07 26 14.26074218   21 53 20.1140094  0.00000079 0.0000136  -0.046  58255.1 53133.5 60747.8    222   6809      0723+219
ICRF J072636.3+063642  0723+067     07 26 36.36414846   06 36 42.8521157  0.00000277 0.0000856  -0.111  58244.9 53559.8 60645.2      7    608      0723+067
ICRF J072700.1-381311  0725-381     07 27 00.13050919  -38 13 11.4204094  0.00004384 0.0019784   0.055  59150.7 55412.8 60770.3     13    198      0725-381
ICRF J072703.1+484410  0723+488     07 27 03.10062340   48 44 10.1266472  0.00000505 0.0000721  -0.013  58104.6 50305.3 60799.7      7    766      0723+488
ICRF J072810.8+674847  0723+679     07 28 10.89565216   67 48 47.0329666  0.00000677 0.0000391   0.007  57928.9 53522.9 60259.3      6    706      0723+679
ICRF J072820.6+215306  0725+219     07 28 20.60829843   21 53 06.3901912  0.00000232 0.0000443  -0.149  56441.4 50084.5 60578.8     18   1141      0725+219
ICRF J072829.7-223136  0726-224     07 28 29.79848232  -22 31 36.7078783  0.00000812 0.0002687   0.031  58257.4 53133.5 60497.5      6    289      0726-224
ICRF J072848.2-045347  0726-047     07 28 48.21324907  -04 53 47.7783809  0.00000496 0.0001424  -0.016  59733.0 59115.8 59951.1      6    253      0726-047
ICRF J072849.6+570124  0724+571     07 28 49.63162001   57 01 24.3742100  0.00000546 0.0000604  -0.113  56117.2 49576.0 58942.4      5    479      0724+571
ICRF J072905.4-363945  0727-365     07 29 05.41169648  -36 39 45.2332322  0.00001433 0.0002161  -0.117  58695.7 48765.9 60770.3     14    320      0727-365
ICRF J072917.8-132002  0726-132     07 29 17.81768846  -13 20 02.2715208  0.00000475 0.0001629   0.140  57410.3 53125.1 58871.4      6    366      0726-132
ICRF J072957.3-343919  0728-345     07 29 57.36515591  -34 39 19.6009482  0.00001573 0.0005125  -0.256  58747.6 52305.8 60770.3     12    275      0728-345
ICRF J073019.1-114112  0727-115  D  07 30 19.11247443  -11 41 12.6007008  0.00000020 0.0000043  -0.063  55679.0 45258.0 60856.7   5219 322766      0727-115
ICRF J073025.8-024124  0727-025     07 30 25.87761510  -02 41 24.9042827  0.00000268 0.0000869   0.045  56857.8 50575.3 58899.4      5    477      0727-025
ICRF J073028.4-053546  0728-054     07 30 28.43648998  -05 35 46.9036077  0.00000782 0.0002619  -0.199  57857.1 54111.8 58899.4      5    352      0728-054
ICRF J073038.2-320820  0728-320     07 30 38.29839857  -32 08 20.1799661  0.00001089 0.0003757   0.029  57618.0 52305.8 60118.4      6    253      0728-320
ICRF J073051.3+404950  0727+409     07 30 51.34659590   40 49 50.8263618  0.00000463 0.0000662  -0.265  57850.2 50241.8 58770.7      8    804      0727+409
ICRF J073106.6-234147  0728-235     07 31 06.66794436  -23 41 47.8706174  0.00000359 0.0001289   0.037  58017.3 53133.5 59271.2     10    520      0728-235
ICRF J073131.5-222420  0729-222     07 31 31.50841551  -22 24 20.8663353  0.00000505 0.0001640   0.161  57959.7 53125.1 59320.9      8    436      0729-222
ICRF J073133.7+245158  0728+249     07 31 33.74547296   24 51 58.5984356  0.00000336 0.0000859   0.110  56327.3 50084.5 59320.9     11    771      0728+249
ICRF J073152.7+280432  0728+281     07 31 52.72942418   28 04 32.9401740  0.00002568 0.0008504  -0.300  58635.9 57427.7 60406.0      8    227      0728+281
ICRF J073158.9+143336  0729+146     07 31 58.99695439   14 33 36.4926728  0.00000525 0.0001256  -0.066  57561.2 53560.9 58634.5      5    445      0729+146
ICRF J073222.7+015035  0729+019     07 32 22.78869738   01 50 35.3843181  0.00000355 0.0001086   0.023  57610.7 53133.5 59271.2      6    634      0729+019
ICRF J073250.5-033433  0730-034     07 32 50.56348457  -03 34 33.5150313  0.00001513 0.0004476  -0.369  58048.1 56874.5 58899.4      5    285      0730-034
ICRF J073256.2+254838  0729+259     07 32 56.27526826   25 48 38.7956308  0.00000089 0.0000178  -0.005  58209.8 50218.8 60824.8    188   4435      0729+259
ICRF J073328.6+560541  0729+562     07 33 28.61541720   56 05 41.7373164  0.00010358 0.0014414  -0.417  59339.5 58136.6 60448.8      8    152      0729+562
ICRF J073329.5+351542  0730+353     07 33 29.58043688   35 15 42.7224647  0.00004136 0.0007459   0.087  58725.7 57406.7 60497.5      9    167      0730+353
ICRF J073352.5+502209  0730+504     07 33 52.52058239   50 22 09.0621116  0.00000308 0.0000399   0.051  55149.1 49576.0 59358.6     13    990      0730+504
ICRF J073357.4+045614  0731+050     07 33 57.45989239   04 56 14.4966959  0.00000167 0.0000532  -0.059  57273.3 49913.7 59358.6      9    731      0731+050
ICRF J073359.6+163105  0731+166     07 33 59.69693062   16 31 05.7726930  0.00000939 0.0002617  -0.217  59345.7 58540.2 60425.9      6    312      0731+166
ICRF J073502.3+475008  0731+479     07 35 02.31168636   47 50 08.4271278  0.00000371 0.0000475   0.048  56890.2 50305.3 58631.3      5    546      0731+479
ICRF J073545.8-173548  0733-174     07 35 45.81247424  -17 35 48.5024667  0.00000389 0.0001105   0.312  54783.0 45899.0 60497.5     43    743      0733-174
ICRF J073552.7+203638  0732+207     07 35 52.74291092   20 36 38.8567014  0.00000455 0.0001244  -0.286  58674.8 58197.7 58989.8      7    389      0732+207
ICRF J073558.6+013003  0733+016     07 35 58.63464527   01 30 03.6376935  0.00000947 0.0002984  -0.168  57216.8 49913.7 58634.5      5    357      0733+016
ICRF J073558.8+073436  0733+076     07 35 58.81185034   07 34 36.9823319  0.00004604 0.0008731  -0.154  60067.9 59642.1 60442.8      4    138      0733+076
ICRF J073559.9+234102  0732+237     07 35 59.92061843   23 41 02.8667865  0.00002781 0.0004788  -0.036  58841.7 50155.3 60442.8     11    278      0732+237
ICRF J073602.3-185309  0733-187     07 36 02.37766578  -18 53 09.9256193  0.00001928 0.0005232  -0.005  59074.2 54600.8 60530.8     11    249      0733-187
ICRF J073613.6+295422  0733+300     07 36 13.66109303   29 54 22.1847032  0.00000266 0.0000655  -0.142  57290.9 50218.8 58829.4      5    511      0733+300
ICRF J073633.6-043311  0734-044     07 36 33.62731882  -04 33 11.8611569  0.00000537 0.0001988  -0.181  57696.8 53559.8 58921.9      5    270      0734-044
ICRF J073658.0+260449  0733+261     07 36 58.07365540   26 04 49.9455753  0.00000460 0.0000997  -0.127  57623.0 50218.8 58794.6      8    567      0733+261
ICRF J073707.1-072038  0734-072     07 37 07.13291725  -07 20 38.0388723  0.00000648 0.0002193   0.038  57751.4 53560.9 58921.9      5    282      0734-072
ICRF J073730.0+594103  0733+597     07 37 30.08692605   59 41 03.1947489  0.00000755 0.0000938  -0.115  58242.2 49576.0 60295.4      8    555      UG03927 
ICRF J073733.2+172903  0734+175     07 37 33.28619386   17 29 03.8525403  0.00001085 0.0003546  -0.230  59025.1 58551.2 59707.7      5    312      0734+175
ICRF J073755.8-395434  0736-397     07 37 55.84038530  -39 54 34.0572973  0.00002839 0.0011368  -0.610  58772.1 53133.5 60770.3     17    264      0736-397
ICRF J073758.9+643043  0733+646     07 37 58.98031121   64 30 43.3473557  0.00001327 0.0000803  -0.001  57461.0 49826.5 58512.3      5    451      0733+646
ICRF J073807.3+174218  0735+178     07 38 07.39375402   17 42 18.9981597  0.00000061 0.0000110   0.104  49587.8 44772.8 59280.1    580  16397      0735+178
ICRF J073816.9-332212  0736-332     07 38 16.94877192  -33 22 12.7781204  0.00000954 0.0002253  -0.054  58191.7 48765.9 60472.1     11    293      0736-332
ICRF J073856.4-673550  0738-674  D  07 38 56.49623877  -67 35 50.8260189  0.00001122 0.0000808   0.391  54696.1 47625.5 60263.8     33    267      0738-674
ICRF J073857.1-062658  0736-063     07 38 57.17557287  -06 26 58.0566507  0.00000532 0.0001571   0.107  56660.0 50575.3 58921.9      5    328      0736-063
ICRF J073913.1+752747  0732+755     07 39 13.19478737   75 27 47.7091608  0.00003578 0.0000916  -0.314  57740.8 49826.5 58669.6      5    344      0732+755
ICRF J073918.0+013704  0736+017  D  07 39 18.03390281   01 37 04.6177210  0.00000038 0.0000063  -0.027  58270.5 44772.8 60856.7    598  26345      0736+017
ICRF J073923.9-242054  0737-242     07 39 23.98503129  -24 20 54.9363920  0.00001381 0.0004736   0.322  58027.1 56874.5 58746.6      5    288      0737-242
ICRF J073928.5+173927  0736+177     07 39 28.55324238   17 39 27.1781653  0.00000801 0.0002137   0.027  58616.9 58272.3 59460.3      5    433      0736+177
ICRF J073948.2+174304  0736+178     07 39 48.23822412   17 43 04.1015701  0.00001586 0.0004776  -0.073  58846.1 58556.9 60295.4      6    163      0736+178
ICRF J074014.7-244436  0738-246     07 40 14.71665525  -24 44 36.6824426  0.00000572 0.0002032   0.036  57123.6 53125.1 58746.6      5    304      0738-246
ICRF J074033.5+285247  0737+289     07 40 33.54382022   28 52 47.2467188  0.00000414 0.0001046  -0.229  57742.1 53572.0 58829.4      5    485      0737+289
ICRF J074051.6+173020  0737+176     07 40 51.64199363   17 30 20.6370067  0.00002582 0.0006272  -0.499  59382.0 58556.9 60442.8      7    243      0737+176
ICRF J074053.3+671908  0735+674     07 40 53.39852654   67 19 08.2329023  0.00001769 0.0001140   0.218  57792.7 49826.5 58512.3      5    438      0735+674
ICRF J074110.7+311200  0738+313     07 41 10.70330185   31 12 00.2293079  0.00000052 0.0000091  -0.028  56367.7 45465.3 60527.7    226  12521      0738+313
ICRF J074125.7+270645  0738+272     07 41 25.73284846   27 06 45.3920496  0.00000284 0.0000634  -0.155  57377.8 50218.8 58829.4      5    486      0738+272
ICRF J074129.7+255732  0738+260     07 41 29.74151083   25 57 32.2566227  0.00000694 0.0001714  -0.131  59237.0 58556.9 60152.8      6    312      0738+260
ICRF J074155.6-264730  0739-266     07 41 55.68120142  -26 47 30.4952078  0.00000771 0.0002878   0.083  58088.8 53133.5 60472.1      6    295      0739-266
ICRF J074202.7+490015  0738+491  D  07 42 02.74894904   49 00 15.6089399  0.00000052 0.0000064  -0.056  58441.3 49749.8 60845.8    407  34836      0738+491
ICRF J074218.2+194719  0739+199     07 42 18.21532178   19 47 19.4877292  0.00000584 0.0001217   0.125  59507.3 58592.8 60314.3      6    553      0739+199
ICRF J074239.7+544424  0738+548     07 42 39.79069170   54 44 24.6670668  0.00000534 0.0000595  -0.038  57048.7 49576.0 60295.4      6    670      0738+548
ICRF J074242.0-382903  0740-383     07 42 42.00496249  -38 29 03.9038520  0.00003390 0.0013167  -0.256  58260.1 52305.8 60442.8     12    198      0740-383
ICRF J074305.1+171424  0740+173     07 43 05.10681979   17 14 24.4115836  0.00000253 0.0000702  -0.161  56376.0 50084.5 58829.4      7    661      0740+173
ICRF J074309.8+394130  0739+398     07 43 09.88654923   39 41 30.7800582  0.00000364 0.0000676  -0.162  57810.4 50241.8 60710.7      7    708      0739+398
ICRF J074320.4-561932  0742-562  D  07 43 20.48513359  -56 19 32.9583248  0.00001645 0.0001548  -0.253  57771.7 56971.3 60228.8     14    230      0742-562
ICRF J074331.6-672625  0743-673     07 43 31.61163645  -67 26 25.5464043  0.00001088 0.0000536   0.045  55976.4 48110.0 58344.7     39    452      0743-673
ICRF J074332.7-443405  0741-444     07 43 32.75842008  -44 34 05.1087234  0.00005698 0.0028654  -0.519  58455.9 54852.8 60442.8     15    171      0741-444
ICRF J074344.8-380356  0741-379     07 43 44.82079674  -38 03 56.4008950  0.00001309 0.0001966   0.109  57830.7 52305.8 60448.8     11    300      0741-379
ICRF J074344.9+232839  0740+235     07 43 44.97215911   23 28 39.0030968  0.00000478 0.0001143  -0.105  58311.1 50155.3 60623.9      7    594      0740+235
ICRF J074352.4-044020  0741-045     07 43 52.40662621  -04 40 20.5313764  0.00000437 0.0001504  -0.130  57004.5 53502.7 58921.9      5    345      0741-045
ICRF J074355.6+164810  0741+169     07 43 55.65677418   16 48 10.2803221  0.00000789 0.0002365  -0.495  59508.5 58592.8 60314.3      6    466      0741+169
ICRF J074420.3-691907  0744-691     07 44 20.39355723  -69 19 07.1569257  0.00002424 0.0001719   0.146  56503.0 52886.6 58701.7      7     86      0744-691
ICRF J074421.6-062935  0741-063     07 44 21.65636129  -06 29 35.9142611  0.00000539 0.0001793  -0.125  57352.4 54186.7 58942.4      5    279      0741-063
ICRF J074447.2+212000  0741+214     07 44 47.27673293   21 20 00.4257295  0.00000790 0.0002144  -0.192  58377.1 53550.8 59358.6     12    737      0741+214
ICRF J074451.3+292006  0741+294     07 44 51.36429567   29 20 06.0404671  0.00000539 0.0001269  -0.187  59343.5 58351.7 60203.4      6    456      0741+294
ICRF J074505.9+261409  0742+263     07 45 05.92251401   26 14 09.7708349  0.00000297 0.0000736  -0.127  58528.0 57427.7 59320.9      8    748      0742+263
ICRF J074510.2-245143  0743-247     07 45 10.26345801  -24 51 43.7659428  0.00000582 0.0001826  -0.020  58655.1 58136.6 59358.6      5    279      0743-247
ICRF J074533.0+101112  0742+103     07 45 33.05952752   10 11 12.6921052  0.00000070 0.0000196  -0.202  49604.6 44772.8 60442.8    326  10963      0742+103
ICRF J074541.6+314256  0742+318     07 45 41.67142213   31 42 56.6173169  0.00000349 0.0000697  -0.178  57306.0 50218.8 58631.3      5    421      0742+318
ICRF J074554.0-004417  0743-006  D  07 45 54.08232691  -00 44 17.5400057  0.00000067 0.0000149   0.135  57387.4 45996.8 60834.1    197   7264      0743-006
ICRF J074559.3+331334  0742+333     07 45 59.32400655   33 13 34.1343554  0.00000568 0.0001265  -0.105  57763.9 53559.8 58634.5      5    420      0742+333
ICRF J074616.6+180719  0743+182     07 46 16.66592816   18 07 19.6582060  0.00000460 0.0001309  -0.256  58416.5 57673.7 58871.4      7    459      0743+182
ICRF J074618.2-155534  0744-158     07 46 18.23602799  -15 55 34.7461141  0.00000555 0.0001922  -0.107  57724.7 52305.8 59190.8      6    398      0744-158
ICRF J074625.8+254902  0743+259  D  07 46 25.87418021   25 49 02.1346920  0.00000036 0.0000070  -0.065  54995.7 47717.7 60793.7    926  37627      0743+259
ICRF J074640.4+273459  0743+277  D  07 46 40.43231262   27 34 59.0470354  0.00000050 0.0000081  -0.112  58457.2 50218.8 60852.8    494  18873      0743+277
ICRF J074710.0-123718  0744-124     07 47 10.05634269  -12 37 18.1398979  0.00000581 0.0001543  -0.006  59723.8 59129.8 59894.2      5    290      0744-124
ICRF J074714.6+763917  0740+767     07 47 14.60758678   76 39 17.2716074  0.00001671 0.0000506  -0.003  56053.0 49826.5 58677.2      5    490      0740+767
ICRF J074719.6-331046  0745-330     07 47 19.68323984  -33 10 46.9702321  0.00000623 0.0002121  -0.001  56978.3 52305.8 58712.2      5    282      0745-330
ICRF J074741.8-291902  0745-291     07 47 41.88965452  -29 19 02.0731461  0.00001047 0.0003851   0.108  57892.3 53125.1 60472.1      6    292      0745-291
ICRF J074803.0-163950  0745-165     07 48 03.08381644  -16 39 50.2537258  0.00000325 0.0001167  -0.059  57044.7 53551.8 58899.4      5    383      0745-165
ICRF J074836.1+240024  0745+241     07 48 36.10928291   24 00 24.1099270  0.00000076 0.0000119  -0.033  55792.4 47516.6 60704.8    261   7721      0745+241
ICRF J074848.6-165027  0746-167     07 48 48.67858241  -16 50 27.3997062  0.00000362 0.0001316  -0.183  58636.0 52408.7 60760.8      8    616      0746-167
ICRF J074922.4+742041  0743+744     07 49 22.45669872   74 20 41.5927584  0.00001465 0.0000587   0.025  56216.3 49826.5 58677.2      5    455      0743+744
ICRF J074927.3+105733  0746+110     07 49 27.38534441   10 57 33.1260322  0.00000623 0.0001809   0.076  57862.7 54087.1 58644.9      5    427      0746+110
ICRF J074956.9+575015  0745+579     07 49 56.95192066   57 50 15.3039809  0.00001229 0.0001304   0.142  58928.5 58158.9 60084.1      6    525      0745+579
ICRF J074958.5+083730  0747+087     07 49 58.53437659   08 37 30.7340772  0.00000606 0.0002084  -0.300  59339.8 58756.7 59971.0      5    380      0747+087
ICRF J075000.3+182311  0747+185     07 50 00.32994857   18 23 11.4071613  0.00000128 0.0000262  -0.003  57523.9 50084.5 60715.1    100   2503      0747+185
ICRF J075008.3+501506  0746+503     07 50 08.34283503   50 15 06.8108999  0.00001199 0.0001347   0.039  57854.7 49576.0 60295.4      7    492      0746+503
ICRF J075016.9-375948  0748-378     07 50 16.89937253  -37 59 48.8066120  0.00046336 0.0118283   0.220  58749.0 57011.1 60715.1     12     51      0748-378
ICRF J075020.4+481453  0746+483     07 50 20.43630942   48 14 53.5566902  0.00000434 0.0000501   0.138  56965.7 50305.3 59271.2      6    442      0746+483
ICRF J075032.8+102126  0747+104     07 50 32.87802936   10 21 26.7694348  0.00000383 0.0001119  -0.074  57779.6 55775.7 58644.9      4    416      0747+104
ICRF J075039.9+191947  0747+194     07 50 39.93040039   19 19 47.3386944  0.00000351 0.0001072  -0.381  58441.2 57659.8 58871.4     10    449      0747+194
ICRF J075043.2+790917  0742+792     07 50 43.26525361   79 09 17.0021296  0.00001767 0.0000439   0.054  58312.8 49826.5 60675.9      7    573      0742+792
ICRF J075047.1-070604  0748-069     07 50 47.14835513  -07 06 04.0282604  0.00000514 0.0001680   0.023  57410.8 53502.7 58942.4      5    312      0748-069
ICRF J075051.3-121621  0748-121     07 50 51.37870901  -12 16 21.5058521  0.00003873 0.0009652  -0.148  60255.4 59875.5 60472.1      3    167      0748-121
ICRF J075052.0+123104  0748+126  D  07 50 52.04573804   12 31 04.8281783  0.00000024 0.0000043  -0.022  57743.2 44772.8 60852.8   1287 105666      0748+126
ICRF J075057.7+824158  0740+828     07 50 57.75561508   82 41 58.0321975  0.00002812 0.0000683   0.139  56932.3 50687.3 58712.2      6    639      0740+828
ICRF J075059.6+040616  0748+042     07 50 59.69235501   04 06 16.5559527  0.00001148 0.0003029  -0.224  60333.1 60276.7 60395.7      2    192      0748+042
ICRF J075102.2+015215  0748+019     07 51 02.28159901   01 52 15.7604091  0.00001028 0.0002966  -0.127  57672.3 53572.0 58634.5      5    377      0748+019
ICRF J075105.4-333135  0749-333     07 51 05.47046871  -33 31 35.9943708  0.00000928 0.0003082   0.058  57947.1 52305.8 60135.7      7    262      0749-333
ICRF J075110.2-004651  0748-006     07 51 10.20517788  -00 46 51.0489637  0.00002068 0.0005538  -0.308  58729.6 54111.8 60442.8      9    271      0748-006
ICRF J075145.9+684026  0746+688     07 51 45.98459404   68 40 26.8325951  0.00001244 0.0000651   0.237  58845.0 53559.8 60799.7      7    743      0746+688
ICRF J075153.6+331319  0748+333     07 51 53.67322107   33 13 19.8187333  0.00000312 0.0000622   0.142  57188.5 50218.8 58634.5      5    447      0748+333
ICRF J075209.6+580852  0748+582     07 52 09.67777068   58 08 52.2558590  0.00002347 0.0001614   0.057  58022.1 57098.3 59508.8      5    354      0748+582
ICRF J075228.3-394014  0750-395     07 52 28.35538833  -39 40 14.9699187  0.00002832 0.0009120   0.797  59552.4 58158.9 60770.3     11    188      0750-395
ICRF J075232.4+205958  0749+211     07 52 32.47926777   20 59 58.9417613  0.00000629 0.0001713  -0.147  59093.8 58600.6 59707.7      5    348      0749+211
ICRF J075240.9+373024  0749+376     07 52 40.90788182   37 30 24.3118091  0.00000579 0.0001025  -0.184  56787.7 50241.8 58634.5      5    464      0749+376
ICRF J075300.6+633546  0748+637     07 53 00.63636323   63 35 46.2177737  0.00001030 0.0000837   0.008  59752.7 58856.7 60259.3      6    598      0748+637
ICRF J075301.3+535259  0749+540  D  07 53 01.38457124   53 52 59.6370890  0.00000044 0.0000045   0.011  53873.7 45774.8 60834.1   1347  97273      0749+540
ICRF J075303.3+423130  0749+426     07 53 03.33743823   42 31 30.7648344  0.00000555 0.0000795   0.074  56858.6 50241.8 58631.3      5    505      0749+426
ICRF J075351.9+092419  0751+095     07 53 51.94439716   09 24 19.7648776  0.00000436 0.0001355  -0.335  59352.5 58756.7 59971.0      5    410      0751+095
ICRF J075353.2+214601  0750+218     07 53 53.28993797   21 46 01.7417282  0.00000485 0.0001472  -0.183  59821.9 59508.8 60203.4      5    390      0750+218
ICRF J075415.2+532456  0750+535     07 54 15.21757905   53 24 56.4434832  0.00002309 0.0002115  -0.357  58934.6 58158.9 59926.0      6    358      0750+535
ICRF J075419.5+251034  0751+253     07 54 19.55453912   25 10 34.7382517  0.00002067 0.0004264  -0.214  59397.0 58621.5 60203.4      6    345      0751+253
ICRF J075426.4-114716  0752-116     07 54 26.45643271  -11 47 16.9488405  0.00000248 0.0000873   0.095  56884.0 53133.5 58921.9      5    372      0752-116
ICRF J075437.0+391047  0751+393     07 54 37.06931555   39 10 47.7953008  0.00002684 0.0004509  -0.522  58283.3 57406.7 60530.8      6    246      0751+393
ICRF J075441.5-384237  0752-385     07 54 41.56482265  -38 42 37.0497316  0.00003700 0.0016929  -0.096  58640.4 57011.1 60448.8     11    198      0752-385
ICRF J075445.4+714056  0749+718     07 54 45.49916673   71 40 56.7356415  0.00001860 0.0001075   0.061  58776.1 58158.9 59693.1      5    450      0749+718
ICRF J075445.6+482350  0751+485     07 54 45.67051464   48 23 50.7481248  0.00000437 0.0000527   0.027  56916.9 50305.3 58631.3      5    545      0751+485
ICRF J075448.8+303355  0751+306     07 54 48.85143927   30 33 55.0221215  0.00000556 0.0001170  -0.167  60175.0 59867.7 60406.0      4    366      0751+306
ICRF J075521.6+631235  0750+633     07 55 21.64085039   63 12 35.7151602  0.00000947 0.0000781  -0.045  57982.5 54942.7 58512.3      5    564      0750+633
ICRF J075523.1-423958  0753-425     07 55 23.17227581  -42 39 58.3034505  0.00002522 0.0009292  -0.465  58951.4 55370.8 60472.1     11    202      0753-425
ICRF J075528.9+232925  0752+236     07 55 28.91977791   23 29 25.7134383  0.00001066 0.0002559  -0.075  59364.0 58621.5 60203.4      6    422      0752+236
ICRF J075537.0+254239  0752+258     07 55 37.03270486   25 42 39.0230357  0.00001033 0.0003046  -0.262  58533.9 57645.8 59320.9      9    350      0752+258
ICRF J075626.4+132541  0753+135     07 56 26.44338172   13 25 41.2388345  0.00000418 0.0001243  -0.261  58815.5 58300.8 59522.9      4    375      0753+135
ICRF J075650.6-154205  0754-155     07 56 50.69896207  -15 42 05.4369729  0.00000336 0.0001162   0.169  57078.0 53502.7 58921.9      5    349      0754-155
ICRF J075654.6+634759  0752+639     07 56 54.61037720   63 47 59.0356714  0.00000904 0.0000875   0.111  56642.5 49826.5 58530.3      5    527      0752+639
ICRF J075659.5+515100  0753+519     07 56 59.54315781   51 51 00.2381213  0.00000744 0.0000823   0.150  58521.4 49576.0 60834.1      7    629      0753+519
ICRF J075706.6+095634  0754+100     07 57 06.64295494   09 56 34.8522970  0.00000093 0.0000212   0.017  55417.2 45996.8 60704.8     85   3503      0754+100
ICRF J075714.0-735309  0758-737     07 57 14.07713462  -73 53 09.3716902  0.00002922 0.0000917  -0.012  57239.5 56677.3 58989.8     26    421      0758-737
ICRF J075738.0+252812  0754+256     07 57 38.07102552   25 28 12.7287885  0.00000783 0.0001852   0.040  59861.1 59522.9 60162.4      6    456      0754+256
ICRF J075744.6+611032  0753+613     07 57 44.69322375   61 10 32.7624168  0.00001335 0.0000998  -0.278  59513.2 58456.2 60259.3      6    579      0753+613
ICRF J075807.6+113646  0755+117     07 58 07.65786055   11 36 46.0473645  0.00000475 0.0001327  -0.220  57517.1 49913.7 58644.9      5    413      0755+117
ICRF J075828.0+082709  0755+085     07 58 28.04393306   08 27 09.0314618  0.00000583 0.0001800  -0.468  58304.7 56833.8 59560.6      5    475      0755+085
ICRF J075828.1+374711  0755+379     07 58 28.10811270   37 47 11.8080155  0.00000599 0.0000923  -0.195  57125.7 51245.6 58644.9      8    467      NGC2484 
ICRF J080012.7-230250  0758-229     08 00 12.79089875  -23 02 50.5366019  0.00000643 0.0002364  -0.312  57542.6 53522.9 58794.6      5    266      0758-229
ICRF J080024.2-395917  0758-398     08 00 24.26967663  -39 59 17.6084794  0.00004010 0.0019486   0.126  57961.1 52305.8 60472.1     13    225      0758-398
ICRF J080036.0+501044  0756+503     08 00 36.01468452   50 10 44.2890614  0.00001566 0.0002336   0.446  60116.1 59926.0 60497.5      4    258      0756+503
ICRF J080100.4+115323  0758+120     08 01 00.48292794   11 53 23.5874529  0.00006518 0.0010213  -0.658  58962.1 57868.7 60675.9     11    221      0758+120
ICRF J080101.4+740822  0755+742     08 01 01.45007658   74 08 22.5341487  0.00001828 0.0000722   0.239  59685.1 58856.7 60152.8      6    550      0755+742
ICRF J080108.2+440110  0757+441     08 01 08.27617716   44 01 10.1559634  0.00000359 0.0000587   0.011  57222.2 53572.0 58631.3      5    473      0757+441
ICRF J080125.9-333619  0759-334     08 01 25.95249385  -33 36 19.8965235  0.00001946 0.0006626  -0.092  57755.1 52305.8 60485.9      9    237      0759-334
ICRF J080131.9+473616  0757+477     08 01 31.96563884   47 36 16.0630065  0.00002150 0.0002279  -0.363  58129.6 57722.8 58634.5      5    286      0757+477
ICRF J080146.4-283106  0759-283     08 01 46.49390274  -28 31 06.8712760  0.00000874 0.0003194  -0.270  58061.3 53125.1 60554.7      7    310      0759-283
ICRF J080205.9-104216  0759-105     08 02 05.92876076  -10 42 16.7168629  0.00000317 0.0001119   0.005  60171.1 59875.5 60472.1      4    434      0759-105
ICRF J080224.5+592134  0758+594     08 02 24.59280745   59 21 34.7963944  0.00001445 0.0001413   0.397  57710.4 49576.0 58512.3      5    356      0758+594
ICRF J080227.6-381053  0800-380     08 02 27.60470666  -38 10 53.0681209  0.00003530 0.0013069  -0.637  58741.3 56161.8 60472.1     10    193      0800-380
ICRF J080231.1-175144  0800-177     08 02 31.10801638  -17 51 44.4791616  0.00003110 0.0006518   0.301  60139.4 59875.5 60530.8      4    154      0800-177
ICRF J080241.5+250910  0759+252     08 02 41.58742703   25 09 10.8981951  0.00000293 0.0000689   0.085  58810.5 50218.8 60715.1     12    990      0759+252
ICRF J080248.0+180949  0759+183  D  08 02 48.03197099   18 09 49.2494046  0.00000074 0.0000165  -0.092  57765.0 50084.5 60772.7    214   7158      0759+183
ICRF J080339.3-080521  0801-079     08 03 39.30689964  -08 05 21.3906457  0.00000386 0.0001339  -0.006  57419.1 53559.8 58942.4      5    364      0801-079
ICRF J080352.1+640314  0759+641     08 03 52.15938414   64 03 14.3730466  0.00000669 0.0000518  -0.134  58942.2 49826.5 60799.7      7    642      0759+641
ICRF J080356.4+042102  0801+044     08 03 56.44443888   04 21 02.7402115  0.00000289 0.0000965  -0.273  57550.9 49913.7 58644.9      5    450      0801+044
ICRF J080407.5+101213  0801+103     08 04 07.58101197   10 12 13.2384878  0.00000383 0.0001206  -0.235  58657.1 56833.8 60675.9      6    572      0801+103
ICRF J080433.7-171204  0802-170     08 04 33.71496376  -17 12 03.8764895  0.00000694 0.0002457   0.054  58008.4 53560.9 60118.4      6    255      0802-170
ICRF J080451.4-274911  0802-276     08 04 51.45121062  -27 49 11.3214884  0.00000359 0.0001279  -0.029  57629.7 50687.3 60554.7      8    529      0802-276
ICRF J080508.5+112157  0802+115     08 05 08.50564384   11 21 57.1904096  0.00000434 0.0001266  -0.329  57519.9 53572.0 58669.6      5    467      0802+115
ICRF J080512.8-011113  0802-010  D  08 05 12.88847946  -01 11 13.7954096  0.00000130 0.0000264  -0.002  59193.5 50575.3 60683.7     35   2025      0802-010
ICRF J080518.1+614423  0800+618  D  08 05 18.17956021   61 44 23.7005564  0.00000067 0.0000055  -0.055  57351.8 52408.7 60856.7    746  55243      0800+618
ICRF J080538.5+210651  0802+212     08 05 38.53424308   21 06 51.5924611  0.00000299 0.0000687  -0.287  56884.8 50084.5 58899.4      9    645      0802+212
ICRF J080550.6+741028  0759+743     08 05 50.61067763   74 10 28.2953306  0.00002612 0.0001082   0.271  59653.7 58856.7 60203.4      6    480      0759+743
ICRF J080608.7-045411  0803-047     08 06 08.78575152  -04 54 11.3401927  0.00001063 0.0004227  -0.201  58840.8 56105.8 60442.8      8    304      0803-047
ICRF J080612.7-265233  0804-267  D  08 06 12.72261695  -26 52 33.3084280  0.00000319 0.0000923  -0.017  58917.4 50631.3 60611.7     62   2117      0804-267
ICRF J080624.9-172444  0804-172     08 06 24.96574324  -17 24 44.3355931  0.00000834 0.0002904  -0.254  57466.1 53560.9 58921.9      5    287      0804-172
ICRF J080625.9+593106  0802+596     08 06 25.94870124   59 31 06.9095466  0.00004359 0.0003942  -0.509  58805.0 57784.7 60448.8      7    304      0802+596
ICRF J080633.4-291134  0804-290     08 06 33.44519425  -29 11 34.9003529  0.00000965 0.0003229  -0.314  57278.8 53133.5 58803.0      5    258      0804-290
ICRF J080633.4+450432  0803+452     08 06 33.47254997   45 04 32.2728400  0.00000407 0.0000595   0.124  56841.2 50305.3 58634.5      5    414      0803+452
ICRF J080634.0-711215  0806-710     08 06 34.09410759  -71 12 15.7445243  0.00007921 0.0005106   0.507  54335.7 52886.6 54456.4      2     13      0806-710
ICRF J080637.4+774607  0759+779     08 06 37.40631307   77 46 07.2677735  0.00002842 0.0000854  -0.116  57933.0 53789.1 59586.9      6    538      0759+779
ICRF J080644.7-351941  0804-351     08 06 44.76640604  -35 19 41.4515550  0.00001236 0.0004431   0.024  58537.4 52305.8 60472.1     10    285      0804-351
ICRF J080701.0+511738  0803+514     08 07 01.01355751   51 17 38.6766823  0.00000615 0.0000785   0.209  57062.7 49576.0 60834.1      7    710      0803+514
ICRF J080705.3-153125  0804-153     08 07 05.30896674  -15 31 25.3812371  0.00000775 0.0002788  -0.285  57306.3 54558.7 58942.4      5    287      0804-153
ICRF J080709.6-054113  0804-055     08 07 09.61758478  -05 41 13.9154425  0.00000357 0.0001287   0.007  57508.5 50575.3 60314.3      6    635      0804-055
ICRF J080735.9-120743  0805-119     08 07 35.99888472  -12 07 43.7147382  0.00000359 0.0001256   0.088  58838.0 50575.3 60710.7      7    557      0805-119
ICRF J080738.5+135217  0804+140     08 07 38.50488643   13 52 17.3616953  0.00000373 0.0001218  -0.128  57105.4 53125.1 58669.6      5    431      0804+140
ICRF J080756.7+070840  0805+072     08 07 56.76179958   07 08 40.1970254  0.00000424 0.0001288  -0.145  58185.4 56994.8 60675.9      6    559      0805+072
ICRF J080757.5+043234  0805+046     08 07 57.53850200   04 32 34.5312506  0.00000251 0.0000576  -0.084  56676.7 49913.7 59484.7     54   1581      0805+046
ICRF J080815.5-075109  0805-077     08 08 15.53603690  -07 51 09.8865975  0.00000164 0.0000358  -0.148  54480.3 47175.5 59190.8     57   1182      0805-077
ICRF J080816.4+731511  0802+733     08 08 16.49152836   73 15 11.9898089  0.00001205 0.0000479   0.068  57012.7 49826.5 58712.2      5    534      0802+733
ICRF J080821.2+125348  0805+130     08 08 21.21392656   12 53 48.0610967  0.00000352 0.0000960  -0.113  59946.1 59560.6 60442.8      5    469      0805+130
ICRF J080836.7+264636  0805+269     08 08 36.76491847   26 46 36.7397587  0.00000430 0.0000837  -0.004  57981.4 50218.8 58871.4      6    506      0805+269
ICRF J080839.6+495036  0804+499  D  08 08 39.66628916   49 50 36.5304019  0.00000042 0.0000047  -0.093  52389.5 44342.5 60834.1   1708 103439      0804+499
ICRF J080856.6+405244  0805+410  D  08 08 56.65204522   40 52 44.8889486  0.00000040 0.0000059   0.022  55541.3 48719.9 60849.7   1012  45267      0805+410
ICRF J080900.6-031140  0806-030     08 09 00.61995022  -03 11 40.3230543  0.00001889 0.0005665  -0.422  60336.7 60276.7 60395.7      2    123      0806-030
ICRF J080907.3-153246  0806-153     08 09 07.39192758  -15 32 46.8744296  0.00000803 0.0002838  -0.258  57843.3 54558.7 58942.4      7    278      0806-153
ICRF J080913.4+312222  0806+315     08 09 13.44438693   31 22 22.9143851  0.00002188 0.0004660  -0.342  58483.9 57274.7 60425.9      6    195      0806+315
ICRF J080938.8+345537  0806+350     08 09 38.88675273   34 55 37.2652618  0.00000742 0.0001711  -0.084  60212.2 60097.9 60425.9      3    246      0806+350
ICRF J080941.7+534125  0805+538     08 09 41.73275522   53 41 25.0932097  0.00000480 0.0000519  -0.056  58312.3 57098.3 59522.9      5    586      0805+538
ICRF J080949.1+521858  0806+524     08 09 49.18671930   52 18 58.2508342  0.00000718 0.0000724   0.010  59145.0 53559.8 60834.1      8    820      0806+524
ICRF J081026.4+101040  0807+103     08 10 26.42387071   10 10 40.9995848  0.00000987 0.0002604  -0.210  57699.4 53560.9 58677.2      5    327      0807+103
ICRF J081041.3+081000  0807+083     08 10 41.36636835   08 10 00.3145361  0.00000828 0.0002990  -0.325  58089.5 57575.8 58644.9      4    266      0807+083
ICRF J081057.4-132156  0808-132     08 10 57.42021278  -13 21 56.4533949  0.00001547 0.0006015  -0.348  58652.1 56878.0 60485.9      9    285      0808-132
ICRF J081058.9+413402  0807+417     08 10 58.99421604   41 34 02.8069007  0.00000463 0.0000771  -0.254  57336.1 50241.8 60623.9      6    472      0807+417
ICRF J081100.6+571412  0806+573     08 11 00.60926366   57 14 12.4947600  0.00000553 0.0000481  -0.110  57088.1 49576.0 58540.2      5    432      0806+573
ICRF J081100.9+214137  0808+218     08 11 00.93620442   21 41 37.1170155  0.00001111 0.0003145  -0.238  59219.5 58631.3 59894.2      5    320      0808+218
ICRF J081105.6+042017  0808+044     08 11 05.62607107   04 20 17.4471652  0.00007434 0.0016156   0.504  60170.2 59693.1 60442.8      4     80      0808+044
ICRF J081108.8-492943  0809-493     08 11 08.80306637  -49 29 43.5063166  0.00023110 0.0018675   0.527  55183.2 48043.0 59866.8      9     31      0809-493
ICRF J081126.7+014652  0808+019  D  08 11 26.70731670   01 46 52.2201339  0.00000036 0.0000060  -0.022  56948.9 46976.9 60818.8    837  33393      0808+019
ICRF J081209.3+162922  0809+166     08 12 09.30067401   16 29 22.5040476  0.00000790 0.0002131  -0.306  59278.2 58631.3 59894.2      5    340      0809+166
ICRF J081228.5-181042  0810-180     08 12 28.51592482  -18 10 42.8141048  0.00000478 0.0001658   0.338  57089.9 50631.3 60118.4      7    408      0810-180
ICRF J081247.7+252242  0809+255     08 12 47.78254229   25 22 42.0023794  0.00002120 0.0003246  -0.029  59566.4 58136.6 60770.3      8    390      0809+255
ICRF J081253.1+401859  0809+404     08 12 53.12479609   40 18 59.8718445  0.00039076 0.0039472  -0.338  60180.0 59816.3 60623.9      5     27      0809+404
ICRF J081303.8+254211  0810+258     08 13 03.83404008   25 42 11.0316270  0.00000221 0.0000480  -0.095  58784.1 50218.8 60770.3      9    812      0810+258
ICRF J081325.9+230342  0810+232     08 13 25.99133085   23 03 42.9803202  0.00001527 0.0003039  -0.007  59170.8 58631.3 59894.2      5    259      0810+232
ICRF J081347.0+150301  0810+152     08 13 47.05234044   15 03 01.3680724  0.00001051 0.0003240  -0.542  59281.8 58631.3 59926.0      5    331      0810+152
ICRF J081347.1+243559  0810+247     08 13 47.13776204   24 35 59.1499210  0.00000429 0.0000976  -0.437  56542.7 50084.5 58681.8      7    401      0810+247
ICRF J081350.9-113137  0811-113     08 13 50.95478641  -11 31 37.7653507  0.00003465 0.0011562   0.456  60117.2 59631.6 60602.5      5     49      0811-113
ICRF J081407.9-180626  0811-179     08 14 07.90077813  -18 06 26.0546241  0.00000702 0.0002418   0.042  58238.7 53572.0 60135.7      6    397      0811-179
ICRF J081432.1+560956  0810+563     08 14 32.11614566   56 09 56.6877074  0.00004750 0.0002907  -0.187  58181.8 57784.7 58540.2      6    251      0810+563
ICRF J081439.1+643122  0810+646     08 14 39.19033364   64 31 22.0261545  0.00000726 0.0000539  -0.040  58876.2 56817.4 60834.1      7    638      0810+646
ICRF J081455.1-252143  0812-252     08 14 55.13021335  -25 21 43.9244154  0.00001970 0.0006060  -0.139  57955.0 50631.3 60602.5     11    327      0812-252
ICRF J081522.9+015459  0812+020     08 15 22.96082914   01 54 59.4808649  0.00000226 0.0000371  -0.147  57230.5 54124.8 60500.7     47   1552      0812+020
ICRF J081525.9+363515  0812+367     08 15 25.94486248   36 35 15.1487620  0.00000075 0.0000117  -0.039  57859.3 45774.8 60824.8    158   8689      0812+367
ICRF J081529.4+095440  0812+100     08 15 29.47301344   09 54 40.6990616  0.00000537 0.0001715  -0.114  57708.2 53133.5 58644.9      5    410      0812+100
ICRF J081623.8+573909  0812+578     08 16 22.72745947   57 39 09.1374426  0.00001196 0.0001053  -0.010  60227.0 60084.1 60472.1      3    481      0812+578
ICRF J081640.4-242106  0814-241     08 16 40.41236164  -24 21 06.5708183  0.00000329 0.0001216  -0.069  57586.5 53125.1 59280.1      7    518      0814-241
ICRF J081705.4+195842  0814+201     08 17 05.49327994   19 58 42.8984509  0.00001753 0.0003179   0.483  58647.0 58326.5 58942.4      5    251      0814+201
ICRF J081710.5+235223  0814+240     08 17 10.54770334   23 52 23.9531698  0.00000257 0.0000617  -0.253  58839.9 53559.8 60770.3     11    832      0814+240
ICRF J081727.4-030737  0814-029     08 17 27.48597450  -03 07 37.3115402  0.00000662 0.0002155  -0.087  58237.7 50575.3 60314.3      6    524      0814-029
ICRF J081728.5+322702  0814+326     08 17 28.54233772   32 27 02.9271643  0.00000631 0.0001057  -0.188  57554.4 50218.8 58644.9      5    386      0814+326
ICRF J081735.0+223717  0814+227     08 17 35.07396613   22 37 17.7635948  0.00001279 0.0004104  -0.430  59229.6 58634.5 59926.0      5    289      0814+227
ICRF J081741.0+553733  0813+557     08 17 41.01996268   55 37 33.2830722  0.00000708 0.0000656  -0.222  57102.3 53133.5 58540.2      5    475      0813+557
ICRF J081749.7-093330  0815-094     08 17 49.74947030  -09 33 30.5272538  0.00000385 0.0001421  -0.081  57451.5 53560.9 58512.3      5    432      0815-094
ICRF J081758.8-293631  0815-294     08 17 58.85026306  -29 36 31.4202547  0.00000884 0.0002938  -0.031  57059.8 53502.7 58829.4      5    284      0815-294
ICRF J081815.9+422245  0814+425     08 18 15.99961518   42 22 45.4148759  0.00000042 0.0000053  -0.042  58190.8 44342.5 60856.7    524  50622      0814+425
ICRF J081856.2+051737  0816+054     08 18 56.23685636   05 17 37.2647376  0.00000349 0.0001173  -0.171  56739.0 53125.1 60675.9      7    749      0816+054
ICRF J081902.3+322637  0815+326     08 19 02.32857238   32 26 37.2155970  0.00000431 0.0000864  -0.247  57650.8 50218.8 58644.9      5    443      0815+326
ICRF J081918.8+274730  0816+279     08 19 18.85569890   27 47 30.6893093  0.00000293 0.0000683  -0.169  58684.1 53572.0 60770.3      7    712      0816+279
ICRF J081924.3+810533  0810+812     08 19 24.30288579   81 05 33.1664231  0.00018281 0.0004063   0.569  58407.3 57427.7 60675.9      6    376      0810+812
ICRF J081936.6-063048  0817-063     08 19 36.64752779  -06 30 48.1683598  0.00000542 0.0001793   0.402  59211.1 53522.9 60760.8      9    699      0817-063
ICRF J081950.5+753839  0813+758     08 19 50.51893621   75 38 39.5642884  0.00010696 0.0002458   0.245  58203.0 57427.7 59508.8      5    295      0813+758
ICRF J082020.1+364004  0817+368     08 20 20.18919266   36 40 04.4617547  0.00002034 0.0004068  -0.074  60578.2 60530.8 60623.9      2    110      0817+368
ICRF J082057.4-125859  0818-128  D  08 20 57.44760940  -12 58 59.1691198  0.00000139 0.0000253   0.071  58040.9 47511.2 60856.7     87   3146      0818-128
ICRF J082107.6+310751  0818+312     08 21 07.61354673   31 07 51.1479750  0.00000488 0.0001071  -0.060  60137.9 59867.7 60425.9      4    320      0818+312
ICRF J082117.9-262459  0819-262     08 21 17.96578532  -26 24 59.0144436  0.00005494 0.0017657   0.556  60067.0 59440.3 60485.9      5     90      0819-262
ICRF J082120.5-580018  0820-578     08 21 20.52740815  -58 00 18.7516460  0.00002742 0.0005172   0.519  56921.2 54722.8 58701.7      3     16      0820-578
ICRF J082140.0-032312  0819-032     08 21 40.03763285  -03 23 12.5391193  0.00000519 0.0001654   0.087  57589.5 50575.3 58512.3      5    363      0819-032
ICRF J082214.4+253832  0819+258     08 22 14.45456455   25 38 32.4620194  0.00002640 0.0005046  -0.466  59406.0 58158.9 60770.3     10    383      0819+258
ICRF J082257.5+404149  0819+408     08 22 57.55594816   40 41 49.7669142  0.00000408 0.0000760   0.146  56528.5 50241.8 58634.5      5    411      0819+408
ICRF J082324.7+222303  0820+225     08 23 24.75918530   22 23 03.2886333  0.00000301 0.0000772   0.039  56513.0 50084.5 58942.4      7    430      0820+225
ICRF J082341.1+292828  0820+296     08 23 41.13195305   29 28 28.1996816  0.00000251 0.0000519  -0.121  57717.2 50218.8 58899.4      5    473      0820+296
ICRF J082352.0-093925  0821-094     08 23 52.02354664  -09 39 25.9153211  0.00000971 0.0003163   0.113  57754.5 53551.8 58512.3      5    375      0821-094
ICRF J082404.0-182740  0821-182     08 24 04.06606470  -18 27 40.8379904  0.00000446 0.0001521   0.256  57877.7 53559.8 60135.7      6    460      0821-182
ICRF J082433.0+243843  0821+248     08 24 33.00931073   24 38 43.1159568  0.00000288 0.0000720  -0.230  57038.2 50084.5 60799.7     11    840      0821+248
ICRF J082439.0+405707  0821+411     08 24 39.00235515   40 57 07.7628915  0.00001175 0.0001964  -0.216  58745.4 57274.7 60675.9      6    373      0821+411
ICRF J082447.2+555242  0820+560     08 24 47.23636317   55 52 42.6693727  0.00000192 0.0000153  -0.080  51391.2 46976.9 60602.5     87   4847      0820+560
ICRF J082449.2-242852  0822-243     08 24 49.26007080  -24 28 52.5544326  0.00000860 0.0002980   0.359  57586.8 53560.9 58829.4      5    306      0822-243
ICRF J082451.6-152745  0822-152     08 24 51.62149769  -15 27 45.9153392  0.00000371 0.0001335   0.030  58396.2 54087.1 60135.7      6    362      0822-152
ICRF J082455.4+391641  0821+394     08 24 55.48385821   39 16 41.9040579  0.00000045 0.0000063  -0.067  58272.2 48193.8 60852.8    494  27744      0821+394
ICRF J082504.7+083111  0822+086     08 25 04.77633258   08 31 11.0910133  0.00000529 0.0001561  -0.071  57658.5 53572.0 58669.6      5    434      0822+086
ICRF J082511.8+133232  0822+137     08 25 11.89094565   13 32 32.5385527  0.00000287 0.0000924   0.037  54524.6 50084.5 60118.4      8    558      0822+137
ICRF J082526.8-501038  0823-500     08 25 26.86884072  -50 10 38.4891543  0.00004548 0.0004481  -0.289  53865.0 48161.5 58884.8     12     60      0823-500
ICRF J082538.6+615728  0821+621     08 25 38.61218597   61 57 28.5793289  0.00000642 0.0000397   0.219  51861.9 49421.9 59016.7     21   1182      0821+621
ICRF J082550.3+030924  0823+033     08 25 50.33835795   03 09 24.5199694  0.00000026 0.0000070   0.024  54020.1 45465.3 60852.8   2213  82392      0823+033
ICRF J082551.3-321823  0823-321     08 25 51.37264038  -32 18 23.2340380  0.00000534 0.0001912   0.016  57617.8 53152.3 58803.0      5    337      0823-321
ICRF J082601.5-223027  0823-223     08 26 01.57293813  -22 30 27.2031752  0.00000310 0.0000766  -0.260  57190.5 46874.8 60849.7    117   1463      0823-223
ICRF J082654.4+125702  0824+131     08 26 54.47545070   12 57 02.0953040  0.00000549 0.0001785  -0.410  58790.6 58326.5 59378.0      8    453      0824+131
ICRF J082706.5+105224  0824+110     08 27 06.51265809   10 52 24.1522857  0.00000404 0.0001188  -0.057  58798.0 56817.4 60715.1      7    492      0824+110
ICRF J082738.5+352505  0824+355     08 27 38.58825431   35 25 05.0778723  0.00000406 0.0000677  -0.147  57860.9 50241.8 60675.9      8    665      0824+355
ICRF J082753.6+521758  0824+524     08 27 53.69814814   52 17 58.2964092  0.00000541 0.0000560  -0.137  57288.8 49576.0 58540.2      5    443      0824+524
ICRF J082804.7-373106  0826-373  D  08 28 04.78023314  -37 31 06.2815478  0.00000093 0.0000175   0.128  57433.0 47510.2 60799.7    265   9980      0826-373
ICRF J082836.3+504826  0824+509     08 28 36.39266368   50 48 26.5228824  0.00001056 0.0001324   0.012  58201.8 57098.3 59508.8      5    436      0824+509
ICRF J082904.8+175415  0826+180     08 29 04.82863040   17 54 15.8639628  0.00000883 0.0002216  -0.369  58553.8 54087.1 60448.8      6    317      0826+180
ICRF J082930.3+085821  0826+091     08 29 30.31900434   08 58 21.2877002  0.00000652 0.0002265  -0.265  59926.9 59586.9 60448.8      6    287      0826+091
ICRF J082931.3+212307  0826+215     08 29 31.39099345   21 23 07.4250892  0.00001076 0.0002757  -0.126  59710.2 58644.9 60448.8      6    299      0826+215
ICRF J082935.5+401859  0826+404     08 29 35.57610042   40 18 59.2739294  0.00001173 0.0001952   0.033  57892.8 56833.8 58644.9      4    263      0826+404
ICRF J083028.4+112326  0827+115     08 30 28.44150324   11 23 26.0863135  0.00000515 0.0001511   0.028  59858.8 59586.9 60118.4      5    398      0827+115
ICRF J083038.2-024240  0828-025     08 30 38.21504044  -02 42 40.6177855  0.00003366 0.0008682  -0.158  60256.9 59875.5 60448.8      3    148      0828-025
ICRF J083049.7-063619  0828-064     08 30 49.74406750  -06 36 19.9913354  0.00000501 0.0001911  -0.238  58341.5 56878.0 60623.9      6    511      0828-064
ICRF J083052.0+241059  0827+243     08 30 52.08619557   24 10 59.8202367  0.00000046 0.0000071  -0.071  57500.1 47284.7 60807.7    420  21829      0827+243
ICRF J083056.1+062412  0828+065     08 30 56.15988923   06 24 12.8738206  0.00001244 0.0003393  -0.459  58319.4 57575.8 59586.9      5    388      0828+065
ICRF J083108.5+062151  0828+06A     08 31 08.51362040   06 21 51.5618381  0.00000783 0.0002575  -0.058  60112.0 59693.1 60448.8      4    286      0828+06A
ICRF J083109.1-222826  0828-222     08 31 09.14896363  -22 28 26.8012546  0.00000858 0.0002828   0.060  58652.9 54277.7 60602.5      7    366      0828-222
ICRF J083121.4+075545  0828+080     08 31 21.41884213   07 55 45.6589539  0.00003956 0.0007268   0.100  60092.2 59707.7 60448.8      4    140      0828+080
ICRF J083148.8+042939  0829+046     08 31 48.87695902   04 29 39.0858149  0.00000168 0.0000382   0.054  53335.7 48648.8 60203.4     41   1655      0829+046
ICRF J083155.0+084743  0829+089  D  08 31 55.09150218   08 47 43.6518991  0.00000378 0.0000968   0.123  59181.5 55846.8 60715.1     42   2232      0829+089
ICRF J083157.7+703536  0826+707     08 31 57.75820026   70 35 36.2534587  0.00001506 0.0000737   0.028  59593.4 58602.7 60203.4      6    429      0826+707
ICRF J083212.1-005919  0829-008     08 32 12.18568932  -00 59 19.4657329  0.00001172 0.0004111   0.543  59995.4 59405.2 60448.8      6    191      0829-008
ICRF J083216.0+183212  0829+187     08 32 16.04030106   18 32 12.1332001  0.00000592 0.0001263   0.116  56293.9 50084.5 58868.4      7    462      0829+187
ICRF J083223.2+491321  0828+493     08 32 23.21674352   49 13 21.0383466  0.00000284 0.0000320   0.089  54626.8 44342.5 60683.7     38   1531      0828+493
ICRF J083238.4+104019  0829+108     08 32 38.47719026   10 40 19.6540732  0.00000499 0.0001421  -0.269  57115.7 49913.7 58677.2      5    397      0829+108
ICRF J083249.3+155408  0830+160     08 32 49.39707410   15 54 08.6229001  0.00000330 0.0000834  -0.198  57595.0 53559.8 58681.8      7    552      0830+160
ICRF J083314.3+112336  0830+115     08 33 14.36672664   11 23 36.2359435  0.00000414 0.0001126   0.212  56855.8 49913.7 58669.6      6    625      0830+115
ICRF J083318.9+035032  0830+040     08 33 18.91299121   03 50 32.3516226  0.00000323 0.0001164  -0.187  57141.0 49913.7 58677.2      5    441      0830+040
ICRF J083322.3-444138  0831-445     08 33 22.31577232  -44 41 38.7100890  0.00010333 0.0026114  -0.032  57679.7 48043.0 60485.9     16    119      VELA-G  
ICRF J083336.8+213144  0830+217     08 33 36.88495424   21 31 44.7140570  0.00001364 0.0004020  -0.162  59019.8 58510.3 60448.8      6    248      0830+217
ICRF J083353.8+422401  0830+425     08 33 53.88537176   42 24 01.8504303  0.00000295 0.0000488  -0.058  58331.5 50241.8 60675.9      7    729      0830+425
ICRF J083417.5+601947  0830+605     08 34 17.54605802   60 19 47.0668918  0.00000745 0.0000564  -0.088  56850.0 49576.0 58530.3      5    416      0830+605
ICRF J083444.1-224112  0832-225     08 34 44.19799223  -22 41 12.8117142  0.00002278 0.0007847  -0.010  58403.1 56497.8 60314.3      9    225      0832-225
ICRF J083454.9+553421  0831+557     08 34 54.90397837   55 34 21.0703499  0.00001077 0.0000841   0.050  53514.6 47930.6 58551.2     26    814      0831+557
ICRF J083458.2+440338  0831+442     08 34 58.20004952   44 03 38.1405122  0.00000656 0.0001129   0.070  58656.5 58326.5 59508.8      5    436      0831+442
ICRF J083517.9-170204  0833-168     08 35 17.86406985  -17 02 05.9595413  0.00002929 0.0011594  -0.027  59879.4 58381.5 60323.7      7     57      0833-168
ICRF J083520.6-451035  0833-450     08 35 20.50242792  -45 10 34.1585076  0.00001807 0.0006484  -0.136  59923.8 48043.0 60799.7     24    329      0833-450
ICRF J083541.9-200927  0833-199     08 35 41.99279681  -20 09 27.0087168  0.00006202 0.0015180   0.030  60154.9 59707.7 60323.7      4    129      0833-199
ICRF J083543.8+664020  0831+668     08 35 43.86304970   66 40 20.7330820  0.00001520 0.0000988  -0.067  59616.7 58602.7 60295.4      6    501      0831+668
ICRF J083547.6+683511  0830+687     08 35 47.60878916   68 35 11.4903735  0.00001684 0.0000862  -0.239  57767.1 55775.7 58540.2      5    392      0830+687
ICRF J083615.7+005300  0833+010     08 36 15.79126783   00 53 00.0035889  0.00000360 0.0001237  -0.201  57554.3 55740.7 58677.2      5    456      0833+010
ICRF J083616.2+213903  0833+218     08 36 16.21688597   21 39 03.5804546  0.00000366 0.0000879  -0.241  58570.7 54087.1 60799.7      8    762      0833+218
ICRF J083622.8+272852  0833+276     08 36 22.88866277   27 28 52.5333449  0.00000300 0.0000591  -0.021  57127.2 50218.8 58921.9      5    499      0833+276
ICRF J083636.8+412554  0833+416     08 36 36.89265628   41 25 54.7117185  0.00000484 0.0000830  -0.149  56907.3 50241.8 58669.6      5    418      0833+416
ICRF J083639.2-201659  0834-201  D  08 36 39.21525265  -20 16 59.5043104  0.00000051 0.0000093   0.143  57833.0 46839.8 60781.8   1011  32558      0834-201
ICRF J083646.3+235531  0833+240     08 36 46.30952745   23 55 31.6414140  0.00001139 0.0002376  -0.196  59216.7 58203.3 60799.7      7    534      0833+240
ICRF J083650.7-223310  0834-223     08 36 50.76881588  -22 33 10.0883447  0.00000792 0.0002834   0.102  57053.9 50631.3 58871.4      7    316      0834-223
ICRF J083700.3-340914  0835-339     08 37 00.31666900  -34 09 14.8596913  0.00000495 0.0001760  -0.003  57789.5 53977.8 59378.0      9    476      0835-339
ICRF J083722.4+582501  0833+585     08 37 22.40967953   58 25 01.8449457  0.00000298 0.0000245   0.018  52891.6 46976.9 58551.2     37   1523      0833+585
ICRF J083740.2+245423  0834+250  D  08 37 40.24568891   24 54 23.1214744  0.00000092 0.0000177  -0.187  58833.9 50218.8 60799.7    107   6262      0834+250
ICRF J083811.0-383649  0836-384     08 38 11.01504984  -38 36 49.6656042  0.00001197 0.0004068   0.035  58492.9 56203.8 60485.9     10    275      0836-384
ICRF J083906.9+192148  0836+195     08 39 06.94389182   19 21 48.6848106  0.00000923 0.0003124  -0.075  59314.0 58510.3 60472.1      6    310      0836+195
ICRF J083910.8+200207  0836+202     08 39 10.89918384   20 02 07.3352856  0.00000631 0.0001603  -0.066  60077.9 59631.6 60472.1      4    330      0836+202
ICRF J083915.8+285038  0836+290     08 39 15.82767429   28 50 38.8025329  0.00000414 0.0001026  -0.088  58067.4 51296.8 59816.3      7    579      0836+290
ICRF J083930.7+180247  0836+182     08 39 30.72135204   18 02 47.1427791  0.00000576 0.0001558  -0.529  55455.1 50084.5 58677.2      9    620      0836+182
ICRF J083949.1+031953  0837+035     08 39 49.19587363   03 19 53.8594519  0.00000387 0.0001143  -0.254  56076.3 49913.7 58677.2      5    465      0837+035
ICRF J083949.6+010426  0837+012     08 39 49.61102657   01 04 26.7367506  0.00000287 0.0000887   0.123  55948.5 49913.7 58677.2      5    509      0837+012
ICRF J083950.5-121434  0837-120     08 39 50.58295234  -12 14 34.3264324  0.00000382 0.0001297  -0.003  60100.4 59642.1 60485.9      4    378      0837-120
ICRF J083956.5+422755  0836+426     08 39 56.56132509   42 27 55.8148839  0.00000773 0.0001128  -0.001  56578.3 50241.8 58669.6      5    427      0836+426
ICRF J084047.5+131223  0838+133     08 40 47.58842306   13 12 23.5637735  0.00000168 0.0000439  -0.147  57628.9 52408.7 59320.9     10    807      0838+133
ICRF J084047.6-091049  0838-090     08 40 47.66441672  -09 10 49.5903031  0.00001217 0.0003720   0.312  58099.7 57575.8 58530.3      5    354      0838-090
ICRF J084051.2+443959  0837+448     08 40 51.28891654   44 39 59.2911167  0.00001838 0.0002586   0.118  58188.8 56266.8 59508.8      5    349      0837+448
ICRF J084124.3+705342  0836+710     08 41 24.36527851   70 53 42.1730870  0.00000254 0.0000135   0.073  52761.8 46976.9 59016.7     36   3813      0836+710
ICRF J084127.0-754027  0842-754     08 41 27.03591470  -75 40 27.8736413  0.00005087 0.0001916  -0.001  55112.4 48110.0 58701.7      5     44      0842-754
ICRF J084132.6-313635  0839-314     08 41 32.60252021  -31 36 35.6951646  0.00000576 0.0001986   0.025  57662.0 53152.3 58803.0      5    319      0839-314
ICRF J084154.0+231954  0838+235     08 41 54.05656974   23 19 54.7435148  0.00001192 0.0002517  -0.075  58455.6 58121.7 58921.9      5    371      0838+235
ICRF J084205.0+183540  0839+187     08 42 05.09417147   18 35 40.9902191  0.00000166 0.0000491   0.005  53250.0 47874.8 59280.1     47   1528      0839+187
ICRF J084215.3+452544  0838+456     08 42 15.35175287   45 25 44.1810537  0.00000866 0.0001331  -0.101  58919.8 57427.7 60710.7      9    555      0838+456
ICRF J084226.5-605350  0841-607     08 42 26.56108340  -60 53 50.4014853  0.00001840 0.0002330   0.051  57154.9 57152.0 57158.0      3     35      0841-607
ICRF J084234.6+153601  0839+157     08 42 34.65675313   15 36 01.2304500  0.00006663 0.0013109  -0.298  59382.7 58512.3 60472.1      8    142      0839+157
ICRF J084307.0+453742  0839+458     08 43 07.09465507   45 37 42.9018678  0.00002138 0.0002805   0.113  57798.3 50305.3 58677.2      5    298      0839+458
ICRF J084331.6+421529  0840+424     08 43 31.63746722   42 15 29.5243105  0.00001649 0.0002515   0.178  57673.0 50241.8 58677.2      5    306      0840+424
ICRF J084349.1+683317  0839+687     08 43 49.10154018   68 33 17.1550811  0.00001007 0.0000526  -0.106  57268.2 49826.5 58540.2      5    336      0839+687
ICRF J084429.0+383055  0841+386     08 44 29.09781925   38 30 55.7101805  0.00000470 0.0001007  -0.098  57421.1 50241.8 60675.9      6    600      0841+386
ICRF J084452.3-374209  0842-375     08 44 52.32119379  -37 42 09.3767108  0.00000790 0.0001039   0.124  57883.1 52305.8 58829.4     10    423      0842-375
ICRF J084502.4-545808  0843-547     08 45 02.48270571  -54 58 08.5398689  0.00002737 0.0003470   0.266  58528.3 57372.8 59928.8     12    118      0843-547
ICRF J084508.1-334741  0843-336     08 45 08.14444095  -33 47 41.0644795  0.00000975 0.0003463  -0.349  58131.3 54964.8 60497.5      7    275      0843-336
ICRF J084511.3-652723  0844-652     08 45 11.33497516  -65 27 23.1623118  0.00001595 0.0001578  -0.173  58401.8 57596.8 59534.7     11    196      0844-652
ICRF J084517.1+043947  0842+048     08 45 17.14370597   04 39 47.3550260  0.00000224 0.0000686   0.046  57648.0 49913.7 58712.2      5    461      0842+048
ICRF J084542.4-371854  0843-371     08 45 42.49628084  -37 18 55.0165723  0.00001629 0.0005877  -0.122  58682.1 52408.7 60485.9     12    231      0843-371
ICRF J084600.7-261054  0843-259     08 46 00.73395328  -26 10 54.1585918  0.00002523 0.0006927  -0.006  57937.0 50631.3 60497.5     12    250      0843-259
ICRF J084610.8-342433  0844-342     08 46 10.89373980  -34 24 33.5860395  0.00000908 0.0003366   0.252  57717.8 52305.8 60497.5      6    254      0844-342
ICRF J084642.8-145620  0844-147     08 46 42.87409979  -14 56 20.4313030  0.00000732 0.0002206   0.061  60021.9 59129.8 60497.5      6    227      0844-147
ICRF J084650.0+064148  0844+068     08 46 50.00803507   06 41 48.9787468  0.00001616 0.0005183  -0.099  58307.3 57722.8 58712.2      5    271      0844+068
ICRF J084656.6-260750  0844-259     08 46 56.61677357  -26 07 50.6597624  0.00000647 0.0002280   0.338  57754.4 53502.7 58871.4      6    331      0844-259
ICRF J084701.2+075948  0844+081     08 47 01.24380148   07 59 48.4897130  0.00004602 0.0007464   0.058  60120.4 59707.7 60448.8      4    148      0844+081
ICRF J084711.1-175450  0844-177     08 47 11.17001498  -17 54 50.1381564  0.00001125 0.0003740  -0.025  57877.3 53522.9 60152.8      7    261      0844-177
ICRF J084713.0+083021  0844+086     08 47 13.03896022   08 30 21.8122827  0.00000391 0.0001247  -0.201  60108.4 59631.6 60472.1      5    566      0844+086
ICRF J084715.1+383110  0844+387     08 47 15.16913395   38 31 09.9857324  0.00000443 0.0000775  -0.043  58528.1 51448.8 60675.9      7    564      0844+387
ICRF J084728.0+572338  0843+575     08 47 28.06045934   57 23 38.3392827  0.00002639 0.0001885   0.139  57519.4 49576.0 58551.2      5    351      0843+575
ICRF J084734.2+460928  0844+463     08 47 34.29853717   46 09 28.0055760  0.00000567 0.0000877   0.131  56824.4 50305.3 58677.2      5    442      0844+463
ICRF J084756.7-070316  0845-068     08 47 56.73722043  -07 03 16.9027085  0.00000292 0.0001007   0.010  57710.1 53502.7 60623.9      6    478      0845-068
ICRF J084758.7-052033  0845-051     08 47 58.72492363  -05 20 33.9002349  0.00000287 0.0001015  -0.363  57161.1 53133.5 59280.1      6    507      0845-051
ICRF J084825.0+200011  0845+201     08 48 25.04351798   20 00 11.7809169  0.00000850 0.0001990  -0.050  59211.9 58530.3 59971.0      5    379      0845+201
ICRF J084828.1+075451  0845+080     08 48 28.19469411   07 54 51.3724083  0.00000405 0.0001173   0.240  60501.7 59996.7 60715.1      3    280      0845+080
ICRF J084914.8-590500  0848-588     08 49 14.87762852  -59 05 00.7732185  0.00001731 0.0001979   0.211  58222.6 57987.7 59178.7      5     97      0848-588
ICRF J084945.6-354101  0847-354     08 49 45.62348036  -35 41 01.2786310  0.00000572 0.0002143   0.122  57572.8 52305.8 59230.1     10    434      0847-354
ICRF J084957.9+510829  0846+513     08 49 57.97685498   51 08 29.0238521  0.00000443 0.0000470  -0.030  58460.6 53560.9 60760.8      7    851      0846+513
ICRF J085009.6-121335  0847-120  D  08 50 09.63563580  -12 13 35.3761689  0.00000062 0.0000106  -0.005  58191.8 53133.5 60852.8    420  13625      0847-120
ICRF J085013.5-050745  0847-049     08 50 13.57256550  -05 07 45.0030528  0.00000807 0.0002779  -0.263  57771.4 54111.8 58530.3      5    342      0847-049
ICRF J085024.7+374709  0847+379     08 50 24.72980048   37 47 09.4775737  0.00000428 0.0000846  -0.104  56590.6 50241.8 59405.2      6    428      0847+379
ICRF J085033.6-303934  0848-304     08 50 33.68144662  -30 39 34.3361751  0.00001567 0.0005058   0.635  58167.6 52305.8 60497.5      8    266      0848-304
ICRF J085128.4+084515  0848+089     08 51 28.42520109   08 45 15.3104560  0.00000887 0.0002168   0.038  57597.3 49913.7 58712.2      5    378      0848+089
ICRF J085133.2+201100  0848+203     08 51 33.23989545   20 11 00.2554240  0.00001796 0.0003930   0.107  59009.0 58530.3 59971.0      5    276      0848+203
ICRF J085155.8-522812  0850-522     08 51 55.84913733  -52 28 12.7803234  0.00005000 0.0007394  -0.297  58240.6 58009.8 59972.8      4     27      0850-522
ICRF J085205.1+283359  0849+287     08 52 05.16956747   28 33 59.7305185  0.00000250 0.0000550  -0.143  57410.0 53125.1 58942.4      5    549      0849+287
ICRF J085230.8-152808  0850-152     08 52 30.84719168  -15 28 08.4760165  0.00000703 0.0002596  -0.082  57221.7 53572.0 58512.3      5    286      0850-152
ICRF J085238.7-575529  0851-577     08 52 38.72585690  -57 55 29.8095044  0.00000991 0.0001412   0.216  58320.3 57987.7 59065.7      7    224      0851-577
ICRF J085300.1-382416  0851-382     08 53 00.18423714  -38 24 16.5114022  0.00001037 0.0003682   0.149  58767.5 52408.7 60162.4     10    267      0851-382
ICRF J085301.3-015048  0850-016     08 53 01.33189790  -01 50 48.1494245  0.00001321 0.0003497   0.194  58275.4 53551.8 60623.9      6    348      0850-016
ICRF J085308.6+135254  0850+140     08 53 08.60917672   13 52 54.8474028  0.00001225 0.0002951  -0.180  59425.3 58530.3 60472.1      7    320      0850+140
ICRF J085317.8+281349  0850+284     08 53 17.82843775   28 13 49.9974107  0.00000289 0.0000694  -0.035  59161.9 57645.8 60799.7      9    842      0850+284
ICRF J085318.8+682819  0848+686     08 53 18.89685258   68 28 19.0133503  0.00005449 0.0002124  -0.423  58804.8 58136.6 60097.9      6    306      0848+686
ICRF J085334.3+672215  0849+675     08 53 34.32326876   67 22 15.6616061  0.00001918 0.0000911   0.093  58295.6 56817.4 59522.9      5    463      0849+675
ICRF J085348.1+065447  0851+071     08 53 48.18993391   06 54 47.2340767  0.00000243 0.0000737   0.134  57290.3 49913.7 59707.7      7    489      0851+071
ICRF J085353.7+142920  0851+146     08 53 53.72673946   14 29 20.2081081  0.00001359 0.0003036   0.043  59081.6 58530.3 59816.3      5    275      0851+146
ICRF J085409.8+440830  0850+443     08 54 09.88864732   44 08 30.2797216  0.00001301 0.0002891   0.096  59008.5 57951.7 60715.1      6    401      0850+443
ICRF J085432.1-254020  0852-254     08 54 32.17984267  -25 40 20.8368291  0.00001038 0.0003642  -0.023  57443.8 53522.9 58871.4      6    296      0852-254
ICRF J085435.0+072024  0851+075     08 54 35.03640317   07 20 24.1254795  0.00000397 0.0001172   0.117  57948.1 53559.8 60715.1      6    537      0851+075
ICRF J085441.9+575729  0850+581     08 54 41.99640299   57 57 29.9392676  0.00000324 0.0000321  -0.178  53912.9 48719.9 59320.9     26   1658      0850+581
ICRF J085448.5+803422  0847+807     08 54 48.59877212   80 34 22.3823692  0.00003173 0.0000766   0.145  57736.4 54087.1 58712.2      5    569      0847+807
ICRF J085448.8+200630  0851+202     08 54 48.87492829   20 06 30.6408363  0.00000019 0.0000039  -0.060  55590.3 44202.9 60856.7   5498 464791      OJ287   
ICRF J085450.5+621850  0850+625     08 54 50.57629093   62 18 50.1927554  0.00001192 0.0000847  -0.304  57025.4 49826.5 58551.2      5    432      0850+625
ICRF J085511.7-714906  0855-716  D  08 55 11.76978382  -71 49 06.4569796  0.00002435 0.0001158  -0.167  58408.4 54722.8 60710.7     10    111      0855-716
ICRF J085521.3+575144  0851+580     08 55 21.35664578   57 51 44.0919602  0.00007642 0.0007219  -0.121  59348.5 58245.2 60472.1      8    224      0851+580
ICRF J085614.5-195735  0853-197     08 56 14.50002942  -19 57 35.6328224  0.00001946 0.0006724   0.589  60438.7 60323.7 60602.5      2     97      0853-197
ICRF J085639.7+205743  0853+211     08 56 39.74042436   20 57 43.4011901  0.00001075 0.0002809  -0.126  59609.3 58540.2 60485.9      8    268      0853+211
ICRF J085641.8-110514  0854-108     08 56 41.80415824  -11 05 14.4303709  0.00000088 0.0000129   0.027  57475.2 53551.8 60810.8    333   7990      0854-108
ICRF J085654.8+714623  0851+719     08 56 54.86852502   71 46 23.9030864  0.00002008 0.0000686   0.062  57950.1 53560.9 58712.2      5    525      0851+719
ICRF J085656.6+173947  0854+178     08 56 56.69023478   17 39 47.7795037  0.00000527 0.0001410  -0.173  58532.0 57673.7 58746.6      5    431      0854+178
ICRF J085657.2+211143  0854+213     08 56 57.24478001   21 11 43.6584552  0.00000242 0.0000585  -0.118  54803.2 50084.5 58746.6      8    861      0854+213
ICRF J085726.9+331317  0854+334     08 57 26.95322741   33 13 17.1495970  0.00001611 0.0003698  -0.116  60463.2 59894.2 60715.1      4     97      0854+334
ICRF J085744.7+152638  0854+156     08 57 44.79064011   15 26 38.8989613  0.00000646 0.0001770  -0.343  59128.2 58540.2 59981.8      5    358      0854+156
ICRF J085750.9+130700  0855+133     08 57 50.96668625   13 07 00.8025483  0.00001324 0.0003432  -0.029  58263.9 56878.0 58794.6      6    398      0855+133
ICRF J085753.2-250126  0855-248     08 57 53.29478023  -25 01 26.9745830  0.00001089 0.0003851   0.253  59653.2 58988.7 60530.8      7    239      0855-248
ICRF J085805.3-195036  0855-196     08 58 05.36322441  -19 50 36.9355458  0.00000300 0.0001112   0.095  55953.5 50631.3 60152.8      6    464      0855-196
ICRF J085838.1+093744  0855+098     08 58 38.19499176   09 37 44.9646089  0.00000810 0.0002465  -0.269  59965.7 59405.2 60162.4      5    404      0855+098
ICRF J085841.4+140944  0855+143     08 58 41.44703032   14 09 44.7621446  0.00000292 0.0000866  -0.225  58370.2 55111.8 60715.1      7    653      0855+143
ICRF J085841.6+140540  0855+142     08 58 41.60024104   14 05 40.3729154  0.00000548 0.0001813  -0.104  58171.9 53522.9 58794.6      6    422      0855+142
ICRF J085920.8-330924  0857-329     08 59 20.81299658  -33 09 24.7228908  0.00002265 0.0009400  -0.099  59183.4 52305.8 60799.7     15    302      0857-329
ICRF J090021.4+410822  0857+413     09 00 21.43386333   41 08 22.9897364  0.00000555 0.0001007  -0.253  57420.5 53572.0 58712.2      5    515      0857+413
ICRF J090030.4+333008  0857+336     09 00 30.41193548   33 30 08.9663956  0.00000751 0.0001557   0.140  60216.9 59875.5 60442.8      3    203      0857+336
ICRF J090039.7-124232  0858-125     09 00 39.76555389  -12 42 32.6210121  0.00000717 0.0002670   0.054  57521.8 53559.8 58512.3      5    278      0858-125
ICRF J090040.0-280820  0858-279     09 00 40.03881862  -28 08 20.3455366  0.00000617 0.0001947  -0.084  57340.0 50687.3 58899.4     12    306      0858-279
ICRF J090044.2-313128  0858-313     09 00 44.29440090  -31 31 28.5787705  0.00001298 0.0004110   0.009  57357.0 52305.8 60530.8      6    222      0858-313
ICRF J090111.8+044858  0858+050     09 01 11.86428113   04 48 58.8341749  0.00000289 0.0000872  -0.132  58267.9 53560.9 60554.7      7    667      0858+050
ICRF J090144.2-070216  0859-068     09 01 44.23962217  -07 02 16.0690514  0.00000690 0.0002249  -0.135  57793.6 53551.8 58540.2      5    336      0859-068
ICRF J090216.8-141530  0859-140     09 02 16.83091103  -14 15 30.8754292  0.00000190 0.0000341  -0.180  54716.7 46874.8 59190.8     55   1544      0859-140
ICRF J090219.2+540257  0858+542     09 02 19.28749250   54 02 57.2564162  0.00000842 0.0000857  -0.001  57630.2 53572.0 58556.9      5    506      0858+542
ICRF J090226.9+205046  0859+210     09 02 26.91170059   20 50 46.3955212  0.00000311 0.0000829  -0.208  59342.4 58551.2 59981.8      6    495      0859+210
ICRF J090230.9+431014  0859+433     09 02 30.91997730   43 10 14.1657120  0.00000347 0.0000507   0.049  56904.9 50241.8 58712.2      5    496      0859+433
ICRF J090300.0-172105  0900-171     09 03 00.01978666  -17 21 05.2324525  0.00000477 0.0001761  -0.215  57197.4 53559.8 58512.3      5    393      0900-171
ICRF J090303.9+465104  0859+470     09 03 03.99010146   46 51 04.1373905  0.00000148 0.0000238  -0.093  53533.3 47004.8 59358.6    153   2847      0859+470
ICRF J090337.9-311739  0901-310     09 03 37.93492448  -31 17 39.1247072  0.00000766 0.0002706  -0.291  59065.4 52408.7 60799.7      9    381      0901-310
ICRF J090353.1+675722  0859+681     09 03 53.15503831   67 57 22.6856971  0.00000807 0.0000581   0.088  55416.7 49826.5 58511.7      7    451      0859+681
ICRF J090358.5+515100  0900+520     09 03 58.57456949   51 51 00.6628431  0.00000556 0.0000628   0.075  57557.4 49576.0 58556.9      5    491      0900+520
ICRF J090415.6+423804  0900+428     09 04 15.62846854   42 38 04.7654201  0.00000435 0.0000579  -0.210  56944.3 50241.8 58712.2      5    483      0900+428
ICRF J090420.5-311125  0902-309     09 04 20.51593267  -31 11 25.6671293  0.00000759 0.0002533  -0.208  58749.6 52408.7 60799.7      9    300      0902-309
ICRF J090442.3-351424  0902-350     09 04 42.37876788  -35 14 24.3494367  0.00000643 0.0001792  -0.105  57889.8 55370.8 58899.4     10    377      0902-350
ICRF J090444.3+233354  0901+237     09 04 44.33750780   23 33 54.0996114  0.00001109 0.0002322   0.113  59093.2 57645.8 60834.1      7    560      0901+237
ICRF J090452.1-255251  0902-256     09 04 52.18603524  -25 52 51.7571066  0.00001161 0.0003657   0.120  55865.5 50631.3 58899.4      6    263      0902-256
ICRF J090453.1-573505  0903-573     09 04 53.17916902  -57 35 05.7823872  0.00000546 0.0000691   0.125  57826.6 52886.6 58765.7     19    358      0903-573
ICRF J090514.3+205213  0902+210     09 05 14.33731337   20 52 13.3072477  0.00000520 0.0001161  -0.201  58374.4 57659.8 58803.0      9    512      0902+210
ICRF J090527.4+485049  0902+490     09 05 27.46382622   48 50 49.9654224  0.00000649 0.0000797  -0.440  56912.7 50305.3 58746.6      5    476      0902+490
ICRF J090530.1+340757  0902+343     09 05 30.12576332   34 07 56.0265938  0.00003770 0.0009209  -0.617  59207.4 58440.3 60442.8      7    134      0902+343
ICRF J090541.7+284928  0902+290     09 05 41.76990765   28 49 28.3019581  0.00000524 0.0000938  -0.034  56976.0 50218.8 59405.2      6    360      0902+290
ICRF J090552.4+025931  0903+031     09 05 52.40479354   02 59 31.5167008  0.00001512 0.0004431  -0.093  59186.9 58121.7 60554.7      7    341      0903+031
ICRF J090555.4-392753  0903-392     09 05 55.48453233  -39 27 53.4783983  0.00012664 0.0050802   0.291  59161.4 57046.0 60799.7     12     56      0903-392
ICRF J090615.5+463619  0902+468     09 06 15.53980873   46 36 19.0242710  0.00000807 0.0001145  -0.228  57552.8 50305.3 58746.6      5    373      0902+468
ICRF J090619.5+151314  0903+154     09 06 19.49612539   15 13 14.3012351  0.00000614 0.0001871  -0.473  59294.5 58556.9 60033.6      6    481      0903+154
ICRF J090630.7+693030  0901+697     09 06 30.74873144   69 30 30.8286671  0.00001993 0.0000982   0.183  58587.1 57358.8 59378.0     10    770      0901+697
ICRF J090651.3-201954  0904-201     09 06 51.30536476  -20 19 54.8048794  0.00000252 0.0000918  -0.020  58242.5 53551.8 60602.5     10    741      0904-201
ICRF J090651.5+495235  0903+500     09 06 51.50597701   49 52 35.9493448  0.00002221 0.0002514   0.199  58195.8 57427.7 58746.6      5    373      0903+500
ICRF J090723.5+664446  0903+669     09 07 23.52075742   66 44 46.9387571  0.00002447 0.0001391  -0.148  59057.0 58158.9 59894.2      6    446      0903+669
ICRF J090752.9+681544  0903+684     09 07 52.94658582   68 15 44.9210020  0.00001881 0.0000846  -0.162  56873.0 49826.5 58551.2      5    421      0903+684
ICRF J090754.0-202649  0905-202     09 07 54.04043994  -20 26 49.4749160  0.00000360 0.0001337   0.009  57214.1 53502.7 58899.4      5    384      0905-202
ICRF J090802.2-095937  0905-097     09 08 02.20251942  -09 59 37.4231131  0.00000859 0.0003524  -0.394  59892.3 59440.3 60497.5      6    292      0905-097
ICRF J090835.8+415046  0905+420     09 08 35.86341241   41 50 46.2053982  0.00000748 0.0001330  -0.136  57892.3 54111.8 58746.6      5    369      0905+420
ICRF J090855.9+160954  0906+163     09 08 55.92535087   16 09 54.7638185  0.00000394 0.0001092  -0.232  57906.4 50084.5 60500.7     15    686      0906+163
ICRF J090910.0+012135  0906+015     09 09 10.09160996   01 21 35.6176822  0.00000172 0.0000234   0.141  56057.1 47004.8 60696.7     68   1933      0906+015
ICRF J090912.1+083541  0906+087     09 09 12.15746808   08 35 41.0988058  0.00000458 0.0001315  -0.181  58225.0 53522.9 60162.4      7    585      0906+087
ICRF J090917.0-050052  0906-048     09 09 17.00375825  -05 00 52.8941830  0.00001300 0.0004169  -0.231  57660.2 54313.8 58540.2      5    282      0906-048
ICRF J090924.6+521632  0905+524     09 09 24.68081244   52 16 32.6275730  0.00008803 0.0007110   0.385  58903.0 58002.7 60497.5      9    150      0905+524
ICRF J090933.4+425346  0906+430     09 09 33.49715243   42 53 46.4820071  0.00000278 0.0000432  -0.006  57201.8 53133.5 58794.6      5    453      0906+430
ICRF J090937.4+192808  0906+196     09 09 37.44347571   19 28 08.2917187  0.00000657 0.0002418  -0.318  59825.4 59402.8 60135.7      5    262      0906+196
ICRF J090939.8+020005  0907+022     09 09 39.84796633   02 00 05.2672175  0.00000320 0.0000930  -0.139  58955.6 49913.7 60710.7     10    691      0907+022
ICRF J090942.6+475337  0906+480     09 09 42.63218019   47 53 37.8733890  0.00001912 0.0002130   0.264  58121.2 56808.7 58794.6      5    368      0906+480
ICRF J090944.9-023130  0907-023     09 09 44.92403952  -02 31 30.3550841  0.00000747 0.0002396   0.111  57672.2 53559.8 58540.2      5    335      0907-023
ICRF J090945.2-180833  0907-179     09 09 45.25909364  -18 08 33.9463493  0.00000481 0.0001724  -0.020  57599.4 53560.9 58530.3      5    336      0907-179
ICRF J090959.2+832756  0900+836     09 09 59.22112101   83 27 56.3172839  0.00008596 0.0001404  -0.325  58253.5 57900.9 58712.2      5    498      0900+836
ICRF J091037.0+332924  0907+336     09 10 37.03529386   33 29 24.4198431  0.00000945 0.0002135  -0.454  58985.9 58373.8 59894.2      6    347      0907+336
ICRF J091042.1+224835  0907+230     09 10 42.13310648   22 48 35.5815124  0.00000239 0.0000518  -0.139  59442.6 57659.8 60834.1     14    992      0907+230
ICRF J091051.0-052629  0908-052     09 10 51.00187223  -05 26 29.1911114  0.00000817 0.0002561  -0.119  57708.2 53152.3 58540.2      6    316      0908-052
ICRF J091055.2+253921  0907+258     09 10 55.23391707   25 39 21.4591545  0.00001572 0.0004004   0.347  58436.5 57218.8 60219.1      6    342      0907+258
ICRF J091133.4+195814  0908+201     09 11 33.45907358   19 58 14.0930131  0.00000611 0.0001416  -0.218  57825.9 50084.5 58803.0      7    424      0908+201
ICRF J091137.8+860733  0857+863     09 11 37.87012570   86 07 33.5542964  0.00021466 0.0001857   0.184  58218.1 53789.1 58746.6      6    423      0857+863
ICRF J091147.7+334916  0908+340     09 11 47.76146000   33 49 16.7926913  0.00001288 0.0003249   0.256  57364.3 50218.8 58677.2      5    316      0908+340
ICRF J091201.6+532036  0908+535     09 12 01.67288333   53 20 36.6261488  0.00021895 0.0026625   0.263  60148.5 59642.1 60602.5      5     45      0908+535
ICRF J091212.7-413716  0910-414     09 12 12.75025367  -41 37 16.1617074  0.00001238 0.0003884  -0.066  58005.9 54942.7 60497.5      8    245      0910-414
ICRF J091224.7+220506  0909+222     09 12 24.78465221   22 05 06.2477113  0.00000321 0.0000797  -0.118  57876.7 53125.1 60219.1      6    500      0909+222
ICRF J091231.5-275217  0910-276     09 12 31.58680138  -27 52 17.2175324  0.00001154 0.0003905   0.517  58216.1 53559.8 60323.7      6    274      0910-276
ICRF J091251.1+442204  0909+445     09 12 51.12850953   44 22 04.6509486  0.00000862 0.0001062  -0.227  58093.2 53572.0 58794.6      5    325      0909+445
ICRF J091334.9+145420  0910+151     09 13 34.98112281   14 54 20.0881302  0.00003780 0.0006574  -0.005  59638.9 58592.8 60472.1      8    208      0910+151
ICRF J091347.1+043630  0911+048     09 13 47.15414611   04 36 30.7100822  0.00000647 0.0001991  -0.076  60464.6 59996.7 60554.7      3    216      0911+048
ICRF J091353.3+440257  0910+442     09 13 53.36565965   44 02 57.2001783  0.00000750 0.0001078  -0.215  57992.6 54087.1 58794.6      5    343      0910+442
ICRF J091416.5-273316  0912-273     09 14 16.58626326  -27 33 16.6658885  0.00001555 0.0006535  -0.511  58247.7 53560.9 60323.7      8    260      0912-273
ICRF J091436.7-331452  0912-330     09 14 36.72150095  -33 14 52.4066067  0.00002164 0.0007536  -0.052  58628.1 55167.8 60323.7     10    230      0912-330
ICRF J091437.9+024559  0912+029     09 14 37.91343932   02 45 59.2463915  0.00000047 0.0000104   0.008  56777.6 47717.7 60824.8    854  22682      0912+029
ICRF J091439.4+351204  0911+354     09 14 39.42356327   35 12 04.5915347  0.00000517 0.0000932   0.062  56751.5 50241.8 58677.2      5    416      0911+354
ICRF J091459.6-203857  0912-204     09 14 59.69580893  -20 38 57.6212328  0.00002732 0.0010877  -0.671  58202.7 56637.8 60323.7      7    278      0912-204
ICRF J091508.7+205607  0912+211     09 15 08.78086461   20 56 07.3663363  0.00000648 0.0001654   0.033  59382.4 58504.4 60485.9      6    319      0912+211
ICRF J091537.6-042916  0913-042     09 15 37.67781588  -04 29 16.2933889  0.00000923 0.0002590  -0.091  57865.6 53551.8 60118.4      6    361      0913-042
ICRF J091540.8-302949  0913-302     09 15 40.89560746  -30 29 49.4233106  0.00002042 0.0008018  -0.248  58791.5 56637.8 60406.0     10    244      0913-302
ICRF J091551.6+000713  0913+003     09 15 51.69511658   00 07 13.3085285  0.00001003 0.0002350  -0.079  57794.7 54111.8 58746.6      5    301      0913+003
ICRF J091552.4+293324  0912+297  D  09 15 52.40165087   29 33 24.0429681  0.00000335 0.0000740   0.007  57684.7 48193.8 60834.1     62   2195      0912+297
ICRF J091552.9+074539  0913+079     09 15 52.96820782   07 45 39.6943458  0.00000814 0.0002644  -0.332  58036.3 53133.5 58794.6      5    246      0913+079
ICRF J091638.0+183815  0913+188     09 16 38.02674772   18 38 15.2934229  0.00000481 0.0001714  -0.225  59523.9 58592.8 60135.7      6    517      0913+188
ICRF J091641.7+024252  0914+029     09 16 41.76666562   02 42 52.9011868  0.00000358 0.0001154  -0.067  58201.9 56833.8 59405.2      5    376      0914+029
ICRF J091643.6-025909  0914-027     09 16 43.60084892  -02 59 09.1469447  0.00000679 0.0002303  -0.177  59744.6 59115.8 60118.4      5    283      0914-027
ICRF J091648.9+385428  0913+391     09 16 48.90457922   38 54 28.1463215  0.00000269 0.0000478  -0.093  56661.3 50241.8 58677.2      5    462      0913+391
ICRF J091715.8-161803  0914-160     09 17 15.85185218  -16 18 03.3035678  0.00002339 0.0007680  -0.109  59538.9 58425.2 60406.0      8    245      0914-160
ICRF J091727.0-213134  0915-213     09 17 27.01634636  -21 31 34.4637722  0.00000349 0.0001298   0.035  55712.4 50631.3 60118.4      6    454      0915-213
ICRF J091739.0-134542  0915-135     09 17 39.00066312  -13 45 42.2373071  0.00000435 0.0001586  -0.162  56942.3 53502.7 60203.4      6    465      0915-135
ICRF J091755.5+653015  0913+657     09 17 55.56832069   65 30 15.1272025  0.00005251 0.0003000  -0.019  57853.7 54439.8 58556.9      5    279      0913+657
ICRF J091805.6-120543  0915-118     09 18 05.66848785  -12 05 43.8060492  0.00000543 0.0001854   0.459  57788.5 54852.8 58530.3      5    304      0915-118
ICRF J091839.9-062829  0916-062     09 18 39.95310922  -06 28 29.0025032  0.00000515 0.0001926  -0.095  60563.2 60497.5 60623.9      2    150      0916-062
ICRF J091901.9-073905  0916-074     09 19 01.96263298  -07 39 05.1097809  0.00000686 0.0002287  -0.274  57451.6 53152.3 58551.2      5    322      0916-074
ICRF J091906.8-353827  0917-354     09 19 06.88974121  -35 38 27.0368881  0.00000970 0.0001405  -0.201  59358.3 58141.7 60497.5     12    288      0917-354
ICRF J091907.5+212554  0916+216     09 19 07.54481261   21 25 54.1542268  0.00000458 0.0001137  -0.062  59881.0 59402.8 60259.3      5    422      0916+216
ICRF J091908.7+332441  0916+336     09 19 08.78714695   33 24 41.9432524  0.00000422 0.0000956  -0.097  56869.5 50218.8 59271.2      6    470      0916+336
ICRF J091912.4-284921  0917-286     09 19 12.49181858  -28 49 21.5751335  0.00003623 0.0013209  -0.014  59787.4 58988.7 60406.0      7    168      0917-286
ICRF J091944.0-534006  0918-534  D  09 19 44.03944872  -53 40 06.4473801  0.00002183 0.0001520   0.209  57649.8 57152.0 60263.8     16    206      0918-534
ICRF J091947.0-184707  0917-185     09 19 47.05622777  -18 47 07.6664424  0.00000642 0.0002415  -0.204  58628.0 57159.0 60406.0      7    326      0917-185
ICRF J091952.5+782526  0913+786     09 19 52.55950632   78 25 26.5570088  0.00003262 0.0000973   0.047  57079.5 49826.5 58746.6      6    509      0913+786
ICRF J092026.2-363147  0918-363     09 20 26.20111254  -36 31 47.5161091  0.00000650 0.0000870   0.054  57692.8 52305.8 58942.4     10    464      0918-363
ICRF J092043.1-295630  0918-297     09 20 43.19379841  -29 56 30.2939522  0.00000704 0.0002303   0.016  57392.7 54488.8 58921.9      7    284      0918-297
ICRF J092055.8+162547  0920+168     09 20 55.86677085   16 25 47.6213768  0.00001618 0.0005327  -0.257  59049.2 56523.8 60485.9      6    287      0920+168
ICRF J092058.4+444153  0917+449     09 20 58.45849137   44 41 53.9850090  0.00000128 0.0000200  -0.001  55542.1 46976.9 60849.7     99   3354      0917+449
ICRF J092123.9+713612  0916+718     09 21 23.94511738   71 36 12.4023009  0.00001638 0.0000548  -0.049  57527.0 53125.1 58746.6      5    592      0916+718
ICRF J092129.3-261843  0919-260     09 21 29.35386289  -26 18 43.3863389  0.00000098 0.0000168  -0.028  52491.0 46839.8 60704.8    632  14590      0919-260
ICRF J092131.3+135048  0918+140     09 21 31.37346077   13 50 48.2369808  0.00000383 0.0001224  -0.143  58004.8 50155.3 58829.4      6    549      0918+140
ICRF J092136.2+621552  0917+624     09 21 36.23107376   62 15 52.1803663  0.00000150 0.0000112  -0.200  52041.9 44342.5 60549.7    160   7897      0917+624
ICRF J092223.6-052907  0919-052     09 22 23.67286883  -05 29 07.1832788  0.00000276 0.0000963  -0.203  56999.4 53522.9 58551.2      5    417      0919-052
ICRF J092246.4-395935  0920-397     09 22 46.41827073  -39 59 35.0682489  0.00000071 0.0000177   0.031  57238.8 47684.8 60856.7   1597  21460      0920-397
ICRF J092314.4+384939  0920+390  D  09 23 14.45293909   38 49 39.9100868  0.00000067 0.0000106  -0.013  57158.1 49735.9 60852.8    411  13869      0920+390
ICRF J092331.3+412527  0920+416     09 23 31.30498684   41 25 27.4393180  0.00000553 0.0000821  -0.020  56595.2 50241.8 58803.0      5    443      0920+416
ICRF J092338.8-213547  0921-213     09 23 38.88513190  -21 35 47.1288662  0.00000508 0.0001724   0.075  56772.2 50631.3 60135.7      6    430      0921-213
ICRF J092347.9+310754  0920+313     09 23 47.94871720   31 07 54.1414423  0.00000445 0.0000890   0.098  58591.1 53560.9 60715.1      6    500      0920+313
ICRF J092351.5+281525  0920+284     09 23 51.52339990   28 15 25.0217968  0.00000215 0.0000458  -0.071  57916.8 50218.8 60259.3      6    588      0920+284
ICRF J092438.7+192908  0921+197     09 24 38.73801215   19 29 08.7109866  0.00000758 0.0002428  -0.268  59341.9 58600.6 60084.1      6    314      0921+197
ICRF J092444.9+451157  0921+454     09 24 44.99447632   45 11 57.9174967  0.00000882 0.0001091  -0.032  57847.9 53572.0 58803.0      5    461      0921+454
ICRF J092507.8+001913  0922+005     09 25 07.81504256   00 19 13.9346511  0.00000225 0.0000711   0.003  56497.6 49913.7 58794.6      5    495      0922+005
ICRF J092511.9-202735  0922-202     09 25 11.94739744  -20 27 35.6106481  0.00000714 0.0002414  -0.216  57583.6 52408.7 58942.4      5    329      0922-202
ICRF J092543.6+312710  0922+316     09 25 43.65027712   31 27 10.8028925  0.00000483 0.0001021  -0.100  57713.5 50218.8 58712.2      5    385      0922+316
ICRF J092545.3+100457  0923+102     09 25 45.34926055   10 04 57.3619303  0.00001761 0.0003511  -0.359  59517.2 58600.6 60152.8      7    334      0923+102
ICRF J092546.0-354702  0923-355     09 25 46.05902104  -35 47 02.7366700  0.00000759 0.0002110  -0.043  59385.8 58141.7 60219.1     10    248      0923-355
ICRF J092549.9+165812  0923+171     09 25 49.96436965   16 58 12.2052386  0.00000444 0.0001299  -0.189  58149.7 53559.8 58871.4      7    501      0923+171
ICRF J092551.8+361235  0922+364     09 25 51.85134949   36 12 35.6745658  0.00000338 0.0000598  -0.124  57580.6 53560.9 58712.2      6    466      0922+364
ICRF J092600.4+402949  0922+407     09 26 00.42687423   40 29 49.6726509  0.00000521 0.0000948  -0.161  56627.5 50241.8 58803.0      5    448      0922+407
ICRF J092610.8+253433  0923+257     09 26 10.81116859   25 34 33.4554983  0.00002859 0.0004469   0.382  60190.0 59867.7 60442.8      3    178      0923+257
ICRF J092703.0+390220  0923+392     09 27 03.01394321   39 02 20.8518076  0.00000026 0.0000040  -0.081  51272.4 44088.7 60696.7   4043 259864      4C39.25 
ICRF J092706.0+571745  0923+575     09 27 06.05344573   57 17 45.3430801  0.00001281 0.0001405   0.133  57691.4 53133.5 58592.8      5    444      0923+575
ICRF J092716.7+173939  0924+178     09 27 16.78642233   17 39 39.6256841  0.00001021 0.0002214  -0.166  58447.0 56878.0 58871.4      8    518      0924+178
ICRF J092751.8-203451  0925-203     09 27 51.82432654  -20 34 51.2325826  0.00000065 0.0000110  -0.134  57190.0 47776.6 60852.8    722  15198      0925-203
ICRF J092824.1+444604  0925+449     09 28 24.13710424   44 46 04.7991364  0.00000421 0.0000626   0.014  56968.3 50305.3 58803.0      5    463      0925+449
ICRF J092833.4-040908  0926-039  D  09 28 33.46937299  -04 09 08.8473471  0.00000223 0.0000613  -0.148  59281.8 53125.1 60675.9     38   1572      0926-039
ICRF J092833.9-304943  0926-306     09 28 33.98816573  -30 49 44.0021591  0.00001424 0.0005195   0.316  57693.1 52305.8 60406.0      6    273      0926-306
ICRF J092902.2-182045  0926-181     09 29 02.26146063  -18 20 45.7585884  0.00000507 0.0001630  -0.063  57566.3 54087.1 58583.8      6    284      0926-181
ICRF J092915.4+501335  0925+504     09 29 15.44018435   50 13 35.9898512  0.00000365 0.0000517   0.153  54811.2 49576.0 58592.8      5    526      0925+504
ICRF J092942.1+730404  0924+732     09 29 42.16077146   73 04 04.5250343  0.00011184 0.0002444  -0.136  58392.5 57098.3 60834.1      7    299      0924+732
ICRF J092943.0+861221  0916+864     09 29 43.05770843   86 12 21.2788822  0.00006148 0.0000535  -0.048  58111.4 50687.3 59707.7      7    555      0916+864
ICRF J092957.5-380148  0927-378     09 29 57.50801324  -38 01 48.1694609  0.00000895 0.0002957   0.185  57322.3 52305.8 60530.8      7    305      0927-378
ICRF J093024.1+005812  0927+011     09 30 24.16740781   00 58 12.6572988  0.00000779 0.0002702  -0.338  58184.8 56817.4 59440.3      5    393      0927+011
ICRF J093032.5-853359  0936-853     09 30 32.56831377  -85 33 59.6951193  0.00015704 0.0001477   0.375  56992.7 48161.5 58701.7     12    117      0936-853
ICRF J093035.0+464408  0927+469     09 30 35.08070854   46 44 08.6568317  0.00000669 0.0001117   0.081  58111.7 50305.3 60203.4      6    495      0927+469
ICRF J093052.2+003458  0928+008     09 30 52.25356330   00 34 58.9421441  0.00000270 0.0000841  -0.220  58909.7 49913.7 60760.8     11    948      0928+008
ICRF J093053.7+742005  0925+745     09 30 53.78221265   74 20 05.9135452  0.00001382 0.0000565   0.018  57556.8 49826.5 58746.6      5    581      0925+745
ICRF J093055.2+350337  0927+352     09 30 55.27912329   35 03 37.6080049  0.00000517 0.0001039  -0.204  56666.1 50241.8 58712.2      5    432      0927+352
ICRF J093102.7-101325  0928-100     09 31 02.71257411  -10 13 25.0178098  0.00000506 0.0001812  -0.009  57594.4 53560.9 58540.2      5    287      0928-100
ICRF J093105.3+141416  0928+144     09 31 05.34242052   14 14 16.5186690  0.00000353 0.0001063  -0.411  56685.0 50084.5 59280.1      9    720      0928+144
ICRF J093133.5+124945  0928+130     09 31 33.56037968   12 49 45.3679833  0.00001136 0.0003755  -0.621  59544.5 58621.5 60485.9      6    289      0928+130
ICRF J093135.5-291153  0929-289     09 31 35.57951881  -29 11 53.7115310  0.00001058 0.0003574   0.065  58292.0 57098.3 60406.0      6    285      0929-289
ICRF J093151.7+275050  0928+280     09 31 51.78411476   27 50 50.5983681  0.00000404 0.0000959  -0.101  58412.1 54111.8 60259.3      6    535      0928+280
ICRF J093219.5-201637  0930-200     09 32 19.58655534  -20 16 37.2065673  0.00000908 0.0002409  -0.112  57571.5 53560.9 58942.4      6    292      0930-200
ICRF J093236.4-340558  0930-338     09 32 36.49504996  -34 05 58.4982746  0.00000746 0.0002520   0.127  58749.9 53125.1 60799.7      8    415      0930-338
ICRF J093241.1+530633  0929+533     09 32 41.15081882   53 06 33.8014948  0.00000593 0.0000658  -0.049  56210.8 49576.0 58592.8      5    510      0929+533
ICRF J093254.5+650741  0928+653     09 32 54.57759779   65 07 41.2965527  0.00001280 0.0000880  -0.232  57552.0 53559.8 58556.9      5    402      0928+653
ICRF J093317.0-081910  0930-080  D  09 33 17.09539329  -08 19 10.8507244  0.00000150 0.0000397  -0.102  59113.1 53559.8 60675.9     41   2149      0930-080
ICRF J093319.4-445422  0931-446     09 33 19.49794274  -44 54 22.8461738  0.00002804 0.0009111  -0.354  60336.4 58323.7 60834.1      7     76      0931-446
ICRF J093333.1-524019  0931-524     09 33 33.16984462  -52 40 19.2194143  0.00001883 0.0003701   0.077  58123.8 58009.8 58275.8      2     49      0931-524
ICRF J093334.4-113925  0931-114     09 33 34.45355456  -11 39 25.4776688  0.00000375 0.0001412  -0.253  56389.8 50575.3 58540.2      5    313      0931-114
ICRF J093337.2+284532  0930+289     09 33 37.28189205   28 45 32.3146663  0.00002465 0.0004381  -0.749  59131.2 57218.8 60834.1      8    391      0930+289
ICRF J093346.1+100908  0931+103     09 33 46.10738911   10 09 08.8218086  0.00003002 0.0005415  -0.178  58125.5 57011.1 58899.4      6    291      0931+103
ICRF J093406.6+392632  0930+396     09 34 06.67012028   39 26 32.1332541  0.00000432 0.0000782  -0.169  57937.2 53560.9 58746.6      5    386      0930+396
ICRF J093415.7+490821  0930+493     09 34 15.76218039   49 08 21.7297607  0.00000716 0.0000877   0.195  56805.2 50305.3 58829.4      5    408      0930+493
ICRF J093422.2+125843  0931+132     09 34 22.27932077   12 58 43.8205659  0.00001246 0.0004074  -0.410  59417.2 58621.5 60152.8      5    373      0931+132
ICRF J093449.7+134037  0932+139     09 34 49.71962294   13 40 37.3475644  0.00000527 0.0001725  -0.267  59480.4 58631.3 60152.8      5    474      0932+139
ICRF J093501.0+071918  0932+075     09 35 01.07600931   07 19 18.6106111  0.00000623 0.0001807   0.031  57588.7 49913.7 58868.4      6    352      0932+075
ICRF J093509.2-333237  0933-333     09 35 09.22983180  -33 32 37.7087698  0.00000760 0.0002574  -0.127  57874.3 52408.7 60259.3      6    336      0933-333
ICRF J093511.5-282031  0932-281     09 35 11.50231460  -28 20 31.5312414  0.00006404 0.0020326   0.423  58961.6 50687.3 60425.9     10    180      0932-281
ICRF J093513.6+091507  0932+094     09 35 13.64139762   09 15 07.8340321  0.00000338 0.0000972  -0.148  57814.1 49913.7 60602.5      8    706      0932+094
ICRF J093515.6-193908  0932-194     09 35 15.61530108  -19 39 08.7615008  0.00001199 0.0004115  -0.505  58436.7 53559.8 60203.4      8    252      0932-194
ICRF J093523.2+240512  0932+243     09 35 23.27348196   24 05 12.3219273  0.00000748 0.0002086   0.147  58853.0 52939.7 60834.1      8    548      0932+243
ICRF J093529.2+192935  0932+197     09 35 29.21935730   19 29 35.0694124  0.00000534 0.0001497  -0.417  57826.0 53572.0 58712.2      5    461      0932+197
ICRF J093531.8+363317  0932+367     09 35 31.83996694   36 33 17.5659058  0.00000635 0.0001053  -0.347  57706.7 53133.5 58746.6      5    388      0932+367
ICRF J093636.6-053552  0934-053     09 36 36.67257112  -05 35 52.4822876  0.00000735 0.0001846  -0.128  59399.5 58658.7 59951.1      5    295      0934-053
ICRF J093712.3+500852  0933+503     09 37 12.32734856   50 08 52.0976523  0.00000195 0.0000245  -0.104  59089.3 49576.0 60758.7     41   2098      0933+503
ICRF J093805.7+175550  0935+181     09 38 05.71356066   17 55 50.3998190  0.00001104 0.0002352  -0.249  58082.2 56994.8 58921.9      6    505      0935+181
ICRF J093850.5+165431  0936+171     09 38 50.58699378   16 54 31.0243915  0.00000731 0.0002031  -0.054  59416.6 58631.3 60203.4      6    473      0936+171
ICRF J093856.1-070800  0936-069     09 38 56.10427263  -07 08 00.6183504  0.00000260 0.0000873  -0.056  57487.8 53572.0 59320.9      7    593      0936-069
ICRF J093919.1-173135  0936-172     09 39 19.19508594  -17 31 35.7771340  0.00000543 0.0001820  -0.150  57576.7 53152.3 58583.8      6    290      0936-172
ICRF J093949.6+414154  0936+419     09 39 49.61580645   41 41 54.1912626  0.00000487 0.0000763  -0.292  56604.7 50241.8 58829.4      5    445      0936+419
ICRF J094004.8-282929  0937-282     09 40 04.89019740  -28 29 29.8746021  0.00000699 0.0002459  -0.115  58947.5 54817.8 60135.7      6    291      0937-282
ICRF J094014.7+260329  0937+262     09 40 14.72278393   26 03 29.9460145  0.00000297 0.0000685  -0.095  56760.7 50218.8 58512.3      5    383      0937+262
ICRF J094102.5-133550  0938-133     09 41 02.54947125  -13 35 50.9847805  0.00000338 0.0001183  -0.215  58145.7 53559.8 60675.9     10    748      0938-133
ICRF J094113.5+114532  0938+119     09 41 13.55872404   11 45 32.3350711  0.00001087 0.0002370  -0.033  58043.7 54291.7 58942.4      6    428      0938+119
ICRF J094148.1+272838  0938+277     09 41 48.11599994   27 28 38.8156791  0.00000529 0.0001101  -0.087  57327.8 53125.1 58512.3      5    461      0938+277
ICRF J094152.4+272217  0938+275     09 41 52.42156406   27 22 17.8675339  0.00003173 0.0004666   0.183  60512.2 60448.8 60602.5      2    114      0938+275
ICRF J094206.2-140716  0939-138     09 42 06.24539334  -14 07 16.2388637  0.00000908 0.0003284  -0.436  60428.4 60193.8 60675.9      3    189      0939-138
ICRF J094221.4-075953  0939-077     09 42 21.46139916  -07 59 53.2042325  0.00000277 0.0000996  -0.091  57429.5 53502.7 58556.9      5    507      0939-077
ICRF J094230.4+141408  0939+144     09 42 30.47457615   14 14 08.7173780  0.00001507 0.0005496  -0.410  59363.2 58634.5 60203.4      5    292      0939+144
ICRF J094314.5+615033  0939+620     09 43 14.50288618   61 50 33.3513661  0.00000886 0.0000615  -0.020  58993.0 54439.8 60834.1      7    618      0939+620
ICRF J094317.2+170218  0940+172     09 43 17.22395430   17 02 18.9622971  0.00000334 0.0001007  -0.369  57122.5 50084.5 58942.4      7    586      0940+172
ICRF J094319.1+361452  0940+364     09 43 19.15347353   36 14 52.0723652  0.00000346 0.0000720  -0.185  57485.2 53560.9 58746.6      5    500      0940+364
ICRF J094323.5-120455  0940-118     09 43 23.56043564  -12 04 55.9551591  0.00001485 0.0004565  -0.145  57650.4 56994.8 58551.2      5    313      0940-118
ICRF J094336.9-081930  0941-080     09 43 36.94451759  -08 19 30.8205211  0.00001910 0.0004261  -0.218  58071.9 50575.3 60530.8      7    256      0941-080
ICRF J094348.0+202809  0941+206     09 43 48.09842560   20 28 09.9618043  0.00001059 0.0002859  -0.005  57799.6 54087.1 58530.3      5    336      0941+206
ICRF J094420.4+613550  0940+618     09 44 20.44163182   61 35 50.1937339  0.00000661 0.0000587  -0.106  59678.1 58672.7 60295.4      6    660      0940+618
ICRF J094452.1+520234  0941+522     09 44 52.15526920   52 02 34.2171101  0.00000433 0.0000535  -0.016  56690.3 49576.0 59320.9      7    600      0941+522
ICRF J094538.1+353455  0942+358     09 45 38.12071746   35 34 55.0887974  0.00000484 0.0000887  -0.150  54025.9 50241.8 58626.8      8    348      0942+358
ICRF J094542.0+463650  0942+468     09 45 42.09268079   46 36 50.5967933  0.00000813 0.0000950   0.102  57095.4 50305.3 58829.4      5    412      0942+468
ICRF J094542.2+575747  0942+581     09 45 42.23584849   57 57 47.6954616  0.00003124 0.0003348   0.148  58865.8 58278.8 60472.1      7    244      0942+581
ICRF J094544.0-015303  0943-016     09 45 44.03732469  -01 53 03.9556887  0.00000255 0.0000889  -0.037  57512.2 53551.8 58556.9      5    499      0943-016
ICRF J094616.0+502009  0942+505     09 46 16.04503495   50 20 09.3494058  0.00001858 0.0003354  -0.121  57343.6 53559.8 58600.6      5    278      0942+505
ICRF J094635.0+101706  0943+105  D  09 46 35.06996169   10 17 06.1344265  0.00000112 0.0000308  -0.137  58536.9 49913.7 60602.5    125   6430      0943+105
ICRF J094650.2-202044  0944-201     09 46 50.21145348  -20 20 44.4531793  0.00001688 0.0005271  -0.170  58315.4 53152.3 60135.7      6    312      0944-201
ICRF J094651.3-470759  0944-469     09 46 51.33602559  -47 07 59.2349043  0.00002440 0.0003469   0.534  58578.0 58009.8 59178.7      8     66      0944-469
ICRF J094704.8+590741  0943+593     09 47 04.86490162   59 07 41.4755370  0.00001126 0.0000951  -0.013  57489.2 53560.9 58600.6      5    436      0943+593
ICRF J094809.5-322347  0945-321     09 48 09.51244720  -32 23 47.4407191  0.00001239 0.0004156   0.001  57847.0 52305.8 60259.3      6    301      0945-321
ICRF J094811.5-290144  0945-287     09 48 11.54336291  -29 01 44.1479284  0.00001456 0.0004687  -0.079  58238.2 53502.7 60152.8      6    275      0945-287
ICRF J094842.8+160853  0945+163     09 48 42.84963762   16 08 53.2915398  0.00003850 0.0007188   0.102  59570.4 58634.5 60485.9      7    220      0945+163
ICRF J094855.3+403944  0945+408     09 48 55.33815137   40 39 44.5869971  0.00000171 0.0000251  -0.083  53658.1 47930.6 60715.1     66   2078      0945+408
ICRF J094857.3+002225  0946+006     09 48 57.32006075   00 22 25.5596841  0.00000258 0.0000881  -0.110  58012.3 52430.8 59460.3      6    453      0946+006
ICRF J094901.7-095534  0946-096     09 49 01.72965229  -09 55 34.3873167  0.00013586 0.0037120  -0.295  58911.9 58237.7 60135.7      8     79      0946-096
ICRF J094932.3-140647  0947-138     09 49 32.36004527  -14 06 47.3950416  0.00004433 0.0013304  -0.644  59131.2 58136.6 60530.8      8    150      0947-138
ICRF J094939.7+175249  0946+181     09 49 39.76267694   17 52 49.4091978  0.00000417 0.0000987  -0.334  58417.7 57673.7 58712.2      8    426      0946+181
ICRF J094942.7-005024  0947-006     09 49 42.77874352  -00 50 24.2874273  0.00005645 0.0021717  -0.762  59005.2 58237.7 60135.7      5     34      0947-006
ICRF J095003.4+061503  0947+064     09 50 03.46748191   06 15 03.8163828  0.00000584 0.0001815  -0.137  57607.6 53133.5 58803.0      5    433      0947+064
ICRF J095010.5+243400  0947+248     09 50 10.51695705   24 34 00.6100259  0.00007656 0.0016772   0.221  60202.5 59867.7 60497.5      3     74      0947+248
ICRF J095033.3-284452  0948-285     09 50 33.30442122  -28 44 52.7270533  0.00001765 0.0005876  -0.148  58772.6 57046.0 60425.9     10    178      0948-285
ICRF J095043.5+134346  0948+139     09 50 43.55011334   13 43 46.6850862  0.00001091 0.0002876  -0.167  59595.4 58644.9 60203.4      5    381      0948+139
ICRF J095206.0+282832  0949+28A     09 52 06.07747039   28 28 32.4190984  0.00012230 0.0013628   0.161  60321.0 59875.5 60602.5      4     55      0949+28A
ICRF J095216.2-272051  0950-271     09 52 16.29366903  -27 20 51.4413047  0.00000679 0.0001186  -0.090  59163.5 58436.8 59928.8     11    332      0950-271
ICRF J095227.3+504850  0949+510     09 52 27.30826565   50 48 50.6503642  0.00001052 0.0001204   0.113  58059.9 53572.0 60623.9      6    485      0949+510
ICRF J095231.6-245350  0950-246     09 52 31.65446163  -24 53 50.8870031  0.00000509 0.0001910  -0.089  57837.3 53152.3 58512.3      5    281      0950-246
ICRF J095232.0+351252  0949+354     09 52 32.02617770   35 12 52.4030288  0.00000121 0.0000218  -0.040  58096.5 50241.8 60715.1     87   3760      0949+354
ICRF J095232.1+653801  0948+658     09 52 32.19248603   65 38 01.2183938  0.00004037 0.0003879   0.512  59699.7 57406.7 60834.1     12    227      0948+658
ICRF J095233.2+114620  0949+120     09 52 33.25531929   11 46 20.5331124  0.00001235 0.0003828  -0.404  59510.8 58644.9 60485.9      8    219      0949+120
ICRF J095252.4-300649  0950-298     09 52 52.41665634  -30 06 49.5101480  0.00000703 0.0001678  -0.027  59659.4 59129.8 59951.1      6    236      0950-298
ICRF J095302.7-084018  0950-084     09 53 02.70951622  -08 40 18.3576144  0.00001050 0.0004001  -0.268  58546.4 57874.7 60675.9      6    305      0950-084
ICRF J095327.9+322551  0950+326     09 53 27.95658726   32 25 51.5208638  0.00000289 0.0000618  -0.215  58307.2 57645.8 59320.9      7    597      0950+326
ICRF J095329.5-200212  0951-198     09 53 29.51698971  -20 02 12.5207943  0.00002044 0.0008249  -0.713  60274.8 60193.8 60406.0      2     89      0951-198
ICRF J095359.2+172056  0951+175     09 53 59.23136435   17 20 56.6549055  0.00000406 0.0001177  -0.058  58516.4 53559.8 60602.5      6    495      0951+175
ICRF J095419.0-410812  0952-408     09 54 19.06067130  -41 08 12.8401485  0.00003477 0.0004989   0.324  59526.3 58323.7 60530.8      9     98      0952-408
ICRF J095439.7+263924  0951+268  D  09 54 39.79653079   26 39 24.5432955  0.00000100 0.0000198  -0.080  58746.5 50218.8 60852.8    264   7224      0951+268
ICRF J095447.4+743557  0950+748     09 54 47.44300316   74 35 57.1450133  0.00002336 0.0000633   0.001  57513.4 49826.5 58794.6      5    544      0950+748
ICRF J095456.8+174331  0952+179     09 54 56.82361779   17 43 31.2222041  0.00000143 0.0000374  -0.012  52957.1 48158.1 58576.8     63   1671      0952+179
ICRF J095505.0+483819  0951+488     09 55 05.00135004   48 38 19.0413199  0.00000484 0.0000669  -0.117  57647.6 53560.9 58829.4      5    448      0951+488
ICRF J095514.6-184531  0952-185     09 55 14.68075558  -18 45 31.8653131  0.00001128 0.0003900  -0.481  57786.8 53152.3 58556.9      5    324      0952-185
ICRF J095524.7+690113  0951+692     09 55 24.77477937   69 01 13.7024744  0.00008027 0.0005085   0.123  49237.5 49224.8 49266.8      3     97      SN1993J 
ICRF J095533.1+690355  0951+693     09 55 33.17306733   69 03 55.0608739  0.00000828 0.0000363   0.305  52085.2 49140.8 59894.2     81   2420      M81     
ICRF J095537.9+333503  0952+338     09 55 37.93904209   33 35 03.9426739  0.00001058 0.0002490  -0.201  58124.1 57645.8 58746.6      5    397      0952+338
ICRF J095551.5+694045  0951+699     09 55 51.55277384   69 40 45.8159041  0.00393125 0.0199363  -0.151  58307.2 58203.3 58592.8      3     12      0951+699
ICRF J095612.3+721929  0951+725     09 56 12.38361025   72 19 29.8420410  0.00028630 0.0014584   0.459  60143.7 59707.7 60497.5      4     88      0951+725
ICRF J095622.6+575355  0952+581     09 56 22.63450030   57 53 55.9039265  0.00000776 0.0000598   0.041  57871.5 49576.0 60118.4      8    836      0952+581
ICRF J095646.9+095429  0954+101     09 56 46.95058977   09 54 29.8035111  0.00000941 0.0002478  -0.001  59365.9 58644.9 59742.1      4    346      0954+101
ICRF J095649.8+251516  0953+254     09 56 49.87538137   25 15 16.0498428  0.00000052 0.0000090   0.149  51650.8 44446.0 60394.7   1146  28830      OK290   
ICRF J095718.1-135001  0954-135     09 57 18.18306180  -13 50 01.1759683  0.00000239 0.0000823  -0.089  58296.4 53522.9 60715.1      9    854      0954-135
ICRF J095738.1+552257  0954+556     09 57 38.18459228   55 22 57.7671881  0.00003007 0.0002671   0.113  56938.6 49576.0 58621.5      6    269      4C55.17 
ICRF J095819.6+472507  0955+476  D  09 58 19.67164650   47 25 07.8424142  0.00000031 0.0000038  -0.091  55334.8 48719.9 60852.8   3266 291041      0955+476
ICRF J095820.4-244359  0956-244     09 58 20.46758978  -24 43 59.6431837  0.00001053 0.0004234  -0.029  60618.4 60425.9 60770.3      3    151      0956-244
ICRF J095820.9+322402  0955+326     09 58 20.94963844   32 24 02.2094999  0.00000089 0.0000170  -0.104  55909.5 47760.7 60569.7     98   6364      0955+326
ICRF J095830.4-255415  0956-256     09 58 23.27391677  -25 56 15.3258387  0.00022706 0.0041690  -0.472  59735.5 58300.8 60425.9      7     55      0956-256
ICRF J095824.5-265535  0956-266     09 58 24.59500243  -26 55 35.9552958  0.00000788 0.0002667  -0.364  57894.0 57046.0 58512.3      5    276      0956-266
ICRF J095830.8-361240  0956-359     09 58 30.89336781  -36 12 40.8043721  0.00001143 0.0001354   0.234  57885.7 53522.9 59795.8      9    306      0956-359
ICRF J095837.8+503957  0955+509     09 58 37.80940019   50 39 57.4836448  0.00000552 0.0000715  -0.121  56680.4 49576.0 60118.4      6    475      0955+509
ICRF J095838.2-411033  0956-409     09 58 38.29581883  -41 10 33.1765465  0.00001127 0.0001322   0.256  57879.6 52305.8 59192.8     11    316      0956-409
ICRF J095847.2+653354  0954+658  D  09 58 47.24510804   65 33 54.8180334  0.00000110 0.0000079  -0.111  54010.0 44342.5 60834.1    422  22801      0954+658
ICRF J095921.6+011801  0956+015     09 59 20.77078825   01 17 54.9335550  0.00004209 0.0015005  -0.648  59018.4 58363.2 60472.1      8    136      0956+015
ICRF J095957.6-082826  0957-082     09 59 57.64770587  -08 28 26.0493637  0.00000406 0.0001505  -0.115  57726.4 54087.1 58592.8      5    432      0957-082
ICRF J100033.8+132410  0957+136     10 00 33.85054189   13 24 10.8953910  0.00001349 0.0004222  -0.487  58624.8 58136.6 59508.8      4    323      0957+136
ICRF J100040.8-313952  0958-314     10 00 40.83655773  -31 39 52.3708437  0.00000877 0.0003009   0.015  57968.5 53133.5 60425.9      6    306      0958-314
ICRF J100110.2+291137  0958+294     10 01 10.20563702   29 11 37.5363571  0.00000291 0.0000650   0.113  57123.2 50218.8 58530.3      5    415      0958+294
ICRF J100111.9+342450  0958+346     10 01 11.94922821   34 24 50.4592922  0.00000174 0.0000277   0.022  57434.4 50218.8 60845.8    125   3041      0958+346
ICRF J100157.7+101549  0959+105     10 01 57.73499883   10 15 49.7048255  0.00000463 0.0001590  -0.146  57645.3 49913.7 58771.7      8    472      0959+105
ICRF J100157.8+554047  0958+559     10 01 57.80123110   55 40 47.2533402  0.00003716 0.0004160  -0.226  59348.0 58504.7 60135.7      5    221      0958+559
ICRF J100159.9-443800  0959-443     10 01 59.90809967  -44 38 00.6025808  0.00001809 0.0002384  -0.255  58115.8 48043.0 60295.4     20    250      0959-443
ICRF J100230.5+123209  0959+127     10 02 30.53662486   12 32 09.5470634  0.00000608 0.0001845  -0.369  57878.0 53559.8 58669.6      6    463      0959+127
ICRF J100252.8+121614  1000+125     10 02 52.84524313   12 16 14.5848550  0.00000298 0.0000876  -0.236  58100.8 49913.7 59358.6      8    675      1000+125
ICRF J100306.7+681316  0959+684     10 03 06.76601124   68 13 16.8118815  0.00002385 0.0001923   0.110  58507.6 57406.7 60675.9      6    511      0959+684
ICRF J100357.5+324403  1001+329     10 03 57.56463332   32 44 03.5419838  0.00000389 0.0000800  -0.094  58613.0 50218.8 60764.6      7    569      1001+329
ICRF J100418.8+120701  1001+123     10 04 18.88246227   12 07 01.5950074  0.00000991 0.0002898  -0.236  58991.1 58510.3 59693.1      5    328      1001+123
ICRF J100429.9-052021  1001-050     10 04 29.90483576  -05 20 21.0864323  0.00001233 0.0004720  -0.231  59985.7 59508.8 60323.7      5    201      1001-050
ICRF J100438.5-223441  1002-223     10 04 38.50160878  -22 34 41.8738085  0.00004524 0.0014148  -0.118  60173.8 59776.7 60425.9      4    134      1002-223
ICRF J100448.8+070837  1002+073     10 04 48.81865689   07 08 37.7364244  0.00000830 0.0001713  -0.155  58441.9 57924.7 58677.2      5    265      1002+073
ICRF J100515.9+480533  1002+483     10 05 15.98731455   48 05 33.3254777  0.00003374 0.0005551   0.117  58816.5 57775.0 59971.0      9    265      1002+483
ICRF J100517.6+615417  1001+621     10 05 17.60836428   61 54 17.2784064  0.00005353 0.0003625   0.087  58933.3 58216.3 60314.3      7    294      1001+621
ICRF J100556.7+073938  1003+079     10 05 56.76488866   07 39 38.0949415  0.00000611 0.0002102  -0.342  59380.5 58512.3 60219.1      6    410      1003+079
ICRF J100601.7+345410  1003+351     10 06 01.75019917   34 54 10.4016177  0.00000517 0.0000862  -0.243  57617.5 54313.8 58794.6      5    419      1003+351
ICRF J100604.1-740944  1005-739     10 06 04.14532003  -74 09 44.0881569  0.00002081 0.0001014  -0.010  57579.1 52886.6 58765.7     11    209      1005-739
ICRF J100614.0-501813  1004-500  D  10 06 14.00932300  -50 18 13.4707746  0.00000268 0.0000396   0.245  57163.8 49534.0 60424.8    212   1270      1004-500
ICRF J100631.7+171317  1003+174     10 06 31.76591965   17 13 17.1105283  0.00001188 0.0003389  -0.328  58035.4 57098.3 58712.2      5    335      1003+174
ICRF J100637.6+050953  1004+054     10 06 37.61073299   05 09 53.9787379  0.00000434 0.0001374   0.079  57737.3 54111.8 60219.1      6    449      1004+054
ICRF J100646.4-215920  1004-217  D  10 06 46.41367910  -21 59 20.4100916  0.00000178 0.0000530  -0.029  58444.9 50631.3 60770.3     76   3377      1004-217
ICRF J100704.3-020710  1004-018     10 07 04.34992625  -02 07 10.9189363  0.00000217 0.0000625  -0.071  58182.2 50575.3 60715.1      7    817      1004-018
ICRF J100715.2-124745  1004-125     10 07 15.22772599  -12 47 45.9946163  0.00000340 0.0001244   0.089  58930.7 53502.7 60715.1      7    695      1004-125
ICRF J100731.3-333306  1005-333     10 07 31.38744895  -33 33 06.7166500  0.00000474 0.0001671   0.052  57726.5 53125.1 59230.1      9    470      1005-333
ICRF J100733.6+064400  1004+069     10 07 33.64696778   06 44 00.6398340  0.00001614 0.0004841  -0.124  59356.5 58512.3 60485.9      7    258      1004+069
ICRF J100741.4+135629  1004+141     10 07 41.49808937   13 56 29.6007842  0.00000113 0.0000235  -0.215  51601.5 47010.4 59271.2    316   4813      1004+141
ICRF J100749.8+070835  1005+073     10 07 49.81575403   07 08 35.9382529  0.00000294 0.0000659  -0.091  58689.1 57659.8 60602.5     12    695      1005+073
ICRF J100800.8+062121  1005+066     10 08 00.81616098   06 21 21.2157610  0.00000231 0.0000692  -0.090  57028.8 49913.7 59320.9     10    826      1005+066
ICRF J100815.2-162931  1005-162     10 08 15.20582980  -16 29 31.0377683  0.00002315 0.0007638  -0.205  58350.5 57098.3 60425.9      7    279      1005-162
ICRF J100843.8-093323  1006-093     10 08 43.86535572  -09 33 23.3625193  0.00000675 0.0002309   0.002  57026.1 50575.3 58592.8      5    461      1006-093
ICRF J100900.0+132254  1006+136     10 09 00.09561663   13 22 54.4470635  0.00000744 0.0002216  -0.162  58800.1 57973.7 59522.9      5    339      1006+136
ICRF J100916.5-284006  1006-284     10 09 16.56843085  -28 40 06.9094135  0.00031826 0.0150699  -0.854  60721.5 60623.9 60770.3      2      6      1006-284
ICRF J100949.8+062200  1007+066     10 09 49.80802817   06 22 00.9886118  0.00000425 0.0001249  -0.012  57964.2 53572.0 58712.2      6    516      1007+066
ICRF J100956.7+131723  1007+135     10 09 56.79290733   13 17 23.0323010  0.00001250 0.0004325  -0.529  59297.5 58530.3 60485.9      6    271      1007+135
ICRF J101015.7+825014  1003+830     10 10 15.78304794   82 50 14.3839406  0.00002684 0.0000455   0.083  57196.9 50687.3 58746.6      5    574      1003+830
ICRF J101046.4+080305  1008+082     10 10 46.49052628   08 03 05.5976039  0.00000346 0.0001125  -0.172  58168.0 56878.0 58746.6      6    530      1008+082
ICRF J101051.6-020019  1008-017     10 10 51.66669401  -02 00 19.5745788  0.00000276 0.0001042  -0.376  56987.6 50575.3 58736.7      6    485      1008-017
ICRF J101051.8+333017  1007+337     10 10 51.82898140   33 30 17.7610903  0.00000239 0.0000455  -0.133  59230.1 50218.8 60764.6      8   1076      1007+337
ICRF J101105.5-284740  1008-285     10 11 05.51737326  -28 47 40.4175702  0.00000549 0.0002008   0.043  56967.9 53559.8 58512.3      5    312      1008-285
ICRF J101115.6+010642  1008+013     10 11 15.63918587   01 06 42.5124739  0.00000474 0.0001715  -0.244  58192.0 53560.9 60602.5      6    437      1008+013
ICRF J101130.2-042327  1009-041     10 11 30.23990960  -04 23 27.7074065  0.00000462 0.0001411  -0.046  59129.4 53572.0 60760.8      8    509      1009-041
ICRF J101132.6+712441  1007+716     10 11 32.61830323   71 24 41.5930319  0.00003383 0.0001311   0.164  58571.4 58169.7 59707.7      5    380      1007+716
ICRF J101138.1+652921  1007+657     10 11 38.18918555   65 29 21.3495968  0.00001179 0.0000779  -0.202  58852.1 58216.3 59926.0      6    567      1007+657
ICRF J101145.5-333828  1009-333     10 11 45.55893596  -33 38 27.9706892  0.00003202 0.0009478  -0.325  59656.3 59465.8 60442.8      5     71      1009-333
ICRF J101156.2-322336  1009-321     10 11 56.20578925  -32 23 36.0851983  0.00000738 0.0002605  -0.072  59422.5 55517.8 60834.1     12    414      1009-321
ICRF J101211.4+330926  1009+334     10 12 11.45354249   33 09 26.4534297  0.00001291 0.0002431   0.479  60155.3 59875.5 60472.1      4    255      1009+334
ICRF J101213.3+063057  1009+067     10 12 13.34805047   06 30 57.1997712  0.00000459 0.0001411  -0.187  58455.3 57951.7 58746.6      5    398      1009+067
ICRF J101216.3+231214  1009+234     10 12 16.38975056   23 12 14.6093131  0.00000306 0.0000772   0.135  57654.9 53133.5 60602.5      6    571      1009+234
ICRF J101224.0-374005  1010-374     10 12 24.07483042  -37 40 05.9083312  0.00000924 0.0003097   0.191  58928.9 53522.9 60530.8     10    302      1010-374
ICRF J101236.9-425905  1010-427     10 12 36.96146697  -42 59 05.6429083  0.00001520 0.0004337   0.402  59809.6 59037.7 60323.7      8    246      1010-427
ICRF J101302.2+352605  1010+356     10 13 02.30138689   35 26 05.7067056  0.00000599 0.0001155  -0.409  60057.2 59642.1 60323.7      5    471      1010+356
ICRF J101313.1-254654  1010-255     10 13 13.10506886  -25 46 54.6929989  0.00000441 0.0001428  -0.050  58366.9 53125.1 60770.3      8    515      1010-255
ICRF J101329.9+491840  1010+495     10 13 29.93288575   49 18 40.9628890  0.00000637 0.0000900  -0.059  58093.2 50305.3 58871.4      7    498      1010+495
ICRF J101330.6+742726  1009+747     10 13 30.66461156   74 27 26.8614173  0.00002895 0.0001118  -0.177  59420.5 58672.7 59926.0      5    353      1009+747
ICRF J101349.6+344550  1010+350     10 13 49.61404735   34 45 50.7834278  0.00000302 0.0000566  -0.102  56677.4 50241.8 58794.6      5    517      1010+350
ICRF J101353.4+244916  1011+250     10 13 53.42876538   24 49 16.4406493  0.00000163 0.0000311   0.048  52904.3 48352.9 58617.7     35   1498      1011+250
ICRF J101400.8-371538  1011-370     10 14 00.84068327  -37 15 38.0073450  0.00001122 0.0003985  -0.150  59821.6 59037.7 60323.7      7    216      1011-370
ICRF J101414.6+550324  1010+553     10 14 14.64511441   55 03 24.0033324  0.00001723 0.0001201  -0.442  59607.2 58672.7 60135.7      6    504      1010+553
ICRF J101447.0+230116  1012+232  D  10 14 47.06546896   23 01 16.5707670  0.00000090 0.0000138  -0.021  56573.2 47717.7 60704.8    149   7546      1012+232
ICRF J101448.9+085258  1012+091     10 14 48.91058227   08 52 58.1832975  0.00001311 0.0002919  -0.264  58528.8 57924.7 58746.6      6    286      1012+091
ICRF J101450.3-450841  1012-448     10 14 50.35496444  -45 08 41.1543460  0.00000502 0.0001141   0.333  56048.7 52305.8 58527.8     33    327      1012-448
ICRF J101504.1+492600  1011+496     10 15 04.13981229   49 26 00.7045774  0.00000704 0.0000826  -0.111  57425.1 50305.3 58871.4      6    551      1011+496
ICRF J101515.6+015853  1012+022     10 15 15.63986738   01 58 53.2272850  0.00001403 0.0004045  -0.046  59411.4 58373.8 60259.3      7    278      1012+022
ICRF J101538.0+672844  1011+677     10 15 38.01148127   67 28 44.4548702  0.00001105 0.0000734  -0.092  59427.5 58602.7 59926.0      5    420      1011+677
ICRF J101544.0+122707  1013+127     10 15 44.02339249   12 27 07.0702568  0.00000107 0.0000230  -0.108  58409.3 49913.7 60634.8    100   4587      1013+127
ICRF J101552.2-195226  1013-196     10 15 52.25261917  -19 52 26.5673867  0.00000810 0.0002704   0.215  58984.3 57098.3 60770.3      7    416      1013-196
ICRF J101557.0+010913  1013+014     10 15 57.05501269   01 09 13.7462882  0.00000492 0.0001418   0.156  57566.1 53560.9 58829.4      5    429      1013+014
ICRF J101603.1+051302  1013+054     10 16 03.13647891   05 13 02.3412665  0.00000085 0.0000171  -0.043  57174.1 49913.7 60845.8    213   7829      1013+054
ICRF J101608.4+761716  1011+765     10 16 08.40708369   76 17 16.8205476  0.00013057 0.0004804   0.065  58208.6 53789.1 58794.6      6    303      1011+765
ICRF J101644.3+203747  1013+208     10 16 44.32211399   20 37 47.3054452  0.00000201 0.0000536   0.039  55824.7 50084.5 60497.5     10    805      1013+208
ICRF J101703.4+592428  1013+596     10 17 03.48695102   59 24 28.7065861  0.00001222 0.0000962  -0.198  58258.3 57274.7 59560.6      5    496      1013+596
ICRF J101725.8+611627  1014+615     10 17 25.88756680   61 16 27.4965325  0.00000238 0.0000156  -0.002  56197.7 49421.9 60562.7     93   5210      1014+615
ICRF J101809.2-314414  1015-314     10 18 09.26733777  -31 44 14.1049362  0.00008513 0.0024232  -0.280  58670.7 52305.8 60442.8     12    116      1015-314
ICRF J101810.9+354239  1015+359     10 18 10.98810476   35 42 39.4408617  0.00000082 0.0000159   0.060  57304.0 50241.8 60852.8    206   7371      1015+359
ICRF J101821.2+071507  1015+075     10 18 21.28923685   07 15 07.6187223  0.00000402 0.0001342  -0.270  59211.1 58540.2 59894.2      5    451      1015+075
ICRF J101821.7-214007  1015-214     10 18 21.74888093  -21 40 07.8216965  0.00000700 0.0002362   0.322  59216.5 56808.7 60799.7      8    517      1015-214
ICRF J101827.8+053029  1015+057  D  10 18 27.84828682   05 30 29.9619711  0.00000076 0.0000153  -0.014  58253.5 49913.7 60770.3    252   8822      1015+057
ICRF J101828.7-312353  1016-311  D  10 18 28.75349877  -31 23 53.8498459  0.00000266 0.0000643   0.033  58935.4 52305.8 60834.1     79   1835      1016-311
ICRF J101858.5+591127  1015+594     10 18 58.53975005   59 11 27.8517070  0.00002623 0.0003089   0.013  58195.7 57274.7 59586.9      5    324      1015+594
ICRF J101908.4-270855  1016-268     10 19 08.48301563  -27 08 55.6664724  0.00000746 0.0002667  -0.095  57481.2 56203.8 58530.3      5    348      1016-268
ICRF J101950.8+632001  1016+635     10 19 50.87684878   63 20 01.6270537  0.00000658 0.0000490   0.047  57963.1 49826.5 60675.9      6    547      1016+635
ICRF J102027.2+432056  1017+436     10 20 27.20297448   43 20 56.3391070  0.00000447 0.0000599   0.052  57810.8 53559.8 58871.4      6    559      1017+436
ICRF J102106.0+452331  1018+456     10 21 06.04633848   45 23 31.8212668  0.00001144 0.0001959  -0.100  60578.5 60530.8 60623.9      2    117      1018+456
ICRF J102117.4+343721  1018+348     10 21 17.47470983   34 37 21.6650543  0.00000254 0.0000508  -0.024  57636.3 50218.8 60764.6      6    638      1018+348
ICRF J102202.0+412605  1019+416     10 22 02.02353229   41 26 05.3725376  0.00000807 0.0001178   0.008  57636.6 54186.7 59271.2      7    550      1019+416
ICRF J102213.1+423925  1019+429     10 22 13.13233510   42 39 25.6121363  0.00000593 0.0000812  -0.312  56649.3 50241.8 58899.4      5    485      1019+429
ICRF J102230.2+304105  1019+309     10 22 30.29839477   30 41 05.1171915  0.00000434 0.0000951  -0.322  57550.7 52305.8 58803.0      5    463      1019+309
ICRF J102232.8-103744  1020-103     10 22 32.81947774  -10 37 44.3115386  0.00000680 0.0002585  -0.427  57754.8 49649.7 58592.8      6    273      1020-103
ICRF J102244.1-044336  1020-045     10 22 44.11258137  -04 43 36.4484796  0.00000747 0.0002566  -0.156  58012.1 57046.0 59508.8      5    317      1020-045
ICRF J102255.1+185334  1020+191     10 22 55.15676333   18 53 34.2622173  0.00000360 0.0000985  -0.152  58432.0 50084.5 60602.5     11    548      1020+191
ICRF J102257.5-095822  1020-097     10 22 57.51759602  -09 58 22.5967990  0.00000584 0.0002082  -0.332  57687.4 53572.0 58600.6      5    313      1020-097
ICRF J102311.5+394815  1020+400     10 23 11.56567091   39 48 15.3853715  0.00000189 0.0000338  -0.200  52750.0 46976.9 59280.1     34   1554      1020+400
ICRF J102315.0-114049  1020-114     10 23 15.02868107  -11 40 49.3405941  0.00002379 0.0007408   0.087  58688.6 57098.3 60323.7      8    309      1020-114
ICRF J102324.0+285650  1020+292     10 23 24.04614446   28 56 50.9883495  0.00000713 0.0001615  -0.060  58443.3 58212.7 59230.1      5    372      1020+292
ICRF J102343.5-664648  1022-665  D  10 23 43.53319762  -66 46 48.7177357  0.00000569 0.0000403   0.370  57112.8 52779.7 60641.5     74   1074      1022-665
ICRF J102400.4-323416  1021-323     10 24 00.42387617  -32 34 16.0583620  0.00000506 0.0001730   0.057  58885.3 53133.5 60834.1      8    398      1021-323
ICRF J102429.5-005255  1021-006     10 24 29.58673703  -00 52 55.4964419  0.00000302 0.0000775   0.312  56359.2 48663.7 59827.7     40   1424      1021-006
ICRF J102444.8+191220  1022+194  D  10 24 44.80959738   19 12 20.4155634  0.00000089 0.0000165   0.036  56201.2 47782.6 60770.3    150   7551      1022+194
ICRF J102453.6+233233  1022+237     10 24 53.63729129   23 32 33.9635706  0.00000288 0.0000610  -0.017  57963.0 53522.9 60623.9     10    803      1022+237
ICRF J102456.3-103143  1022-102     10 24 56.34491472  -10 31 42.9997075  0.00000333 0.0001250  -0.080  59991.1 59115.8 60162.4      6    350      1022-102
ICRF J102513.6-094828  1022-095     10 25 13.64536396  -09 48 28.0722275  0.00000737 0.0001491   0.026  59668.7 59129.8 60135.7      6    276      1022-095
ICRF J102545.4-050954  1023-049     10 25 45.42296165  -05 09 54.1323908  0.00000422 0.0001415  -0.032  58299.1 53559.8 60715.1      6    434      1023-049
ICRF J102548.7-042932  1023-042     10 25 48.77495728  -04 29 32.7100381  0.00000613 0.0002269   0.002  60234.7 59911.6 60485.9      3    296      1023-042
ICRF J102556.2+125349  1023+131     10 25 56.28537452   12 53 49.0218799  0.00000172 0.0000384  -0.182  54160.6 50084.5 59378.0     84   1546      1023+131
ICRF J102607.0+013145  1023+017     10 26 07.01625208   01 31 45.5310395  0.00001409 0.0004609  -0.203  59202.0 57950.4 60770.3      8    377      1023+017
ICRF J102624.5-335332  1024-336     10 26 24.50434263  -33 53 32.5371135  0.00001613 0.0004992   0.035  60648.4 60448.8 60834.1      3    142      1024-336
ICRF J102636.6+703243  1022+707     10 26 36.68291925   70 32 43.0629593  0.00001822 0.0001150  -0.263  60089.4 59742.1 60497.5      4    319      1022+707
ICRF J102643.8+085235  1024+091     10 26 43.80820129   08 52 35.4530757  0.00000593 0.0002200  -0.102  59420.8 57973.7 60770.3      7    436      1024+091
ICRF J102713.0+480313  1024+483     10 27 13.07992147   48 03 13.5352578  0.00000651 0.0000844  -0.341  56814.3 50305.3 58899.4      5    463      1024+483
ICRF J102724.1+742826  1023+747     10 27 24.14679837   74 28 26.0977728  0.00001238 0.0000478  -0.187  59123.8 53560.9 60683.7      8   1029      1023+747
ICRF J102745.0+183138  1025+187     10 27 45.03453912   18 31 38.7325304  0.00001222 0.0003909  -0.518  59929.0 59508.8 60162.4      6    327      1025+187
ICRF J102809.6-264417  1025-264     10 28 09.67155470  -26 44 17.8647475  0.00001069 0.0003750  -0.260  59779.6 59297.8 60448.8      6    243      1025-264
ICRF J102820.4+025522  1025+031     10 28 20.40128722   02 55 22.4718980  0.00000397 0.0001164  -0.155  56319.0 49913.7 58681.8      8    494      1025+031
ICRF J102821.2+240121  1025+242     10 28 21.25993363   24 01 21.7729067  0.00000461 0.0001281  -0.120  57632.8 53572.0 58540.2      5    452      1025+242
ICRF J102834.0-023659  1026-023     10 28 34.04233343  -02 36 59.7270272  0.00000388 0.0001458  -0.098  60203.1 59911.6 60485.9      3    264      1026-023
ICRF J102838.7-084438  1026-084     10 28 38.79646954  -08 44 38.5360809  0.00000516 0.0001856  -0.250  58546.7 51168.7 59378.0      9    617      1026-084
ICRF J102902.7+661450  1025+665     10 29 02.78029828   66 14 50.5336940  0.00025806 0.0016120  -0.283  60109.8 59642.1 60497.5      5     91      1025+665
ICRF J102921.8+051938  1026+055     10 29 21.83063162   05 19 38.7795249  0.00000462 0.0001415  -0.176  58024.5 54087.1 58794.6      6    527      1026+055
ICRF J102933.0-185250  1027-186  D  10 29 33.09769725  -18 52 50.2890467  0.00000168 0.0000310  -0.077  58476.0 50631.3 60849.7    242   4711      1027-186
ICRF J103035.1+513232  1027+517     10 30 35.12572447   51 32 32.1543830  0.00003493 0.0003605  -0.637  60049.3 59693.1 60530.8      4    146      1027+517
ICRF J103038.3+085324  1028+091     10 30 38.38197964   08 53 24.9298034  0.00000779 0.0002170  -0.531  59054.7 58551.2 59776.7      5    344      1028+091
ICRF J103059.0+310255  1028+313     10 30 59.09362116   31 02 55.7236621  0.00001135 0.0002437  -0.392  58420.6 58121.7 58803.0      5    338      1028+313
ICRF J103122.0+744158  1027+749     10 31 22.02398947   74 41 58.3452996  0.00001640 0.0000578   0.227  57473.8 49826.5 58803.0      5    508      1027+749
ICRF J103144.7+602030  1028+605     10 31 44.75633840   60 20 30.3658591  0.00000590 0.0000468  -0.086  57198.4 49576.0 58600.6      5    426      1028+605
ICRF J103152.3-222824  1029-222     10 31 52.31210136  -22 28 24.9778552  0.00000814 0.0002778   0.390  57103.4 50631.3 58530.3      6    292      1029-222
ICRF J103155.0-042352  1029-041     10 31 55.00182045  -04 23 52.8698777  0.00000381 0.0001331  -0.010  57328.9 53560.9 58621.5      5    421      1029-041
ICRF J103202.5+561056  1028+564     10 32 02.51576279   56 10 56.7293881  0.00001774 0.0001731  -0.186  58763.1 58304.5 59693.1      5    368      1028+564
ICRF J103206.2-140019  1029-137     10 32 06.22677896  -14 00 19.4687941  0.00000683 0.0002280  -0.059  57581.4 53572.0 58592.8      5    300      1029-137
ICRF J103208.3+040157  1029+042     10 32 08.36980198   04 01 57.0194257  0.00000339 0.0001083  -0.123  59533.2 58551.2 60259.3      6    534      1029+042
ICRF J103240.7+373826  1029+378     10 32 40.72114350   37 38 26.7495400  0.00001104 0.0001803  -0.172  60130.8 59981.8 60323.7      5    400      1029+378
ICRF J103303.7+411606  1030+415     10 33 03.70786580   41 16 06.2329794  0.00000044 0.0000058  -0.014  58046.5 47019.0 60856.7    461  39159      1030+415
ICRF J103307.6-360156  1030-357     10 33 07.66077445  -36 01 56.8128162  0.00001074 0.0003951   0.413  58190.0 53125.1 60323.7      7    287      1030-357
ICRF J103322.0+393551  1030+398     10 33 22.06099942   39 35 51.0830201  0.00000376 0.0000669   0.071  56749.8 50241.8 58803.0      5    539      1030+398
ICRF J103334.0+071126  1030+074     10 33 34.02429289   07 11 26.1475627  0.00000157 0.0000283  -0.015  55674.1 50854.8 60450.7    219   2874      1030+074
ICRF J103351.4+605107  1030+611     10 33 51.42898137   60 51 07.3350741  0.00000388 0.0000308  -0.029  58812.0 49576.0 60710.7      7    983      1030+611
ICRF J103351.4-253616  1031-253     10 33 51.45816960  -25 36 16.8801418  0.00006891 0.0018943  -0.764  58102.3 56808.7 60448.8      8    133      1031-253
ICRF J103401.1+683227  1030+687     10 34 01.10961038   68 32 27.1468869  0.00006595 0.0002036   0.077  58233.8 57134.8 59586.9      5    357      1030+687
ICRF J103424.3-021102  1031-019     10 34 24.39482330  -02 11 02.6842291  0.00002107 0.0008304  -0.683  58656.7 57046.0 60485.9      7    354      1031-019
ICRF J103437.3+142946  1031+147     10 34 37.32765333   14 29 46.1895835  0.00004650 0.0007205  -0.109  58923.1 58014.8 60497.5     10    246      1031+147
ICRF J103502.1-201134  1032-199     10 35 02.15532397  -20 11 34.3595756  0.00000165 0.0000279  -0.001  54756.3 47175.5 59271.2     95   2016      1032-199
ICRF J103506.0+504006  1032+509     10 35 06.01946949   50 40 06.1015272  0.00000798 0.0001029  -0.390  57378.7 49576.0 60135.7      6    470      1032+509
ICRF J103507.0+562846  1031+567     10 35 07.03996917   56 28 46.7953616  0.00001514 0.0001271   0.345  54282.9 47284.7 58637.7     25    398      1031+567
ICRF J103510.9+351019  1032+354     10 35 10.99107954   35 10 19.6474724  0.00000810 0.0001815  -0.295  58896.6 57770.0 60764.6      6    398      1032+354
ICRF J103551.1+375641  1032+382     10 35 51.16709644   37 56 41.7120630  0.00000775 0.0001533  -0.305  58919.7 56392.8 60764.6      6    449      1032+382
ICRF J103612.8+105140  1033+111     10 36 12.87316651   10 51 40.2602633  0.00000541 0.0001270  -0.173  59005.0 58556.9 59707.7      5    393      1033+111
ICRF J103618.1-261247  1033-259     10 36 18.14668881  -26 12 47.3231928  0.00012053 0.0025992   0.369  60126.6 59776.7 60448.8      4     70      1033-259
ICRF J103632.9+220312  1033+223     10 36 32.98069486   22 03 12.2049992  0.00000248 0.0000624  -0.084  57922.8 50084.5 60497.5      7    605      1033+223
ICRF J103647.5-060541  1034-058     10 36 47.57302987  -06 05 41.1850639  0.00000419 0.0001249   0.154  56486.1 50575.3 58631.3      5    388      1034-058
ICRF J103653.4-374415  1034-374  D  10 36 53.43960185  -37 44 15.0658693  0.00000196 0.0000449   0.074  58115.2 53222.4 60834.1    145   3568      1034-374
ICRF J103716.0-293402  1034-293     10 37 16.07974234  -29 34 02.8135133  0.00000056 0.0000076  -0.166  54733.3 46439.9 60856.7   3154  45712      1034-293
ICRF J103736.7+100009  1034+102     10 37 36.74055175   10 00 09.4426914  0.00000628 0.0001627  -0.415  58941.6 58556.9 59707.7      5    356      1034+102
ICRF J103739.3+042401  1035+046     10 37 39.33956384   04 24 01.7462672  0.00000310 0.0001006  -0.008  57819.5 53559.8 58803.0      6    618      1035+046
ICRF J103739.7-270526  1035-268     10 37 39.72762013  -27 05 26.4811595  0.00000657 0.0002210  -0.023  57426.2 55740.7 58540.2      5    317      1035-268
ICRF J103742.4-282304  1035-281     10 37 42.45742139  -28 23 04.1076734  0.00000386 0.0001218  -0.029  58508.8 50687.3 60799.7      8    523      1035-281
ICRF J103743.8+283459  1034+288     10 37 43.83525739   28 34 59.4594800  0.00000401 0.0000849   0.006  57027.9 50218.8 58540.2      5    478      1034+288
ICRF J103744.3+571155  1034+574     10 37 44.30779139   57 11 55.6289600  0.00000829 0.0000857  -0.119  58682.3 58326.5 59693.1      5    381      1034+574
ICRF J103814.6-432545  1036-431     10 38 14.69653805  -43 25 45.8877158  0.00000980 0.0002262   0.239  58339.7 53133.5 59867.7     14    293      1036-431
ICRF J103818.1+424442  1035+430     10 38 18.19054579   42 44 42.7599696  0.00000468 0.0000663  -0.214  57665.1 53560.9 58899.4      5    419      1035+430
ICRF J103822.4+134657  1035+140     10 38 22.46958412   13 46 57.4170322  0.00000769 0.0002475  -0.479  59328.2 58158.9 60770.3      7    501      1035+140
ICRF J103840.6-531143  1036-529  D  10 38 40.65714595  -53 11 43.2706892  0.00000515 0.0000705   0.395  58333.0 55888.8 60228.8     30    569      1036-529
ICRF J103846.7+051229  1036+054     10 38 46.77987659   05 12 29.0862139  0.00000175 0.0000514  -0.049  56178.6 49913.7 58803.0     14    888      1036+054
ICRF J103906.7-154106  1036-154     10 39 06.70513318  -15 41 06.6921455  0.00000394 0.0001408  -0.160  56402.1 50631.3 58592.8      5    329      1036-154
ICRF J104117.1+061016  1038+064     10 41 17.16250115   06 10 16.9237557  0.00000107 0.0000265  -0.104  54495.3 47567.6 59271.2    136   3011      1038+064
ICRF J104127.1+210141  1038+212     10 41 27.10330018   21 01 41.4699430  0.00000447 0.0001048   0.031  57800.6 53572.0 58540.2      5    416      1038+212
ICRF J104137.6-442252  1039-441     10 41 37.68695369  -44 22 52.8882678  0.00002946 0.0010229   0.161  60262.4 59867.7 60675.9      4     64      1039-441
ICRF J104144.6-474000  1039-474     10 41 44.64991127  -47 40 00.0660576  0.00000431 0.0000779   0.199  58029.8 56523.8 58659.7     14    435      1039-474
ICRF J104146.7+523328  1038+528     10 41 46.78166469   52 33 28.2321425  0.00000107 0.0000134   0.029  55780.6 48523.8 60485.7    314   9179      1038+52A
ICRF J104148.8+523355  1038+529     10 41 48.89757152   52 33 55.6087666  0.00001751 0.0001811  -0.300  55761.8 48649.8 60323.7     28    216      1038+52B
ICRF J104210.0+042109  1039+046     10 42 10.03788495   04 21 09.0725149  0.00001258 0.0003312   0.033  59573.8 58592.8 60259.3      6    426      1039+046
ICRF J104234.8+032147  1039+036     10 42 34.88612146   03 21 47.8473130  0.00000493 0.0001791  -0.155  59560.5 58592.8 60259.3      6    481      1039+036
ICRF J104244.3-414325  1040-414     10 42 44.40003780  -41 43 25.7484131  0.00000905 0.0001954   0.143  58488.0 57152.0 59928.8     13    240      1040-414
ICRF J104244.6+120331  1040+123     10 42 44.60526147   12 03 31.2635388  0.00000318 0.0000747  -0.133  53971.2 47658.8 58829.4     27    587      3C245   
ICRF J104257.5+074850  1040+080     10 42 57.58792329   07 48 50.5436583  0.00000610 0.0001455   0.008  58581.0 57924.7 58829.4      5    310      1040+080
ICRF J104309.0+240835  1040+244  D  10 43 09.03578286   24 08 35.4094667  0.00000039 0.0000059   0.009  58130.0 50218.8 60852.8    534  31194      1040+244
ICRF J104318.9-055352  1040-056     10 43 18.94365990  -05 53 52.5362032  0.00000655 0.0002239   0.072  60112.1 59981.8 60323.7      4    284      1040-056
ICRF J104351.4-453009  1041-452     10 43 51.42229863  -45 30 09.5610922  0.00001478 0.0004450   0.181  59470.5 58009.8 60406.0     10    128      1041-452
ICRF J104410.6+532220  1041+536     10 44 10.67297033   53 22 20.5411050  0.00000636 0.0000772  -0.117  56847.6 49576.0 60623.9      6    566      1041+536
ICRF J104423.0+805439  1039+811     10 44 23.06256373   80 54 39.4430649  0.00000220 0.0000050  -0.076  58012.6 47287.8 60856.7    345  38284      1039+811
ICRF J104455.9+065538  1042+071  D  10 44 55.91125029   06 55 38.2624292  0.00000123 0.0000324  -0.237  58505.5 47776.6 60799.7     91   4873      1042+071
ICRF J104514.3+173548  1042+178     10 45 14.35978303   17 35 48.0837082  0.00000290 0.0000811  -0.302  57074.5 50084.5 58746.6      6    374      1042+178
ICRF J104540.6-292726  1043-291     10 45 40.62570992  -29 27 26.3342885  0.00000585 0.0002070   0.059  57192.8 50687.3 58540.2      5    271      1043-291
ICRF J104552.7+062436  1043+066     10 45 52.73330938   06 24 36.4509994  0.00000347 0.0001194  -0.353  56680.6 49913.7 58871.4     14    617      1043+066
ICRF J104609.9-292055  1043-290     10 46 09.92939979  -29 21 09.8192413  0.00001566 0.0006529  -0.105  59268.8 58326.5 60472.1      8    170      1043-290
ICRF J104624.0+535426  1043+541     10 46 24.03838586   53 54 26.2353750  0.00000578 0.0000630   0.019  57160.3 49576.0 58634.5      5    432      1043+541
ICRF J104703.9-130832  1044-128     10 47 03.93090354  -13 08 32.4178866  0.00000341 0.0001195  -0.110  57877.1 50575.3 60764.6      6    463      1044-128
ICRF J104706.8+002937  1044+007     10 47 06.86400317   00 29 37.0834236  0.00000996 0.0002979  -0.055  57765.5 53559.8 58871.4      6    362      1044+007
ICRF J104722.5-063029  1044-062     10 47 22.51589664  -06 30 29.5884159  0.00005460 0.0010085   0.684  60078.0 59693.1 60323.7      4    127      1044-062
ICRF J104742.9-621714  1045-620     10 47 42.95228213  -62 17 14.6339797  0.00000913 0.0000742  -0.004  58076.4 52871.9 58609.6     19    362      1045-620
ICRF J104750.5-401924  1045-400     10 47 50.53249328  -40 19 24.0630622  0.00002342 0.0007827   0.077  60424.8 60424.8 60424.8      1     57      1045-400
ICRF J104801.2+151438  1045+155     10 48 01.20638821   15 14 38.4318031  0.00008183 0.0024274  -0.457  59256.7 58158.9 60623.9     10    123      1045+155
ICRF J104806.6-190935  1045-188     10 48 06.62062521  -19 09 35.7273637  0.00000071 0.0000152   0.064  56614.6 47175.5 60704.8    200   7783      1045-188
ICRF J104807.7+005543  1045+011     10 48 07.74459954   00 55 43.4814917  0.00000300 0.0000956  -0.136  57291.2 49913.7 58871.4      6    540      1045+011
ICRF J104822.8+014148  1045+019     10 48 22.86792194   01 41 48.1137642  0.00000347 0.0000538   0.201  57738.1 49913.7 58871.4      9    489      1045+019
ICRF J104827.6+714335  1044+719     10 48 27.61992468   71 43 35.9384445  0.00000079 0.0000041  -0.119  52574.0 48102.5 60696.7   1288 135329      1044+719
ICRF J104829.6+060437  1045+063     10 48 29.68661385   06 04 37.9008003  0.00001604 0.0003134   0.029  59415.0 58600.6 60497.5      7    317      1045+063
ICRF J104833.6+600845  1045+604     10 48 33.69974421   60 08 45.6417220  0.00007749 0.0003224   0.186  60182.4 59642.1 60472.1      5    220      1045+604
ICRF J104834.2+345725  1045+352     10 48 34.24789134   34 57 25.0433362  0.00015281 0.0010552  -0.172  60338.5 59642.1 60770.3      7     98      1045+352
ICRF J104838.2-411400  1046-409     10 48 38.27113492  -41 14 00.1157822  0.00000707 0.0001575  -0.188  57434.7 54488.8 59320.9     32    488      1046-409
ICRF J104921.8-223107  1046-222     10 49 21.86906102  -22 31 07.5029764  0.00000896 0.0003031  -0.510  57728.2 54656.8 58551.2      5    258      1046-222
ICRF J104937.5+033615  1047+038     10 49 37.50084516   03 36 15.9142506  0.00000752 0.0003144  -0.317  59348.6 58600.6 60497.5      9    162      1047+038
ICRF J104946.3+142938  1047+147     10 49 46.32757913   14 29 38.5737867  0.00000332 0.0001002  -0.301  57451.1 54111.8 58794.6      6    368      1047+147
ICRF J105010.0+043249  1047+048     10 50 10.06077599   04 32 49.1166048  0.00000250 0.0000706  -0.219  58817.1 57673.7 59695.7      8    678      1047+048
ICRF J105024.4-031808  1047-030     10 50 24.49545093  -03 18 08.3856644  0.00000552 0.0001872  -0.161  60170.0 59693.1 60497.5      4    255      1047-030
ICRF J105038.0-524948  1048-526     10 50 38.02840280  -52 49 48.3283064  0.00000928 0.0001723   0.344  58006.0 54722.8 58289.8     11    190      1048-526
ICRF J105045.2-725432  1049-726     10 50 45.24974869  -72 54 32.3105056  0.00003718 0.0002790   0.290  54722.8 54722.8 54722.8      1      9      1049-726
ICRF J105053.4-471904  1048-470     10 50 53.40375653  -47 19 04.5553734  0.00001058 0.0003761  -0.030  58373.4 58009.8 59192.8      7     73      1048-470
ICRF J105053.4-351744  1048-350     10 50 53.41521823  -35 17 44.9600966  0.00000803 0.0002698  -0.136  59639.1 59037.7 60118.4      6    277      1048-350
ICRF J105058.1+343010  1048+347     10 50 58.12306870   34 30 10.9375958  0.00000775 0.0001484  -0.263  57503.1 50218.8 58829.4      5    388      1048+347
ICRF J105101.3+202719  1048+207     10 51 01.37428967   20 27 19.9700021  0.00000394 0.0001062  -0.086  57099.0 53125.1 58540.2      5    464      1048+207
ICRF J105104.7-313814  1048-313     10 51 04.77753402  -31 38 14.3077309  0.00000533 0.0000754  -0.150  54934.8 47639.0 59320.9     39    543      1048-313
ICRF J105109.0-534446  1049-534     10 51 09.09983559  -53 44 46.5430467  0.00000912 0.0001369   0.267  58158.9 58009.8 58245.7      4    111      1049-534
ICRF J105115.8+464417  1048+470     10 51 15.89584485   46 44 17.3680698  0.00000708 0.0000805  -0.336  57705.5 50305.3 58921.9      5    400      1048+470
ICRF J105123.5-651808  1049-650     10 51 23.52103273  -65 18 08.6250824  0.00032996 0.0016918  -0.354  53259.6 52886.6 54456.4      4     20      1049-650
ICRF J105148.7+211952  1049+215     10 51 48.78908287   21 19 52.3137863  0.00000158 0.0000263  -0.045  55379.4 47930.6 60704.8     85   2860      1049+215
ICRF J105218.2+831726  1046+835     10 52 18.20761341   83 17 26.6322121  0.00019048 0.0002608  -0.005  58258.5 57904.2 58746.6      5    379      1046+835
ICRF J105239.1+052456  1050+056     10 52 39.17071710   05 24 56.4341032  0.00004771 0.0011643  -0.309  59548.9 58621.5 60530.8      8    133      1050+056
ICRF J105250.0+335505  1050+341     10 52 50.06020382   33 55 05.0262104  0.00009741 0.0028507  -0.246  58193.3 57803.9 58829.4      6     57      1050+341
ICRF J105250.3+020925  1050+024     10 52 50.37829528   02 09 25.4349709  0.00000384 0.0001160  -0.432  58696.2 57973.7 58899.4      5    312      1050+024
ICRF J105253.0+045734  1050+052     10 52 53.09965333   04 57 34.6747519  0.00000385 0.0001324  -0.365  59562.8 58621.5 60295.4      6    535      1050+052
ICRF J105343.8+083149  1051+087     10 53 43.81647843   08 31 49.3877218  0.00001133 0.0003958  -0.345  59233.5 58631.3 60530.8      6    248      1051+087
ICRF J105421.1+022755  1051+027     10 54 21.16393852   02 27 55.1116343  0.00000692 0.0002311   0.085  59565.7 58631.3 60314.3      6    538      1051+027
ICRF J105422.2+862936  1046+867     10 54 22.27439785   86 29 36.1381545  0.00020191 0.0001989  -0.115  58217.9 57904.2 58746.6      5    435      1046+867
ICRF J105431.8+385521  1051+391     10 54 31.89170927   38 55 21.6499321  0.00001466 0.0003481  -0.319  59036.4 58121.7 59642.1      6    260      1051+391
ICRF J105432.4+392812  1051+397     10 54 32.42223091   39 28 12.3829719  0.00000564 0.0000858  -0.004  57891.3 54087.1 58871.4      6    509      1051+397
ICRF J105441.0-071326  1052-069     10 54 41.00842416  -07 13 26.2946260  0.00000645 0.0002286  -0.069  60190.4 59911.6 60406.0      3    237      1052-069
ICRF J105517.2+020544  1052+023     10 55 17.27242102   02 05 44.9023691  0.00000453 0.0001470  -0.270  58462.6 57722.8 59320.9      8    500      1052+023
ICRF J105533.4-283133  1053-282     10 55 33.40347158  -28 31 33.9662450  0.00000909 0.0003450   0.173  59882.4 59465.8 60162.4      6    267      1053-282
ICRF J105653.6+701145  1053+704  D  10 56 53.61750419   70 11 45.9156301  0.00000080 0.0000045  -0.057  58554.0 49124.7 60852.8   1025  87998      1053+704
ICRF J105654.1+051713  1054+055     10 56 54.15431502   05 17 13.2790039  0.00001476 0.0005140  -0.456  59393.2 58631.3 60530.8      7    231      1054+055
ICRF J105715.7+001203  1054+004     10 57 15.76744680   00 12 03.5755369  0.00000859 0.0002389   0.164  57775.2 54277.7 58871.4      6    448      1054+004
ICRF J105724.4-234201  1054-234     10 57 24.42125809  -23 42 01.7124445  0.00000418 0.0001544   0.125  58545.8 50631.3 60425.9      8    337      1054-234
ICRF J105754.1-250929  1055-248     10 57 54.13366364  -25 09 29.0627964  0.00000421 0.0001531   0.203  58016.4 50631.3 60799.7      9    567      1055-248
ICRF J105755.4-243348  1055-242     10 57 55.40902121  -24 33 48.8682226  0.00005553 0.0016229   0.259  58702.6 50631.3 60442.8     15    170      1055-242
ICRF J105800.4-302455  1055-301     10 58 00.42743515  -30 24 55.0275755  0.00000555 0.0001174  -0.115  58380.5 53125.1 60799.7     19    411      1055-301
ICRF J105802.9+430441  1055+433     10 58 02.92080497   43 04 41.5051864  0.00000303 0.0000452  -0.158  56780.4 50241.8 58921.9      5    505      1055+433
ICRF J105811.0-030927  1055-028     10 58 11.01069754  -03 09 27.2550416  0.00000570 0.0001831  -0.246  57555.0 53133.5 58631.3      5    416      1055-028
ICRF J105811.5+811432  1053+815     10 58 11.53538784   81 14 32.6751641  0.00000217 0.0000052  -0.028  54803.6 47653.8 60775.8    954  42738      1053+815
ICRF J105817.9+195150  1055+201     10 58 17.90082651   19 51 50.8695109  0.00000306 0.0000914  -0.236  55541.2 50084.5 58616.7     10    538      1055+201
ICRF J105829.6+013358  1055+018     10 58 29.60520800   01 33 58.8237289  0.00000042 0.0000066  -0.025  55801.5 44772.8 60696.7    523  22744      1055+018
ICRF J105829.8+281746  1055+285     10 58 29.89496287   28 17 46.2124636  0.00000596 0.0001357  -0.001  58091.4 56808.7 59460.3      5    410      1055+285
ICRF J105837.7+562811  1055+567     10 58 37.72766266   56 28 11.2070536  0.00000757 0.0000669   0.097  57369.8 49576.0 58634.5      5    407      1055+567
ICRF J105843.3-800354  1057-797     10 58 43.30980080  -80 03 54.1598635  0.00000181 0.0000047   0.061  58244.9 47625.5 60852.8   2410 119541      1057-797
ICRF J105906.1+022504  1056+026     10 59 06.13587663   02 25 04.3255558  0.00000955 0.0003156  -0.021  59533.7 58634.5 60314.3      6    460      1056+026
ICRF J105912.2+505645  1056+512     10 59 12.22424917   50 56 45.2883739  0.00004647 0.0007513   0.081  60039.0 59707.7 60323.7      4    173      1056+512
ICRF J105912.4-113422  1056-113     10 59 12.42638851  -11 34 22.7797159  0.00000417 0.0001517  -0.089  56325.7 50575.3 58600.6      5    355      1056-113
ICRF J105939.0+205721  1056+212     10 59 39.04268578   20 57 21.9560482  0.00000231 0.0000567  -0.117  56470.0 50084.5 60530.8     27   1047      1056+212
ICRF J105951.9+405114  1057+411     10 59 51.90608839   40 51 14.1998032  0.00000903 0.0002194  -0.132  59440.8 58143.4 60770.3      7    521      1057+411
ICRF J110011.4+044401  1057+050     11 00 11.46536324   04 44 01.5328437  0.00000473 0.0001717  -0.300  59650.3 58634.5 60314.3      6    497      1057+050
ICRF J110020.2+094935  1057+100     11 00 20.20634655   09 49 35.6891244  0.00013333 0.0021319   0.431  58732.4 57977.6 60530.8     11     82      1057+100
ICRF J110050.3-424913  1058-425     11 00 50.31779693  -42 49 13.3034596  0.00001129 0.0002439   0.159  59684.5 58323.7 60135.7      9    188      1058-425
ICRF J110130.0+390432  1058+393     11 01 30.06958497   39 04 32.6334400  0.00000394 0.0000645   0.075  57114.5 50241.8 58871.4      6    569      1058+393
ICRF J110137.4+021512  1059+025     11 01 37.43273703   02 15 12.2147848  0.00000421 0.0001001  -0.018  58555.7 57924.7 58942.4      5    346      1059+025
ICRF J110139.3-140537  1059-138     11 01 39.39081424  -14 05 37.7972348  0.00002634 0.0014779  -0.806  60257.8 59460.3 60764.6      8     42      1059-138
ICRF J110148.8+722537  1058+726     11 01 48.80538304   72 25 37.1183065  0.00000916 0.0000447   0.031  57137.8 49826.5 59742.1      7    744      1058+726
ICRF J110153.4+624150  1058+629     11 01 53.45078181   62 41 50.6046790  0.00001789 0.0001619   0.253  56279.0 49826.5 58621.5      5    458      1058+629
ICRF J110154.3-632522  1059-631     11 01 54.37849543  -63 25 22.6003416  0.00003610 0.0002145   0.072  58231.2 57987.7 59065.7      5     81      1059-631
ICRF J110203.1+224156  1059+229     11 02 03.14449072   22 41 56.1255838  0.00000460 0.0001120  -0.245  57512.6 53560.9 58551.2      5    372      1059+229
ICRF J110204.8-440422  1059-438     11 02 04.83616394  -44 04 22.8401627  0.00000865 0.0003074   0.084  58266.8 54852.8 60135.7      9    294      1059-438
ICRF J110211.8+284041  1059+289     11 02 11.85914410   28 40 41.1105278  0.00001478 0.0003366   0.319  58952.6 58304.5 59951.1      6    312      1059+289
ICRF J110214.2+275708  1059+282  D  11 02 14.28847545   27 57 08.6894466  0.00000066 0.0000096  -0.080  58965.3 50218.8 60856.7    316  12915      1059+282
ICRF J110242.7+594119  1059+599     11 02 42.76280227   59 41 19.5848644  0.00000906 0.0000746   0.205  57763.5 49576.0 58634.5      5    334      1059+599
ICRF J110303.5+115816  1100+122     11 03 03.52984210   11 58 16.6244984  0.00000134 0.0000242  -0.099  58426.5 53125.1 60849.7    122   3372      1100+122
ICRF J110313.3+301442  1100+305     11 03 13.30191555   30 14 42.7020310  0.00000250 0.0000499  -0.093  58042.7 50218.8 60770.3      8    698      1100+305
ICRF J110323.0+220337  1100+223     11 03 23.06764399   22 03 37.7203749  0.00000343 0.0000775  -0.160  57513.9 50084.5 60530.8      7    604      1100+223
ICRF J110331.5-325116  1101-325     11 03 31.52643596  -32 51 16.6941031  0.00000649 0.0001215  -0.011  55837.2 47510.2 60535.7     33    324      1101-325
ICRF J110344.5+023209  1101+028     11 03 44.54059008   02 32 09.9786264  0.00002896 0.0004707   0.064  59293.0 58644.9 60097.9      5    215      1101+028
ICRF J110352.2-535700  1101-536  D  11 03 52.22169314  -53 57 00.6966956  0.00000348 0.0000557   0.266  54930.9 47625.5 59549.8     88   1058      1101-536
ICRF J110405.5+793252  1100+798     11 04 05.55818765   79 32 52.9550943  0.00002648 0.0000606   0.157  58213.4 49826.5 60162.4      8    675      1100+798
ICRF J110413.8+765858  1100+772     11 04 13.86121603   76 58 58.1948347  0.00002917 0.0000706  -0.096  58474.5 57645.8 59742.1      6    644      1100+772
ICRF J110424.0+073053  1101+077     11 04 24.07144637   07 30 53.1809890  0.00000271 0.0000868  -0.278  58734.9 57159.0 60770.3      9    763      1101+077
ICRF J110427.3+381231  1101+384     11 04 27.31394724   38 12 31.7990204  0.00000057 0.0000096  -0.113  54530.6 49518.8 60845.8    777  21649      1101+384
ICRF J110446.1-243125  1102-242     11 04 46.17645239  -24 31 25.7999688  0.00000380 0.0001426   0.065  56184.3 50631.3 59358.6      8    483      1102-242
ICRF J110453.6+603855  1101+609     11 04 53.69464498   60 38 55.3147392  0.00000841 0.0000749  -0.052  57579.6 49576.0 58621.5      5    421      1101+609
ICRF J110511.0-392842  1102-392     11 05 11.08141215  -39 28 42.1523212  0.00000805 0.0002767   0.000  58084.0 53152.3 60406.0      8    294      1102-392
ICRF J110526.1+205217  1102+211     11 05 26.14269445   20 52 17.4357183  0.00004882 0.0019316  -0.262  60243.9 59875.5 60530.8      3     69      1102+211
ICRF J110538.9+020257  1103+023     11 05 38.99279908   02 02 57.4735122  0.00000324 0.0000716  -0.213  58038.3 53133.5 58771.7      8    494      1103+023
ICRF J110553.8+394656  1103+400     11 05 53.81942180   39 46 56.9242180  0.00001289 0.0002215   0.417  60545.6 60354.8 60770.3      3    225      1103+400
ICRF J110559.0-265933  1103-267     11 05 59.01840193  -26 59 33.1175007  0.00000577 0.0002149   0.063  58798.2 56874.5 60162.4      7    351      1103-267
ICRF J110607.2+281247  1103+284     11 06 07.26174300   28 12 47.0648901  0.00000368 0.0000827  -0.030  57157.0 53559.8 58551.2      5    372      1103+284
ICRF J110631.7-005252  1103-006     11 06 31.77434919  -00 52 52.3813735  0.00000438 0.0001168  -0.253  59805.6 57924.7 60799.7      9    568      1103-006
ICRF J110706.3-122630  1104-121     11 07 06.32969806  -12 26 30.8189566  0.00000822 0.0002803  -0.084  58093.6 57046.0 59460.3      5    308      1104-121
ICRF J110708.6-444907  1104-445     11 07 08.69411644  -44 49 07.6182950  0.00000116 0.0000122  -0.008  57467.9 47625.5 60852.8   1241  22704      1104-445
ICRF J110712.6-682050  1105-680     11 07 12.69516956  -68 20 50.7274408  0.00001428 0.0001065   0.432  55097.2 48387.4 58144.8     27    254      1105-680
ICRF J110715.0+162802  1104+167     11 07 15.04743091   16 28 02.2456543  0.00000391 0.0001302  -0.439  56335.9 50084.5 60219.1      6    528      1104+167
ICRF J110725.8+521931  1104+525     11 07 25.82779520   52 19 31.6366936  0.00001027 0.0001282  -0.075  57238.9 53502.7 58634.5      5    415      1104+525
ICRF J110741.7+723236  1104+728     11 07 41.72254816   72 32 36.0050280  0.00000659 0.0000284  -0.252  57419.8 49826.5 60500.7     63   2149      1104+728
ICRF J110808.2+143535  1105+148     11 08 08.27363230   14 35 35.6861004  0.00001163 0.0003622  -0.077  59947.9 59405.2 60323.7      6    284      1105+148
ICRF J110819.8+032610  1105+037     11 08 19.84972571   03 26 10.1437294  0.00000338 0.0001149  -0.355  59545.7 58644.9 60118.4      5    423      1105+037
ICRF J110823.4+433053  1105+437     11 08 23.47692882   43 30 53.6573993  0.00000343 0.0000575  -0.032  57722.4 50241.8 60770.3      8    661      1105+437
ICRF J110837.4+081101  1106+084     11 08 37.49883549   08 11 01.5845154  0.00000434 0.0001533  -0.521  57805.2 53572.0 58669.6      6    453      1106+084
ICRF J110845.4+020240  1106+023     11 08 45.48841704   02 02 40.9039920  0.00000334 0.0001075  -0.169  59213.6 53522.9 60799.7     10    780      1106+023
ICRF J110928.8+374431  1106+380     11 09 28.85386110   37 44 31.1055097  0.00000582 0.0001233  -0.015  57728.4 52305.8 58871.4      6    489      1106+380
ICRF J110951.2+065856  1107+072     11 09 51.25463195   06 58 56.3177768  0.00001704 0.0003785  -0.373  58669.7 57973.7 59440.3      5    303      1107+072
ICRF J111000.4-185848  1107-187     11 10 00.40688734  -18 58 48.7433212  0.00001026 0.0003582  -0.486  56391.0 50631.3 58600.6      6    308      1107-187
ICRF J111013.0+602842  1107+607     11 10 13.08806683   60 28 42.5673288  0.00000984 0.0000972   0.275  56891.6 49576.0 58621.5      5    440      1107+607
ICRF J111015.0+042942  1107+047     11 10 15.04411757   04 29 42.9748499  0.00000569 0.0002026  -0.554  59346.4 58510.3 60118.4      6    466      1107+047
ICRF J111021.7+082846  1107+087     11 10 21.76752311   08 28 46.7231871  0.00000746 0.0002934  -0.362  59240.8 58512.3 59951.1      5    353      1107+087
ICRF J111036.3+481752  1107+485     11 10 36.32412914   48 17 52.4497439  0.00001994 0.0002390  -0.208  57813.7 50305.3 58921.9      6    346      1107+485
ICRF J111046.3+440325  1107+443     11 10 46.34579330   44 03 25.9256077  0.00000501 0.0000712  -0.110  56083.5 50241.8 60203.4      6    508      1107+443
ICRF J111048.9+045608  1108+052     11 10 48.92847554   04 56 08.0331292  0.00000870 0.0002753  -0.088  59430.9 58512.3 60497.5      7    316      1108+052
ICRF J111105.8+522748  1108+527     11 11 05.88214687   52 27 48.9987426  0.00001838 0.0001914  -0.236  58394.5 56392.8 60623.9      5    345      1108+527
ICRF J111120.0+195536  1108+201     11 11 20.06561518   19 55 36.0002646  0.00000696 0.0001399  -0.379  57311.5 50084.5 58794.6      6    291      1108+201
ICRF J111151.6+022849  1109+027     11 11 51.67107256   02 28 49.4891913  0.00001432 0.0004307  -0.371  59157.2 58512.3 60530.8      6    247      1109+027
ICRF J111202.8-221812  1109-220     11 12 02.87705390  -22 18 12.2604024  0.00040054 0.0193899   0.910  60355.2 59460.3 60834.1      4     11      1109-220
ICRF J111207.2-570339  1109-567     11 12 07.26955685  -57 03 39.7489020  0.00004864 0.0003066  -0.164  58025.7 52877.7 59192.8     11     75      1109-567
ICRF J111209.5+072449  1109+076     11 12 09.55852754   07 24 49.1175620  0.00000344 0.0001112  -0.221  57926.5 53559.8 59320.9      9    573      1109+076
ICRF J111233.2+350339  1109+353     11 12 33.24658400   35 03 39.2265873  0.00000742 0.0001218  -0.112  58141.2 57098.3 58871.4      5    425      1109+353
ICRF J111236.7-374543  1110-374     11 12 36.80548563  -37 45 45.2093654  0.00003824 0.0013509  -0.544  59278.3 58340.4 60406.0      9     90      1110-374
ICRF J111238.7+344639  1109+350     11 12 38.76916390   34 46 39.1094956  0.00000325 0.0000569  -0.221  57524.7 53560.9 58899.4      5    512      1109+350
ICRF J111249.8-215829  1110-217     11 12 49.84882003  -21 58 29.3502267  0.00001318 0.0004076  -0.023  58022.1 50631.3 60442.8      8    306      1110-217
ICRF J111301.4-354948  1110-355     11 13 01.48223935  -35 49 48.2738301  0.00000781 0.0002778   0.128  57607.1 53133.5 58540.2      5    261      1110-355
ICRF J111354.7-230043  1111-227     11 13 54.78755006  -23 00 43.6613461  0.00000478 0.0001752   0.060  60653.7 60442.8 60834.1      3    275      1111-227
ICRF J111358.6+144226  1111+149  D  11 13 58.69508883   14 42 26.9526756  0.00000074 0.0000174  -0.229  57916.9 47004.8 60852.8    416  11087      1111+149
ICRF J111432.5-081639  1112-080     11 14 32.55065314  -08 16 39.0036067  0.00000285 0.0000989  -0.146  57058.4 50575.3 59280.1      6    591      1112-080
ICRF J111439.6-024731  1112-025     11 14 39.66391639  -02 47 31.7427924  0.00000449 0.0001319   0.053  59161.7 58756.7 60203.4      6    282      1112-025
ICRF J111458.2-365240  1112-365     11 14 58.29363108  -36 52 40.0463526  0.00000965 0.0003093   0.062  58609.7 56817.4 60425.9     10    248      1112-365
ICRF J111558.8-305927  1113-307     11 15 58.81451765  -30 59 27.4327623  0.00001480 0.0004441   0.360  58065.9 53502.7 60472.1      6    275      1113-307
ICRF J111609.9+082922  1113+087     11 16 09.97338163   08 29 22.0321091  0.00000230 0.0000659  -0.193  57583.0 49913.7 59358.6     12    817      1113+087
ICRF J111611.8-282830  1113-282     11 16 11.80045982  -28 28 30.5979172  0.00007278 0.0023197  -0.314  60210.6 59867.7 60472.1      3     81      1113-282
ICRF J111706.2+201407  1114+205     11 17 06.25125711   20 14 07.3796952  0.00003130 0.0010920  -0.558  60212.2 60093.7 60323.7      3    107      1114+205
ICRF J111733.8-023600  1115-023     11 17 33.84738432  -02 36 00.4049287  0.00001054 0.0003391  -0.339  58742.4 58278.8 59560.6      5    258      1115-023
ICRF J111812.4-041324  1115-039     11 18 12.45564938  -04 13 24.3987326  0.00000421 0.0001076  -0.067  59176.1 58756.7 59707.7      7    355      1115-039
ICRF J111817.1-123254  1115-122     11 18 17.14137247  -12 32 54.2617964  0.00000225 0.0000820  -0.059  57107.1 50575.3 59358.6      7    575      1115-122
ICRF J111820.6-305458  1115-306     11 18 20.61018004  -30 54 58.5285610  0.00000972 0.0003240   0.310  58436.1 52305.8 60485.9      8    314      1115-306
ICRF J111826.9-463415  1116-462  D  11 18 26.95763104  -46 34 15.0017850  0.00000377 0.0000635   0.294  57895.2 48110.0 60263.8     63    775      1116-462
ICRF J111857.3+123441  1116+128     11 18 57.30143827   12 34 41.7180044  0.00000137 0.0000352  -0.069  53586.9 47273.8 59280.1     64   2291      1116+128
ICRF J111914.3+600457  1116+603     11 19 14.34532938   60 04 57.2052986  0.00003362 0.0001996   0.253  58350.7 49576.0 60485.9      7    465      1116+603
ICRF J111930.3+222649  1116+227     11 19 30.31811942   22 26 49.3711321  0.00000453 0.0000999   0.069  58415.7 53559.8 60710.7      8    527      1116+227
ICRF J111942.8+041027  1117+044     11 19 42.82423588   04 10 27.9278839  0.00000405 0.0001263  -0.097  56698.2 49913.7 58771.7      7    522      1117+044
ICRF J112009.1-250807  1117-248     11 20 09.12331185  -25 08 07.7657458  0.00008043 0.0014849  -0.199  58627.9 50631.3 60485.9     19    119      1117-248
ICRF J112012.0-124337  1117-124     11 20 12.08052980  -12 43 37.8288487  0.00000298 0.0001099   0.027  57475.8 50575.3 60764.6      6    503      1117-124
ICRF J112016.1-271906  1117-270     11 20 16.19174255  -27 19 06.3658238  0.00000437 0.0001247   0.205  56921.1 50687.3 58703.8     10    391      1117-270
ICRF J112023.2+540427  1117+543     11 20 23.22952736   54 04 27.1111891  0.00001365 0.0001392   0.194  58014.5 56808.7 58644.9      4    379      1117+543
ICRF J112027.8+142054  1117+146     11 20 27.80780325   14 20 54.9792434  0.00002140 0.0003956  -0.463  58243.2 49097.6 60323.7     14    243      1117+146
ICRF J112038.4+070447  1118+073     11 20 38.44360213   07 04 47.1724875  0.00000431 0.0001096   0.382  57952.7 49913.7 58868.4      7    473      1118+073
ICRF J112055.5-142029  1118-140     11 20 55.56367090  -14 20 29.9245167  0.00000367 0.0001290   0.080  56471.6 50631.3 58621.5      5    367      1118-140
ICRF J112119.4-001316  1118+000     11 21 19.42225802  -00 13 16.4558012  0.00000653 0.0002495  -0.117  58055.0 56808.7 58712.2      5    462      1118+000
ICRF J112125.1-055356  1118-056     11 21 25.10805482  -05 53 56.4401691  0.00000228 0.0000804   0.060  57436.0 50575.3 60764.6      6    583      1118-056
ICRF J112127.5-060014  1118-057     11 21 27.58669660  -06 00 14.4516280  0.00006241 0.0011198  -0.144  60156.0 59707.7 60406.0      4     99      1118-057
ICRF J112142.1-071106  1119-069     11 21 42.12293779  -07 11 06.3416687  0.00000333 0.0001207  -0.156  57219.5 53572.0 59280.1      6    481      1119-069
ICRF J112143.1-044236  1119-044     11 21 43.11430694  -04 42 36.1509296  0.00000686 0.0002172   0.316  58346.6 53560.9 60764.6      6    435      1119-044
ICRF J112205.7-253233  1119-252     11 22 05.74324362  -25 32 33.8315206  0.00000682 0.0002368  -0.046  56046.5 50631.3 60219.1      6    388      1119-252
ICRF J112229.7+180526  1119+183     11 22 29.71150373   18 05 26.3436689  0.00000263 0.0000644   0.092  55248.5 50084.5 60219.1      7    681      1119+183
ICRF J112256.4-274248  1120-274     11 22 56.41003792  -27 42 48.4653874  0.00000928 0.0003416   0.029  57523.4 53559.8 58592.8      5    301      1120-274
ICRF J112333.5-202013  1121-200     11 23 33.54353767  -20 20 13.0414020  0.00000639 0.0002258  -0.094  57914.7 56817.4 59508.8      5    318      1121-200
ICRF J112337.1+504531  1120+510     11 23 37.11209262   50 45 31.8395044  0.00001584 0.0002169   0.017  58048.2 56874.5 58644.9      4    374      1120+510
ICRF J112343.3+803023  1120+807     11 23 43.37500138   80 30 23.3073945  0.00005106 0.0001249   0.035  59472.5 58602.7 59894.2      5    342      1120+807
ICRF J112402.5-150158  1121-147     11 24 02.56561003  -15 01 58.9498880  0.00000474 0.0001678  -0.098  57525.5 53572.0 58621.5      5    324      1121-147
ICRF J112402.7+233645  1121+238     11 24 02.70590205   23 36 45.8700573  0.00000223 0.0000504  -0.219  58075.7 50084.5 60760.8     13    780      1121+238
ICRF J112413.1+513349  1121+518     11 24 13.16651262   51 33 49.3559170  0.00006089 0.0004185   0.058  58165.1 57427.7 58644.9      5    225      1121+518
ICRF J112424.6+655501  1121+661     11 24 24.66600674   65 55 01.3818951  0.00002229 0.0001243   0.094  58415.0 57134.8 59642.1      6    568      1121+661
ICRF J112431.5+230755  1121+234     11 24 31.58829171   23 07 55.9534396  0.00000428 0.0001071  -0.136  57625.7 54111.8 58556.9      5    405      1121+234
ICRF J112445.7-040227  1122-037     11 24 45.78532579  -04 02 27.8417780  0.00000625 0.0002173  -0.135  59873.0 59560.6 60162.4      5    270      1122-037
ICRF J112507.9+072208  1122+076     11 25 07.93005677   07 22 08.3092116  0.00000554 0.0001339  -0.056  58847.9 58540.2 59460.3      5    380      1122+076
ICRF J112531.4-355703  1123-356     11 25 31.48184100  -35 57 03.3522508  0.00000768 0.0002614   0.135  58759.7 56817.4 60675.9      8    317      1123-356
ICRF J112542.2+000101  1123+002     11 25 42.28994569   00 01 01.3979952  0.00000379 0.0000796  -0.147  58367.7 57659.8 58746.6     11    635      1123+002
ICRF J112553.7+261019  1123+264     11 25 53.71192037   26 10 19.9786939  0.00000046 0.0000068  -0.036  57368.1 46976.9 60849.7    524  24089      1123+264
ICRF J112558.7+200554  1123+203     11 25 58.74193372   20 05 54.3372113  0.00000551 0.0001070   0.114  55648.9 50084.5 58667.8      6    396      1123+203
ICRF J112644.1-382844  1124-382     11 26 44.13330399  -38 28 44.0467075  0.00000722 0.0002657   0.036  58191.5 53125.1 60152.8      9    288      1124-382
ICRF J112653.1+062556  1124+067     11 26 53.14604106   06 25 56.9402328  0.00000558 0.0001369  -0.102  58670.9 53559.8 60799.7      8    753      1124+067
ICRF J112657.5-055552  1124-056     11 26 57.52323460  -05 55 52.7842749  0.00000496 0.0001736  -0.100  59011.3 53560.9 60770.3      7    539      1124-056
ICRF J112657.6+451606  1124+455     11 26 57.65496725   45 16 06.2844794  0.00000427 0.0000731  -0.200  57301.9 50305.3 58942.4      5    494      1124+455
ICRF J112704.3-185717  1124-186  D  11 27 04.39245514  -18 57 17.4418461  0.00000028 0.0000053   0.021  56526.6 46874.8 60856.7   2697 102094      1124-186
ICRF J112712.4-073512  1124-073     11 27 12.43629619  -07 35 12.1638375  0.00000453 0.0001481   0.207  56468.5 50575.3 58644.9      5    442      1124-073
ICRF J112736.5+055532  1125+062     11 27 36.52554798   05 55 32.0591327  0.00000228 0.0000621  -0.047  56039.9 53125.1 58746.6      8   1249      1125+062
ICRF J112740.1+565014  1124+571     11 27 40.13517258   56 50 14.7954394  0.00000774 0.0000661   0.064  57650.7 49576.0 60152.8      7    475      1124+571
ICRF J112750.4+215334  1125+221     11 27 50.46724960   21 53 34.8063482  0.00000335 0.0000789  -0.141  58767.8 58330.5 59271.2      5    484      1125+221
ICRF J112758.8+362028  1125+366     11 27 58.87083493   36 20 28.3514151  0.00000270 0.0000430  -0.017  57827.5 50241.8 60500.7     58   1709      1125+366
ICRF J112813.3+592514  1125+596     11 28 13.34065889   59 25 14.7986018  0.00000425 0.0000390   0.057  54309.1 49421.9 60152.8      8    857      1125+596
ICRF J112824.6-112218  1125-110     11 28 24.64463182  -11 22 18.0516023  0.00002243 0.0008714  -0.535  58686.0 56808.7 60406.0     11    230      1125-110
ICRF J112833.0+324322  1125+329     11 28 33.03507044   32 43 22.6548396  0.00003797 0.0006626  -0.240  60141.9 59693.1 60485.9      4    154      1125+329
ICRF J112835.5+210237  1125+213     11 28 35.54136854   21 02 37.3567450  0.00000544 0.0001095   0.113  57639.2 50084.5 58667.8      7    383      1125+213
ICRF J112836.5+683421  1125+688     11 28 36.52472216   68 34 21.8099046  0.00001814 0.0001237   0.277  60044.0 59693.1 60530.8      5    366      1125+688
ICRF J112845.5+103906  1126+109     11 28 45.54964348   10 39 06.9812635  0.00000749 0.0002187  -0.393  57998.1 55775.7 58803.0      6    288      1126+109
ICRF J112851.6+232617  1126+237     11 28 51.69496985   23 26 17.3441613  0.00001517 0.0002657  -0.150  58239.4 57932.8 58592.8      5    259      1126+237
ICRF J112914.0+095159  1126+101     11 29 14.09758052   09 51 59.0130814  0.00000464 0.0001303   0.197  59768.3 59460.3 60135.7      5    352      1126+101
ICRF J112914.3+370317  1126+373     11 29 14.31305010   37 03 17.9267227  0.00000932 0.0001939  -0.131  60623.6 60406.0 60799.7      3    218      1126+373
ICRF J112931.7-443549  1127-443     11 29 31.72208821  -44 35 49.9414142  0.00001326 0.0004371  -0.049  58614.3 54722.8 60425.9     10    207      1127-443
ICRF J112935.5-044659  1127-045     11 29 35.51166017  -04 46 59.4922052  0.00001487 0.0003192   0.404  58959.3 58304.5 60530.8      6    215      1127-045
ICRF J112941.6+021833  1127+025     11 29 41.62661283   02 18 33.7843741  0.00000791 0.0001730  -0.252  59068.3 58551.2 59693.1      5    269      1127+025
ICRF J112947.9+502551  1127+507     11 29 47.95953581   50 25 51.3123249  0.00009548 0.0015653  -0.062  60084.7 59707.7 60323.7      4     94      1127+507
ICRF J112952.9-024007  1127-023     11 29 52.91913392  -02 40 07.7734991  0.00000375 0.0000951  -0.289  58368.3 57673.7 58771.7      9    428      1127-023
ICRF J112955.7-370757  1127-368     11 29 55.78376772  -37 07 57.3598957  0.00000981 0.0003446   0.101  58224.3 53502.7 60425.9      7    285      1127-368
ICRF J113004.4-360804  1127-358     11 30 04.41683041  -36 08 04.0844729  0.00000868 0.0003076  -0.004  58344.3 52408.7 60442.8      7    263      1127-358
ICRF J113007.0-144927  1127-145     11 30 07.05259325  -14 49 27.3883611  0.00000230 0.0000256   0.159  53838.4 45258.0 58576.8     58    996      1127-145
ICRF J113017.3+073213  1127+078     11 30 17.38226210   07 32 13.0284081  0.00000680 0.0002306  -0.428  59124.9 57722.8 60799.7      8    628      1127+078
ICRF J113035.9+084643  1128+090     11 30 35.95154358   08 46 43.1071431  0.00000321 0.0000979  -0.180  57209.4 53133.5 58899.4      5    501      1128+090
ICRF J113036.9+105401  1128+111     11 30 36.99434276   10 54 01.2341997  0.00000420 0.0001372  -0.025  59929.5 59508.8 60259.3      5    327      1128+111
ICRF J113042.4+303135  1128+308     11 30 42.42920487   30 31 35.3878273  0.00000364 0.0000723  -0.035  57108.5 50218.8 58899.4      5    514      1128+308
ICRF J113053.2+381518  1128+385     11 30 53.28261643   38 15 18.5469246  0.00000029 0.0000047  -0.038  54602.4 45774.8 60852.8   2021 119092      1128+385
ICRF J113125.4+512857  1128+517     11 31 25.48902839   51 28 57.4493821  0.00002232 0.0004360  -0.031  58652.7 57427.7 60623.9      6    319      1128+517
ICRF J113130.5-050019  1128-047     11 31 30.51676370  -05 00 19.6574509  0.00000366 0.0000811   0.091  56727.1 49098.7 60770.3     20    841      1128-047
ICRF J113136.7-162833  1129-161     11 31 36.74789992  -16 28 33.4364303  0.00000614 0.0001950  -0.219  59394.1 53559.8 60834.1      7    481      1129-161
ICRF J113143.2-581853  1129-580     11 31 43.28802490  -58 18 53.4432968  0.00000566 0.0000658   0.388  57108.6 49534.0 58659.7     29    447      1129-580
ICRF J113219.1-742509  1130-741     11 32 19.11003890  -74 25 09.0236554  0.00009911 0.0004192   0.611  55155.7 54722.8 59051.7      2     10      1130-741
ICRF J113245.6+003427  1130+008     11 32 45.61909917   00 34 27.8243372  0.00001172 0.0003662  -0.465  58330.0 57659.8 58794.6      6    321      1130+008
ICRF J113259.4+102342  1130+106     11 32 59.48879670   10 23 42.2136325  0.00000305 0.0000884  -0.256  59060.6 57218.8 60834.1      8    776      1130+106
ICRF J113303.0+001548  1130+005     11 33 03.03003088   00 15 48.9799031  0.00000292 0.0001000  -0.046  57591.8 53560.9 58794.6      9    709      1130+005
ICRF J113305.1-040047  1130-037     11 33 05.11226669  -04 00 47.6907766  0.00001137 0.0005122  -0.419  58812.7 58326.5 60530.8      5    187      1130-037
ICRF J113320.0+004052  1130+009  D  11 33 20.05579440   00 40 52.8370775  0.00000099 0.0000219  -0.132  57752.2 47019.0 60834.1    164   6101      1130+009
ICRF J113335.9-090523  1131-088     11 33 35.99284269  -09 05 23.4017209  0.00000657 0.0002335  -0.384  57749.8 53572.0 58669.6      5    315      1131-088
ICRF J113357.5+005846  1131+012     11 33 57.58757851   00 58 46.3224793  0.00001349 0.0003843  -0.386  58907.2 58556.9 59693.1      5    276      1131+012
ICRF J113411.4+724920  1131+730     11 34 11.40780387   72 49 20.0531443  0.00002323 0.0001322   0.188  58384.2 49826.5 60554.7      8    657      1131+730
ICRF J113430.8+050005  1131+052     11 34 30.89080911   05 00 05.9819974  0.00001527 0.0003881  -0.019  59140.0 58556.9 59981.8      5    361      1131+052
ICRF J113505.9+370840  1132+374     11 35 05.93216499   37 08 40.7651928  0.00003720 0.0007331   0.401  60110.8 59693.1 60425.9      4    144      1132+374
ICRF J113513.0-002118  1132-000     11 35 13.01203087  -00 21 18.9844718  0.00002427 0.0005159   0.154  59357.6 58556.9 60530.8      6    248      1132-000
ICRF J113520.7-305629  1132-306     11 35 20.77661400  -30 56 29.9289399  0.00000797 0.0002831   0.106  58373.5 53522.9 60485.9      7    294      1132-306
ICRF J113558.2-042827  1133-041     11 35 58.23496804  -04 28 27.8861673  0.00000318 0.0000808   0.037  57074.6 53559.8 59795.8      8    434      1133-041
ICRF J113602.0-682705  1133-681     11 36 02.09812232  -68 27 05.8225661  0.00001454 0.0000932   0.204  58319.5 57987.7 59051.7      4    161      1133-681
ICRF J113609.6-741545  1134-739     11 36 09.65965313  -74 15 45.2742063  0.00006036 0.0002362   0.170  55868.5 52886.6 58289.8      7     41      1133-739
ICRF J113624.5-033029  1133-032  D  11 36 24.57693720  -03 30 29.4966731  0.00000049 0.0000091  -0.058  58288.0 50575.3 60852.8    699  19038      1133-032
ICRF J113626.4+700927  1133+704     11 36 26.40846476   70 09 27.3070801  0.00001624 0.0000800  -0.059  55728.3 49826.5 59971.0     19    492      MRK180  
ICRF J113627.3+340739  1133+344     11 36 27.34393872   34 07 39.4841422  0.00000346 0.0000729  -0.154  58311.5 53560.9 60799.7      7    748      1133+344
ICRF J113630.3-005342  1133-006     11 36 30.30958997  -00 53 42.2413601  0.00001324 0.0005246  -0.464  59054.9 58556.9 59894.2      5    252      1133-006
ICRF J113637.9-052313  1134-051     11 36 37.97754688  -05 23 13.2159412  0.00000269 0.0001030  -0.118  59663.6 58756.7 60162.4      7    619      1134-051
ICRF J113821.1+474515  1135+480     11 38 21.13814548   47 45 15.3967597  0.00000536 0.0000713   0.046  57247.0 50305.3 58942.4      5    477      1135+480
ICRF J113850.8+042839  1136+047     11 38 50.83916143   04 28 39.5322024  0.00000484 0.0000936  -0.026  59039.8 58592.8 59707.7      5    360      1136+047
ICRF J113855.5-465342  1136-466     11 38 55.55914717  -46 53 42.2601154  0.00002081 0.0005758  -0.077  58088.9 57152.0 59522.9      5     89      1136-466
ICRF J113902.7+403254  1136+408     11 39 02.73424821   40 32 54.8414501  0.00000477 0.0000724   0.049  56943.3 50241.8 58942.4      5    528      1136+408
ICRF J113905.2+011023  1136+014     11 39 05.26381353   01 10 23.1712152  0.00001941 0.0006679  -0.191  59497.4 58592.8 60323.7      8    272      1136+014
ICRF J113910.7-135043  1136-135     11 39 10.70260150  -13 50 43.6398246  0.00000517 0.0001770  -0.084  56523.2 50575.3 58631.3      4    240      1136-135
ICRF J113929.5-155251  1136-156     11 39 29.57606566  -15 52 51.6537719  0.00000361 0.0001260   0.054  56692.9 50631.3 58631.3      6    284      1136-156
ICRF J113951.5+765432  1136+771     11 39 51.53876609   76 54 32.3461574  0.00001904 0.0000673   0.128  56655.1 49826.5 58803.0      5    598      1136+771
ICRF J113957.0+654749  1137+660     11 39 57.02553343   65 47 49.4832024  0.00000900 0.0000532  -0.205  58843.8 55041.8 60554.7      7    669      1137+660
ICRF J114010.5-273040  1137-272     11 40 10.59847862  -27 30 40.6540073  0.00000617 0.0002248  -0.047  57598.5 53572.0 58592.8      5    261      1137-272
ICRF J114027.7+120308  1137+123     11 40 27.74465233   12 03 08.2702077  0.00001400 0.0005361  -0.478  58069.7 57098.3 58803.0      5    272      1137+123
ICRF J114029.6+465728  1137+472     11 40 29.64545758   46 57 28.1447908  0.00004699 0.0007804  -0.051  60140.1 59867.7 60323.7      3    127      1137+472
ICRF J114051.3-280038  1138-277     11 40 51.36929148  -28 00 38.7288967  0.00000550 0.0001917   0.110  58053.7 53559.8 60219.1      6    260      1138-277
ICRF J114057.5+402218  1138+406     11 40 57.57863789   40 22 18.2042777  0.00000803 0.0001341  -0.449  60178.6 59867.7 60425.9      4    379      1138+406
ICRF J114108.9+014719  1138+020     11 41 08.90120294   01 47 19.9756062  0.00000434 0.0000968  -0.087  59098.2 58592.8 59707.7      5    342      1138+020
ICRF J114112.2+641005  1138+644     11 41 12.22817056   64 10 05.5078441  0.00001227 0.0000831   0.003  57191.8 49826.5 58631.3      5    456      1138+644
ICRF J114120.2+002256  1138+006     11 41 20.26920161   00 22 56.7801585  0.00000470 0.0000894  -0.051  58286.8 57673.7 58829.4      8    459      1138+006
ICRF J114124.1-121638  1138-120     11 41 24.19700897  -12 16 38.6462727  0.00001989 0.0005846   0.350  58333.2 53560.9 60425.9      5    221      1138-120
ICRF J114207.7+154754  1139+160     11 42 07.73593126   15 47 54.1790248  0.00000364 0.0001084  -0.181  57791.4 53572.0 58803.0      5    435      1139+160
ICRF J114306.0+184342  1140+190     11 43 06.02875149   18 43 42.8751795  0.00001361 0.0004522  -0.392  58282.2 57932.8 58829.4      5    279      1140+190
ICRF J114326.0+183438  1140+188     11 43 26.06966432   18 34 38.3600278  0.00000385 0.0000983  -0.006  56554.8 50084.5 58667.8      6    366      1140+188
ICRF J114337.8+231502  1141+235     11 43 37.89718973   23 15 02.4461552  0.00000670 0.0001827   0.031  60242.4 60097.9 60323.7      3    247      1141+235
ICRF J114341.6+663331  1140+668     11 43 41.60335817   66 33 31.2298805  0.00001849 0.0001186   0.147  57202.8 49826.5 59230.1      6    428      1140+668
ICRF J114408.7+005436  1141+011     11 44 08.71380164   00 54 36.3359305  0.00000419 0.0001317   0.032  57987.8 53559.8 58871.4      7    605      1141+011
ICRF J114501.4-390916  1142-388     11 45 01.49525431  -39 09 16.9552752  0.00001422 0.0004854   0.165  60170.3 59642.1 60442.8      4    107      1142-388
ICRF J114505.0+193622  1142+198     11 45 05.00904489   19 36 22.7411628  0.00000359 0.0001039  -0.025  56101.2 50385.8 60259.3     23    618      NGC3862 
ICRF J114513.8-025939  1142-027     11 45 13.86888573  -02 59 39.0483661  0.00001989 0.0006005   0.734  59416.4 58600.6 60323.7      8    315      1142-027
ICRF J114514.9+131015  1142+134     11 45 14.95116587   13 10 15.3793590  0.00000771 0.0002234  -0.387  59572.1 57046.0 60834.1     11    415      1142+134
ICRF J114521.3+045526  1142+052     11 45 21.31516304   04 55 26.6878045  0.00000228 0.0000696   0.007  58172.8 49913.7 60834.1     12    904      1142+052
ICRF J114522.0-225031  1142-225     11 45 22.04682895  -22 50 31.3428691  0.00000474 0.0000912   0.096  56162.1 50631.3 58983.8     15    346      1142-225
ICRF J114525.9+415623  1142+422     11 45 25.99791822   41 56 23.1077127  0.00000857 0.0001363  -0.255  58942.5 57011.1 60799.7      7    670      1142+422
ICRF J114538.5+442021  1143+446     11 45 38.51860072   44 20 21.9141741  0.00000602 0.0000889  -0.050  58632.2 50305.3 60162.4      7    624      1143+446
ICRF J114553.6-695401  1143-696  D  11 45 53.62418712  -69 54 01.7976087  0.00000701 0.0000461   0.341  57202.3 52871.9 59604.7     56    959      1143-696
ICRF J114608.1-244732  1143-245  D  11 46 08.10331106  -24 47 32.8965770  0.00000183 0.0000394   0.079  57833.0 47639.0 60834.1     94   3014      1143-245
ICRF J114626.1-285918  1143-287     11 46 26.18858646  -28 59 18.5048000  0.00000446 0.0000897  -0.177  56343.6 50687.3 59320.9     25    368      1143-287
ICRF J114626.9+584834  1143+590     11 46 26.91161168   58 48 34.2633106  0.00000493 0.0000430  -0.054  58295.0 49576.0 60675.9      8    708      1143+590
ICRF J114627.5-032350  1143-031     11 46 27.58956853  -03 23 50.4721845  0.00000782 0.0001802  -0.275  58897.7 58600.6 59405.2      5    258      1143-031
ICRF J114628.4-332842  1143-332  D  11 46 28.45176347  -33 28 42.6323554  0.00000322 0.0000814   0.057  58280.2 54313.8 60675.9     74   1476      1143-332
ICRF J114631.7+045819  1143+052     11 46 31.74136314   04 58 19.2885653  0.00000415 0.0001314  -0.252  58241.4 57098.3 58899.4      6    530      1143+052
ICRF J114644.2+535643  1144+542     11 46 44.20434462   53 56 43.0826454  0.00000461 0.0000515   0.196  57798.9 49576.0 60675.9      6    490      1144+542
ICRF J114658.2+395834  1144+402  D  11 46 58.29791585   39 58 34.3044166  0.00000030 0.0000046  -0.026  57870.4 45137.9 60842.7   1118 113787      1144+402
ICRF J114701.3-381211  1144-379  D  11 47 01.37071240  -38 12 11.0235527  0.00000037 0.0000062   0.022  57273.4 47681.9 60856.7   2616  84088      1144-379
ICRF J114704.8-043542  1144-043     11 47 04.86403894  -04 35 42.2111476  0.00000347 0.0001185  -0.259  59770.0 57973.7 60770.3      8    516      1144-043
ICRF J114722.1+350107  1144+352     11 47 22.12906923   35 01 07.5336974  0.00000673 0.0001204  -0.217  56755.8 50241.8 58899.4      7    327      1144+352
ICRF J114733.3-675341  1145-676     11 47 33.39956438  -67 53 41.7696211  0.00001258 0.0000912   0.231  58003.3 57152.0 58821.8     11    311      1145-676
ICRF J114751.5-072441  1145-071     11 47 51.55403672  -07 24 41.1412319  0.00000067 0.0000117  -0.076  54028.2 47175.5 60704.8    316  12630      1145-071
ICRF J114759.7+263542  1145+268     11 47 59.76390944   26 35 42.3323847  0.00000075 0.0000155  -0.082  57841.6 50218.8 60824.8    288   8683      1145+268
ICRF J114807.1-004645  1145-005     11 48 07.19196189  -00 46 45.6736707  0.00000468 0.0001722  -0.379  58066.5 53559.8 58899.4      6    472      1145-005
ICRF J114818.8+315410  1145+321     11 48 18.88003087   31 54 10.0167393  0.00000725 0.0001654  -0.063  58797.5 58272.3 59693.1      5    348      1145+321
ICRF J114837.7+184008  1146+189     11 48 37.77673814   18 40 08.9683672  0.00000307 0.0000747   0.047  57376.7 50084.5 60259.3      6    526      1146+189
ICRF J114850.3+592456  1146+596     11 48 50.35817192   59 24 56.3822628  0.00000750 0.0000588  -0.183  57116.1 49576.0 60203.4     12    718      NGC3894 
ICRF J114855.8-040409  1146-037     11 48 55.88485095  -04 04 09.5632732  0.00000488 0.0001620  -0.184  56666.6 50575.3 58669.6      5    370      1146-037
ICRF J114856.5+525425  1146+531     11 48 56.56910989   52 54 25.3224497  0.00000461 0.0000498   0.097  57595.4 55740.7 58669.6      5    426      1146+531
ICRF J114908.9+282434  1146+286     11 49 08.90552352   28 24 34.8940279  0.00000373 0.0000874   0.034  57120.9 53560.9 58592.8      5    411      1146+286
ICRF J114933.9+355908  1146+362     11 49 33.97565373   35 59 08.0954522  0.00000464 0.0000981  -0.162  57703.7 54111.8 58921.9      5    452      1146+362
ICRF J115016.6+433205  1147+438     11 50 16.60280214   43 32 05.9062016  0.00000420 0.0000756  -0.003  58383.2 50241.8 60162.4      7    704      1147+438
ICRF J115019.2+241753  1147+245     11 50 19.21218414   24 17 53.8352226  0.00000108 0.0000151   0.008  56849.1 48719.9 60704.8    109   4912      1147+245
ICRF J115023.9-064026  1147-063     11 50 23.98670079  -06 40 26.5711170  0.00000286 0.0000795  -0.202  57509.0 53502.7 59110.3      8    445      1147-063
ICRF J115031.5-193049  1147-192     11 50 31.52709390  -19 30 49.5488953  0.00000595 0.0001659  -0.007  57236.5 54558.7 58634.5      7    306      1147-192
ICRF J115032.7+063029  1147+067     11 50 32.72910367   06 30 29.4193718  0.00000705 0.0001741  -0.220  57453.4 53572.0 58899.4      5    391      1147+067
ICRF J115034.5+653928  1147+659     11 50 34.54008607   65 39 28.2733642  0.00001859 0.0001313  -0.110  58746.7 57358.8 60554.7      6    488      1147+659
ICRF J115043.8-002354  1148-001     11 50 43.87078798  -00 23 54.2050614  0.00000231 0.0000626  -0.068  54203.0 47284.7 58899.4     36    831      1148-001
ICRF J115103.2-172359  1148-171     11 51 03.20362304  -17 23 59.8446438  0.00000632 0.0002187  -0.121  56856.1 50631.3 58634.5      5    308      1148-171
ICRF J115113.4-672811  1148-671     11 51 13.42653578  -67 28 11.0941108  0.00000890 0.0000744   0.162  56845.3 48043.0 58609.6     30    386      1148-671
ICRF J115124.6+585917  1148+592     11 51 24.66052476   58 59 17.5666742  0.00001938 0.0001691  -0.215  60154.1 59707.7 60485.9      4    318      1148+592
ICRF J115129.3+382552  1148+387     11 51 29.36129692   38 25 52.3736291  0.00001299 0.0002663   0.341  59503.2 57951.7 60799.7      8    460      1148+387
ICRF J115217.2-084103  1149-084  D  11 52 17.20951625  -08 41 03.3139866  0.00000035 0.0000058   0.029  58647.6 50575.3 60824.8    873  47843      1149-084
ICRF J115227.4+320959  1149+324     11 52 27.48829368   32 09 59.3719250  0.00001179 0.0002259  -0.263  59728.7 57951.7 60834.1     11    422      1149+324
ICRF J115232.8+493938  1149+499     11 52 32.87107780   49 39 38.7676652  0.00000265 0.0000384  -0.181  57752.0 52408.7 60162.4      7    828      1149+499
ICRF J115251.9+330718  1150+334     11 52 51.91019503   33 07 18.7638806  0.00000307 0.0000641  -0.149  58872.2 53559.8 60834.1      8    746      1150+334
ICRF J115253.2-834409  1150-834     11 52 53.22193788  -83 44 09.4414327  0.00025751 0.0002152  -0.323  58197.8 58107.8 58527.8      2     14      1150-834
ICRF J115255.4-051948  1150-050     11 52 55.49156730  -05 19 48.5342734  0.00000361 0.0001215  -0.114  59146.8 53560.9 60799.7      8    647      1150-050
ICRF J115312.4+805829  1150+812     11 53 12.49923337   80 58 29.1546008  0.00000476 0.0000124   0.081  53271.4 44342.5 59378.0     98   6929      1150+812
ICRF J115312.5+091402  1150+095     11 53 12.55211702   09 14 02.2790421  0.00000634 0.0001969  -0.161  56934.7 49913.7 58899.4      5    396      1150+095
ICRF J115322.3-110512  1150-108     11 53 22.31371489  -11 05 12.5880063  0.00000588 0.0002110   0.020  56554.6 50575.3 58634.5      5    334      1150-108
ICRF J115323.9+583138  1150+588     11 53 23.97129181   58 31 38.5463102  0.00001714 0.0001937   0.461  60549.2 60485.9 60675.9      2    153      1150+588
ICRF J115324.4+493108  1150+497  D  11 53 24.46664855   49 31 08.8301357  0.00000123 0.0000175   0.049  57738.6 47930.6 60834.1     94   5566      1150+497
ICRF J115326.7+361726  1150+365     11 53 26.70300164   36 17 26.2895723  0.00001145 0.0002032  -0.444  59358.5 57951.7 60834.1      7    536      1150+365
ICRF J115348.5+095554  1151+102     11 53 48.52738661   09 55 54.8882492  0.00000211 0.0000656  -0.132  58062.1 49913.7 60834.1      7    698      1151+102
ICRF J115350.9-032933  1151-032     11 53 50.93668139  -03 29 33.3303627  0.00000738 0.0002698  -0.426  59178.8 58621.5 59926.0      5    291      1151-032
ICRF J115354.6+403652  1151+408     11 53 54.65894076   40 36 52.6192990  0.00000331 0.0000494  -0.035  57372.4 50241.8 60219.1      6    564      1151+408
ICRF J115401.3+593454  1151+598     11 54 01.36620231   59 34 54.1996318  0.00000789 0.0000888  -0.016  57877.2 56301.8 58669.6      5    481      1151+598
ICRF J115404.5+602220  1151+606     11 54 04.53531116   60 22 20.8156220  0.00000477 0.0000478  -0.040  60179.2 59693.1 60485.9      4    375      1151+606
ICRF J115406.1-324242  1151-324     11 54 06.16638403  -32 42 42.9809394  0.00000693 0.0002313  -0.045  57412.1 52305.8 60485.9      6    294      1151-324
ICRF J115409.2+023815  1151+029     11 54 09.28566705   02 38 15.1421058  0.00000697 0.0002487  -0.018  59570.7 58631.3 60323.7      7    284      1151+029
ICRF J115410.4+122509  1151+126     11 54 10.40732477   12 25 09.7544931  0.00000557 0.0001604  -0.218  58189.8 55775.7 59522.9      5    507      1151+126
ICRF J115421.7-350529  1151-348     11 54 21.78718413  -35 05 29.0619616  0.00001820 0.0005633  -0.464  58189.2 52305.8 60442.8     12    246      1151-348
ICRF J115503.1-310758  1152-308     11 55 03.15767966  -31 07 58.7279416  0.00000544 0.0001904  -0.032  57256.3 52305.8 60675.9      7    319      1152-308
ICRF J115511.0+455539  1152+462     11 55 11.00901666   45 55 39.6291891  0.00001443 0.0002051  -0.097  57719.2 50305.3 58512.3      5    338      1152+462
ICRF J115515.2-294954  1152-295     11 55 15.26211296  -29 49 54.3620700  0.00000719 0.0002554  -0.156  58953.1 57134.8 60259.3      9    291      1152-295
ICRF J115533.0-363010  1153-362     11 55 33.06260641  -36 30 10.9471781  0.00002959 0.0012276  -0.686  60113.6 59693.1 60442.8      4     94      1153-362
ICRF J115536.8-121635  1153-119     11 55 36.81939673  -12 16 35.5051237  0.00000783 0.0002711  -0.082  57248.0 50575.3 58634.5      5    276      1153-119
ICRF J115545.5-101752  1153-100     11 55 45.55137705  -10 17 52.2463391  0.00000867 0.0002864  -0.372  57818.3 53572.0 58644.9      5    279      1153-100
ICRF J115615.8-205429  1153-206     11 56 15.83484020  -20 54 29.8510984  0.00012619 0.0029100   0.281  60106.9 59508.8 60448.8      7     57      1153-206
ICRF J115627.2+730650  1153+733     11 56 27.25901151   73 06 50.1699893  0.00002486 0.0001101   0.270  58752.1 58245.2 59776.7      5    411      1153+733
ICRF J115648.6-082646  1154-081     11 56 48.69598327  -08 26 46.4941198  0.00000362 0.0001432  -0.178  59956.6 59440.3 60162.4      5    354      1154-081
ICRF J115654.4+093241  1154+098     11 56 54.47601459   09 32 41.3751734  0.00002612 0.0006262   0.080  60082.0 59742.1 60406.0      4    229      1154+098
ICRF J115700.6+064112  1154+069     11 57 00.65253209   06 41 12.5895723  0.00000417 0.0001393  -0.254  57865.9 54111.8 58921.9      5    443      1154+069
ICRF J115712.7+811823  1154+815     11 57 12.76169896   81 18 23.9788976  0.00030912 0.0004715   0.259  58497.8 53780.1 60485.9      7    262      1154+815
ICRF J115720.5+545739  1154+552     11 57 20.50371559   54 57 39.3849645  0.00011219 0.0014283   0.043  60124.6 59707.7 60406.0      4     99      1154+552
ICRF J115734.8+163859  1155+169     11 57 34.83630246   16 38 59.6500503  0.00000269 0.0000625   0.137  55541.6 50084.5 60259.3      7    571      1155+169
ICRF J115820.2+182149  1155+186     11 58 20.28474130   18 21 49.2555307  0.00001042 0.0002932  -0.247  59549.6 58658.7 60323.7      7    349      1155+186
ICRF J115825.7+245017  1155+251     11 58 25.78756409   24 50 17.9639480  0.00000318 0.0000701  -0.085  53924.2 48178.7 58592.8     22    545      1155+251
ICRF J115826.7+482516  1155+486     11 58 26.76952028   48 25 16.2295229  0.00000518 0.0000643  -0.199  56952.4 50305.3 58512.3      5    491      1155+486
ICRF J115910.4+030211  1156+033     11 59 10.42233817   03 02 11.0470966  0.00000659 0.0002216  -0.422  59318.3 58631.3 59926.0      5    471      1156+033
ICRF J115910.7-215004  1156-215     11 59 10.78536404  -21 50 04.6736056  0.00001207 0.0004516  -0.220  59674.0 58386.0 60448.8      9    246      1156-215
ICRF J115911.2-222836  1156-221     11 59 11.26726325  -22 28 36.9008616  0.00000459 0.0001668   0.101  55533.0 50631.3 58621.5      6    326      1156-221
ICRF J115911.8+095446  1156+101     11 59 11.86681620   09 54 46.9880098  0.00000334 0.0001008  -0.141  58334.9 53559.8 60675.9      6    469      1156+101
ICRF J115912.7-094052  1156-094     11 59 12.71170785  -09 40 52.0490647  0.00000328 0.0000867  -0.122  56266.1 47776.6 59367.7     30    720      1156-094
ICRF J115918.3-663539  1156-663     11 59 18.30544096  -66 35 39.4272061  0.00001208 0.0001067   0.328  56165.9 52871.9 58821.8     54    300      1156-663
ICRF J115921.4-214244  1156-214     11 59 21.43252786  -21 42 44.9133212  0.00000303 0.0001060   0.059  57658.9 54558.7 59271.2     10    516      1156-214
ICRF J115931.8+291443  1156+295     11 59 31.83391549   29 14 43.8268064  0.00000025 0.0000047  -0.017  55486.2 46976.9 60856.7   1997 121801      1156+295
ICRF J115935.2+022010  1157+026     11 59 35.25454969   02 20 10.6015316  0.00003393 0.0006101   0.079  59547.8 58631.3 60406.0      7    296      1157+026
ICRF J115940.9-012708  1157-011     11 59 40.97094644  -01 27 08.4122542  0.00001267 0.0004609  -0.153  59115.5 58330.5 60406.0      9    277      1157-011
ICRF J115944.8+011206  1157+014     11 59 44.82785530   01 12 06.9842516  0.00000507 0.0000677   0.083  58332.3 57581.7 59280.1      9    644      1157+014
ICRF J115951.9-214853  1157-215     11 59 51.90611788  -21 48 53.7075786  0.00000315 0.0001209  -0.127  56319.1 50631.3 59280.1      7    490      1157-215
ICRF J120011.3+530046  1157+532     12 00 11.38428447   53 00 46.8775060  0.00000700 0.0000770   0.140  57465.6 53560.9 58677.2      6    380      1157+532
ICRF J120045.5+040637  1158+043     12 00 45.51077278   04 06 37.1113536  0.00006082 0.0013385   0.458  59494.9 58634.5 60406.0      7    125      1158+043
ICRF J120123.2+002828  1158+007     12 01 23.25076417   00 28 28.3163736  0.00000328 0.0001147  -0.422  57980.4 53572.0 59280.1      9    806      1158+007
ICRF J120144.2+143136  1159+148     12 01 44.26885800   14 31 36.4501240  0.00000224 0.0000632  -0.138  56848.3 53559.8 60675.9      7    793      1159+148
ICRF J120208.6+444422  1159+450     12 02 08.66258976   44 44 22.4751298  0.00002292 0.0002523  -0.339  58563.1 58002.7 59560.6      5    314      1159+450
ICRF J120219.7+081638  1159+085     12 02 19.70186366   08 16 38.2724410  0.00000393 0.0001201  -0.090  59843.3 59560.6 60152.8      5    425      1159+085
ICRF J120234.2-052802  1200-051     12 02 34.22488722  -05 28 02.4910096  0.00000177 0.0000514  -0.010  58983.6 50575.3 60799.7      9   1113      1200-051
ICRF J120255.2+023526  1200+028     12 02 55.27620413   02 35 26.6426296  0.00000615 0.0001622  -0.321  58408.1 57659.8 58942.4      8    346      1200+028
ICRF J120301.0+063441  1200+068     12 03 01.01265996   06 34 41.5374436  0.00000471 0.0001093   0.006  58491.0 49913.7 60683.7      9    661      1200+068
ICRF J120303.5+603119  1200+608     12 03 03.50713839   60 31 19.1630320  0.00001082 0.0000901   0.056  57734.0 54087.1 58631.3      5    450      1200+608
ICRF J120312.9+111817  1200+115     12 03 12.98114983   11 18 17.3399325  0.00000469 0.0001003  -0.208  59675.8 58658.7 60295.4      6    537      1200+115
ICRF J120317.8-392621  1200-391     12 03 17.88419609  -39 26 21.0720361  0.00007400 0.0025904   0.085  60498.2 60448.8 60675.9      2     23      1200-391
ICRF J120321.9+041419  1200+045     12 03 21.93503030   04 14 19.0938729  0.00000833 0.0001830  -0.231  57561.9 54124.8 58644.9      5    367      1200+045
ICRF J120329.8+480313  1200+483     12 03 29.85301897   48 03 13.6261533  0.00000330 0.0000457  -0.113  56901.9 52408.7 58512.3      5    483      1200+483
ICRF J120331.7+463255  1200+468     12 03 31.79784432   46 32 55.5574576  0.00001804 0.0002372   0.136  57817.6 50305.3 58530.3      6    341      1200+468
ICRF J120335.3+451049  1201+454     12 03 35.39549999   45 10 49.5647620  0.00003069 0.0004159  -0.313  58573.8 58237.7 59560.6      5    274      1201+454
ICRF J120338.2+583708  1201+588     12 03 38.22400207   58 37 08.5881314  0.00008379 0.0008400   0.385  60120.7 59742.1 60497.5      5    163      1201+588
ICRF J120402.0-042245  1201-041     12 04 02.00058560  -04 22 45.1623813  0.00001683 0.0006315  -0.275  58814.6 58340.4 60406.0      5    206      1201-041
ICRF J120416.6-071009  1201-068     12 04 16.66470296  -07 10 09.0054226  0.00000428 0.0001149  -0.137  58220.6 57497.7 60219.1      6    437      1201-068
ICRF J120436.1+485653  1202+492     12 04 36.17946355   48 56 53.9554764  0.00001818 0.0002165  -0.074  58967.5 57874.7 60675.9      7    367      1202+492
ICRF J120436.7+522841  1202+527     12 04 36.79983295   52 28 41.7676423  0.00000838 0.0000895  -0.219  59279.8 58386.0 59981.8      5    367      1202+527
ICRF J120451.6+040814  1202+044     12 04 51.67472549   04 08 14.0977628  0.00000690 0.0002194  -0.364  59432.6 58644.9 59951.1      4    310      1202+044
ICRF J120518.7+052748  1202+057     12 05 18.70550079   05 27 48.5330969  0.00000428 0.0001413  -0.040  59821.9 59080.8 60152.8      5    386      1202+057
ICRF J120533.2-263404  1202-262     12 05 33.21229729  -26 34 04.4634908  0.00000360 0.0001365   0.019  56917.4 50631.3 60259.3      6    459      1202-262
ICRF J120548.4+005343  1203+011     12 05 48.49087169   00 53 43.8722647  0.00000710 0.0002641  -0.377  59408.4 58644.9 59951.1      4    255      1203+011
ICRF J120556.0+104253  1203+109     12 05 56.08696869   10 42 53.8757924  0.00002134 0.0004948   0.057  59148.0 58257.6 60406.0      9    256      1203+109
ICRF J120637.0+394103  1204+399     12 06 37.05337942   39 41 03.7471541  0.00000263 0.0000404  -0.055  58502.4 50241.8 60802.8     38    962      1204+399
ICRF J120651.4-613856  1204-613     12 06 51.49694321  -61 38 56.7585283  0.00041836 0.0024159   0.346  57538.7 57103.0 59972.8      4      7      1204-613
ICRF J120658.0+052952  1204+057     12 06 58.02664803   05 29 52.2460158  0.00000434 0.0001344   0.165  57443.6 49913.7 58921.9      6    454      1204+057
ICRF J120712.6+121145  1204+124     12 07 12.62453376   12 11 45.8458048  0.00000332 0.0000849   0.029  57586.7 49913.7 60406.0      8    570      1204+124
ICRF J120727.9+275458  1204+281     12 07 27.90046999   27 54 58.8496342  0.00000263 0.0000613  -0.065  56616.7 50218.8 58600.6      5    397      1204+281
ICRF J120728.3-270310  1204-267     12 07 28.35221867  -27 03 10.0849010  0.00000548 0.0001967  -0.056  58136.0 53560.9 60675.9      6    386      1204-267
ICRF J120741.6-010636  1205-008     12 07 41.67761872  -01 06 36.6903480  0.00000222 0.0000762  -0.200  57711.8 53133.5 59190.8      9    772      1205-008
ICRF J120802.3-043533  1205-043     12 08 02.38196617  -04 35 33.0234787  0.00000794 0.0002889  -0.295  59177.5 58490.7 60425.9      6    321      1205-043
ICRF J120823.2-142142  1205-140     12 08 23.29567186  -14 21 42.2827758  0.00000610 0.0002398  -0.188  57898.9 53559.8 58644.9      5    290      1205-140
ICRF J120827.4+541319  1205+545     12 08 27.49968837   54 13 19.5179205  0.00001167 0.0000974   0.254  57288.8 49576.0 58677.2      5    356      1205+545
ICRF J120833.6+005421  1205+011     12 08 33.65435321   00 54 21.9234032  0.00000604 0.0001997  -0.571  57923.1 53572.0 58669.6      6    451      1205+011
ICRF J120854.2+544158  1206+549     12 08 54.25643544   54 41 58.1632934  0.00000604 0.0000684   0.016  56515.3 49576.0 58677.2      5    491      1206+549
ICRF J120902.4-240620  1206-238     12 09 02.44510960  -24 06 20.7591917  0.00000363 0.0000808   0.093  55694.9 50631.3 58738.8     11    444      1206-238
ICRF J120913.6+433920  1206+43C     12 09 13.61090958   43 39 20.9154752  0.00003648 0.0005108   0.435  59021.0 57874.7 60834.1      9    337      1206+43C
ICRF J120914.6-203238  1206-202     12 09 14.61099058  -20 32 38.9899888  0.00000443 0.0000781   0.267  56263.0 50631.3 58562.8     10    407      1206-202
ICRF J120922.7+411941  1206+416     12 09 22.78796895   41 19 41.3699484  0.00000546 0.0000838   0.023  56591.3 50241.8 58540.2      5    469      1206+416
ICRF J120935.2-401613  1206-399     12 09 35.24368741  -40 16 13.0980256  0.00000908 0.0002995   0.217  58297.4 47510.2 60448.8     13    310      1206-399
ICRF J120940.0-321453  1207-319     12 09 40.04464409  -32 14 53.1077774  0.00000442 0.0001597  -0.040  57008.0 52305.8 59378.0      9    571      1207-319
ICRF J120945.0+254703  1207+260     12 09 45.09515560   25 47 03.7300027  0.00000423 0.0001033   0.009  56651.8 50218.8 58600.6      5    394      1207+260
ICRF J121004.1-121744  1207-120     12 10 04.16414010  -12 17 44.9460358  0.00001776 0.0005209   0.148  57530.2 54111.8 58644.9      5    223      1207-120
ICRF J121031.6+642217  1208+646     12 10 31.63887396   64 22 17.4688950  0.00001617 0.0001200  -0.004  58809.7 58272.3 59693.1      5    341      1208+646
ICRF J121032.5+392420  1208+396     12 10 32.58065698   39 24 21.0525427  0.00034300 0.0043004   0.732  58991.6 58300.8 60442.8      8     63      NGC4151 
ICRF J121054.2-271133  1208-269     12 10 54.25113364  -27 11 33.8658154  0.00001225 0.0004174  -0.374  58510.7 56878.0 60497.5      8    261      1208-269
ICRF J121106.6+182034  1208+186     12 11 06.68827956   18 20 34.2832222  0.00000207 0.0000525  -0.080  57257.1 50084.5 59378.0      8    731      1208+186
ICRF J121157.7-192607  1209-191     12 11 57.73832131  -19 26 07.6600130  0.00001124 0.0003387   0.202  56914.2 50631.3 58644.9      6    280      1209-191
ICRF J121203.6-222151  1209-220     12 12 03.69758340  -22 21 51.5124975  0.00000653 0.0002108  -0.286  55468.3 50631.3 58680.7      6    389      1209-220
ICRF J121256.0+192547  1210+197     12 12 56.09594346   19 25 47.0165653  0.00000357 0.0000656  -0.059  58026.4 50084.5 60323.7      9    666      1210+197
ICRF J121322.9-100325  1210-097     12 13 22.94286989  -10 03 25.2680407  0.00000828 0.0002951  -0.069  56372.3 50575.3 58669.6      5    291      1210-097
ICRF J121329.6-245313  1210-246     12 13 29.68550288  -24 53 13.1760969  0.00001267 0.0004155  -0.251  58669.6 53560.9 60472.1      8    338      1210-246
ICRF J121332.1+130720  1210+134     12 13 32.17046131   13 07 20.9044928  0.00000463 0.0001353   0.079  58774.3 50084.5 60710.7      8    605      1210+134
ICRF J121340.0-272422  1211-271     12 13 40.06891652  -27 24 22.5618741  0.00001282 0.0004712   0.171  60424.8 60424.8 60424.8      1     54      1211-271
ICRF J121342.6-193205  1211-192     12 13 42.64321444  -19 32 05.5006893  0.00017260 0.0022432   0.552  60168.5 59707.7 60472.1      5     79      1211-192
ICRF J121343.7-165856  1211-167     12 13 43.76805629  -16 58 56.7681282  0.00001274 0.0004669  -0.608  58821.4 54087.1 60675.9      8    321      1211-167
ICRF J121347.5+000130  1211+003     12 13 47.53306581   00 01 30.0336740  0.00000826 0.0003536  -0.561  59297.9 58510.3 60425.9      6    278      1211+003
ICRF J121401.7-142850  1211-142     12 14 01.75048424  -14 28 50.0054228  0.00000600 0.0002293  -0.233  60539.0 60276.7 60799.7      3    295      1211-142
ICRF J121404.1+330945  1211+334     12 14 04.11576259   33 09 45.5948500  0.00000397 0.0000674   0.318  57596.1 50218.8 60259.3      6    553      1211+334
ICRF J121423.0+024252  1211+029     12 14 23.02680584   02 42 52.8365124  0.00000784 0.0002782  -0.224  58780.1 58169.7 60675.9      6    386      1211+029
ICRF J121437.9-093335  1212-092     12 14 37.99459198  -09 33 35.1018685  0.00000928 0.0001274   0.118  59041.2 58141.7 60219.1      8    235      1212-092
ICRF J121459.9+082922  1212+087     12 14 59.91316267   08 29 22.5176934  0.00000499 0.0001231   0.187  57325.6 49913.7 60203.4      6    353      1212+087
ICRF J121500.7+500215  1212+503     12 15 00.79806229   50 02 15.5393987  0.00002507 0.0004153   0.105  60134.0 60033.6 60406.0      4    231      1212+503
ICRF J121503.9+165437  1212+171     12 15 03.97914818   16 54 37.9568304  0.00000103 0.0000162   0.009  57550.9 50084.5 60824.8    233   5313      1212+171
ICRF J121509.9+462715  1212+467     12 15 09.94239973   46 27 15.1072801  0.00000739 0.0001227  -0.440  58542.1 58212.7 59586.9      5    473      1212+467
ICRF J121510.9+073204  1212+078     12 15 10.97691720   07 32 04.6718909  0.00001487 0.0004001  -0.084  58602.5 58169.7 59586.9      5    302      1212+078
ICRF J121514.3-062803  1212-061     12 15 14.39408457  -06 28 03.9314187  0.00000490 0.0001701  -0.225  58609.7 58363.2 59230.1      5    346      1212-061
ICRF J121514.7+173002  1212+177     12 15 14.72006103   17 30 02.2554999  0.00002435 0.0005506   0.009  58493.2 56808.7 59522.9      7    264      1212+177
ICRF J121546.7-173145  1213-172     12 15 46.75178330  -17 31 45.4031838  0.00000047 0.0000074   0.034  58660.3 46839.8 60852.8    626  27398      1213-172
ICRF J121555.6+344815  1213+350     12 15 55.60104837   34 48 15.2206665  0.00000213 0.0000427  -0.045  53676.6 48193.8 60259.3     59   1486      1213+350
ICRF J121606.2+092909  1213+097     12 16 06.21026556   09 29 09.6089179  0.00000859 0.0002929  -0.295  58046.6 56301.8 59586.9      5    405      1213+097
ICRF J121624.4-103315  1213-102     12 16 24.40260865  -10 33 15.6203076  0.00000393 0.0001453  -0.136  56288.4 50575.3 58669.6      5    382      1213-102
ICRF J121705.6-611325  1214-609     12 17 05.62850619  -61 13 25.4284096  0.00005876 0.0005747  -0.709  58250.0 57987.7 59192.8      7     50      1214-609
ICRF J121711.0+583526  1214+588     12 17 11.01883790   58 35 26.2464418  0.00000484 0.0000448   0.002  56957.4 49576.0 59320.9      7    692      1214+588
ICRF J121732.5+330538  1215+333     12 17 32.54178770   33 05 38.0306760  0.00002946 0.0006219   0.307  58691.6 57839.3 59981.8      7    260      1215+333
ICRF J121736.6+515510  1215+521     12 17 36.66027069   51 55 10.2972475  0.00004659 0.0003899  -0.195  59346.0 58212.7 60162.4      8    274      1215+521
ICRF J121752.0+300700  1215+303     12 17 52.08196840   30 07 00.6358797  0.00000135 0.0000205  -0.012  56555.5 48433.8 60500.7     90   4400      1215+303
ICRF J121758.3-363417  1215-362     12 17 58.39446517  -36 34 17.6364556  0.00001473 0.0004893   0.536  60217.7 59693.1 60448.8      4    131      1215-362
ICRF J121758.7-002946  1215-002     12 17 58.72904309  -00 29 46.2996733  0.00000229 0.0000798  -0.163  58139.4 50575.3 60554.7      9    732      1215-002
ICRF J121806.2-460029  1215-457     12 18 06.25065068  -46 00 28.9912229  0.00006836 0.0006441   0.043  57629.2 48161.5 59560.6     19     99      1215-457
ICRF J121807.6+055900  1215+062     12 18 07.64936478   05 59 00.6674009  0.00000594 0.0001817  -0.030  59821.0 59586.9 60203.4      5    338      1215+062
ICRF J121826.0+110505  1215+113     12 18 26.09228257   11 05 05.2625924  0.00000258 0.0000765   0.158  57873.4 53125.1 60554.7      7    688      1215+113
ICRF J121827.7+010237  1215+013     12 18 27.77838197   01 02 37.3472338  0.00000972 0.0002304   0.027  59507.2 58512.3 60425.9      6    347      1215+013
ICRF J121834.9-011954  1216-010     12 18 34.92982368  -01 19 54.3419655  0.00000256 0.0000713   0.076  57329.6 50575.3 59795.8      9    704      1216-010
ICRF J121836.1-063116  1216-062     12 18 36.18291555  -06 31 16.6162118  0.00006028 0.0014293  -0.299  59477.1 58530.3 60425.9      8    176      1216-062
ICRF J121846.6+173817  1216+179     12 18 46.60453144   17 38 17.2684154  0.00000434 0.0001270  -0.243  58392.0 56392.8 59522.9      5    542      1216+179
ICRF J121858.7-215946  1216-217     12 18 58.73725941  -21 59 46.2005246  0.00000969 0.0003295  -0.250  57896.8 53572.0 58631.3      5    254      1216-217
ICRF J121906.4+482956  1216+487     12 19 06.41475189   48 29 56.1647609  0.00000265 0.0000307   0.019  52855.5 46976.9 60219.1     32   1561      1216+487
ICRF J121910.5+634410  1216+640     12 19 10.58310375   63 44 10.7178351  0.00001016 0.0000653   0.035  58153.3 52939.7 59707.7      7    576      1216+640
ICRF J121923.2+054929  1216+061     12 19 23.21610710   05 49 29.6998693  0.00000637 0.0001460   0.036  57024.9 50302.8 58942.4      6    325      NGC4261 
ICRF J121935.7+660031  1217+662     12 19 35.79431419   66 00 31.8459064  0.00001055 0.0000683   0.048  57891.9 53559.8 58634.5      5    534      1217+662
ICRF J122003.6+710531  1217+713     12 20 03.62843528   71 05 31.1334935  0.00000901 0.0000472  -0.012  58148.1 49826.5 60554.7      9    834      1217+713
ICRF J122006.8+291650  1217+295     12 20 06.82542464   29 16 50.7139483  0.00000898 0.0001843   0.017  58609.5 50167.7 60497.5      7    317      NGC4278 
ICRF J122008.2+343121  1217+348     12 20 08.29414299   34 31 21.7435186  0.00000618 0.0001309  -0.341  57477.7 50218.8 60259.3      6    566      1217+348
ICRF J122009.6-090935  1217-088     12 20 09.64916990  -09 09 35.3677168  0.00000769 0.0001597  -0.028  59271.4 58141.7 60219.1      9    229      1217-088
ICRF J122011.8+020342  1217+023     12 20 11.88460414   02 03 42.2247155  0.00000304 0.0000744   0.167  57287.6 49913.7 58770.7     12    683      1217+023
ICRF J122017.1-265347  1217-266     12 20 17.18518404  -26 53 47.3710968  0.00000770 0.0002749  -0.146  57695.7 56994.8 58680.7      6    313      1217-266
ICRF J122026.3-560442  1217-558     12 20 26.35484394  -56 04 42.5737772  0.00001910 0.0002236  -0.259  58100.7 58081.5 58144.8      3     93      1217-558
ICRF J122033.1-273600  1217-273     12 20 33.16039145  -27 36 00.7818462  0.00000830 0.0002827  -0.204  59692.8 59037.7 60497.5      8    257      1217-273
ICRF J122033.8+334312  1218+339     12 20 33.87552072   33 43 12.0278553  0.00000574 0.0001214   0.058  59070.2 54277.7 60834.1      8    698      1218+339
ICRF J122045.3-083108  1218-082     12 20 45.35389992  -08 31 08.5058394  0.00000737 0.0001431   0.203  58446.2 58141.7 58712.2      8    400      1218-082
ICRF J122059.2+380855  1218+384     12 20 59.22929754   38 08 55.7070023  0.00000353 0.0000640  -0.089  56317.0 50241.8 58512.3      5    425      1218+384
ICRF J122101.7-342318  1218-341     12 21 01.79139322  -34 23 18.3018340  0.00000861 0.0003010  -0.123  57857.1 55517.8 60497.5      6    270      1218-341
ICRF J122121.9+301037  1218+304     12 21 21.94265256   30 10 37.1608918  0.00001749 0.0003118  -0.408  60141.7 59981.8 60497.5      4    225      1218+304
ICRF J122123.9-024149  1218-024     12 21 23.94118780  -02 41 49.6092626  0.00000310 0.0001039   0.071  56962.5 50575.3 58712.2      6    521      1218-024
ICRF J122127.0+441129  1218+444     12 21 27.04463954   44 11 29.6723506  0.00000256 0.0000397  -0.087  58556.5 50305.3 60645.2      7    863      1218+444
ICRF J122131.6+281358  1219+285     12 21 31.69051628   28 13 58.5001677  0.00000232 0.0000476  -0.173  52471.5 44446.0 59981.8     51    999      1219+285
ICRF J122149.0-035808  1219-036     12 21 49.09224233  -03 58 08.7573026  0.00000671 0.0002661  -0.528  58897.7 58490.7 59816.3      5    336      1219-036
ICRF J122152.3+051016  1219+054     12 21 52.33404559   05 10 16.0894886  0.00000379 0.0001275  -0.156  59831.0 59080.8 60203.4      6    429      1219+054
ICRF J122210.1-412257  1219-411     12 22 10.15827266  -41 22 57.5218206  0.00001802 0.0007376   0.361  60504.2 60448.8 60554.7      2     65      1219-411
ICRF J122216.0-164554  1219-164     12 22 16.09879793  -16 45 54.8815072  0.00000666 0.0002521  -0.178  58461.1 54111.8 60485.9      6    332      1219-164
ICRF J122222.5+041315  1219+044  D  12 22 22.54962695   04 13 15.7760627  0.00000032 0.0000090  -0.089  53460.2 48377.8 60845.8   1733  46878      1219+044
ICRF J122308.8+102900  1220+107     12 23 08.81612717   10 29 00.9860788  0.00000655 0.0001807  -0.138  59784.5 58856.7 60314.3      6    513      1220+107
ICRF J122324.2+843615  1222+848     12 23 24.28531016   84 36 15.0040978  0.00006824 0.0001431   0.199  58277.1 57914.1 58794.6      5    622      1222+848
ICRF J122339.3+461118  1221+464     12 23 39.33666056   46 11 18.6028021  0.00000497 0.0000727  -0.175  57557.8 50305.3 60675.9      6    541      1221+464
ICRF J122340.4+804004  1221+809  D  12 23 40.49376032   80 40 04.3404293  0.00000330 0.0000090  -0.020  57009.8 48085.9 60704.8    160  11146      1221+809
ICRF J122343.1+503753  1221+509     12 23 43.16917450   50 37 53.4127584  0.00000659 0.0000808   0.077  60132.8 59742.1 60406.0      5    528      1221+509
ICRF J122346.0-054658  1221-055     12 23 46.05648078  -05 46 58.0344553  0.00000279 0.0001092  -0.237  59531.5 58540.2 60259.3      7    506      1221-055
ICRF J122354.6+065002  1221+071     12 23 54.62430795   06 50 02.5721902  0.00000396 0.0001052   0.207  58298.9 49913.7 60554.7      6    476      1221+071
ICRF J122358.2+481257  1221+484     12 23 58.23062307   48 12 57.6644208  0.00001400 0.0001794  -0.004  58053.6 56266.8 59586.9      5    438      1221+484
ICRF J122409.9+500155  1221+503     12 24 09.91858974   50 01 55.4825805  0.00001877 0.0002259  -0.210  58884.1 58014.8 60715.1      7    483      1221+503
ICRF J122424.1+243623  1221+248     12 24 24.18612875   24 36 23.4999314  0.00002673 0.0006203   0.158  58738.8 57784.7 60675.9     12    242      1221+248
ICRF J122424.2+401510  1221+405     12 24 24.23436678   40 15 10.4715841  0.00002187 0.0003134  -0.402  58638.3 58002.7 59867.7      6    264      1221+405
ICRF J122451.5+433519  1222+438     12 24 51.50529691   43 35 19.2874169  0.00000471 0.0000767   0.085  56745.3 50241.8 58551.2      5    436      1222+438
ICRF J122452.4+033050  1222+037     12 24 52.42194188   03 30 50.2926738  0.00000207 0.0000565  -0.154  53030.3 46501.8 59320.9     75    925      1222+037
ICRF J122454.3-831310  1221-829     12 24 54.38259516  -83 13 10.1019869  0.00002575 0.0000477   0.013  57753.9 48043.0 58144.8     31    465      1221-829
ICRF J122454.4+212246  1222+216     12 24 54.45840706   21 22 46.3883818  0.00000176 0.0000430  -0.168  55338.2 50084.5 59280.1     10    936      1222+216
ICRF J122501.3-293819  1222-293     12 25 01.32448884  -29 38 19.5856803  0.00000573 0.0002068  -0.297  59776.8 59037.7 60497.5      7    385      1222-293
ICRF J122503.7+125313  1222+131  D  12 25 03.74334032   12 53 13.1390100  0.00000152 0.0000513  -0.123  58374.4 50302.8 60834.1     59   3097      M84     
ICRF J122550.5+391422  1223+395     12 25 50.56903594   39 14 22.6859125  0.00000638 0.0001207   0.112  56557.5 50241.8 58512.3      5    385      1223+395
ICRF J122616.1-074051  1223-074     12 26 16.19082515  -07 40 51.0359106  0.00001398 0.0005203  -0.696  58797.6 58351.7 60425.9      6    262      1223-074
ICRF J122633.5+135203  1224+141     12 26 33.60508326   13 52 03.1456225  0.00000740 0.0001935  -0.368  59767.6 58856.7 60314.3      6    480      1224+141
ICRF J122635.2-190438  1223-188     12 26 35.27696937  -19 04 38.5333232  0.00000980 0.0003671  -0.433  57913.4 54558.7 60675.9      7    337      1223-188
ICRF J122654.4-132838  1224-132     12 26 54.41872732  -13 28 38.9860542  0.00000408 0.0001510  -0.071  57239.9 53551.8 58677.2      5    317      1224-132
ICRF J122657.9+434058  1224+439     12 26 57.90392119   43 40 58.4513732  0.00000536 0.0000945  -0.116  58650.8 53560.9 60645.2      6    435      1224+439
ICRF J122726.6-443638  1224-443     12 27 26.68282698  -44 36 38.3443055  0.00001301 0.0004953  -0.048  59023.4 53125.1 60472.1      9    204      1224-443
ICRF J122755.7+493256  1225+498     12 27 55.72471865   49 32 56.0458929  0.00000540 0.0000746  -0.238  58832.0 53572.0 60715.1      8    789      1225+498
ICRF J122758.7+363511  1225+368     12 27 58.72554631   36 35 11.8267334  0.00000900 0.0001412  -0.099  56894.4 50241.8 58512.3      5    343      1225+368
ICRF J122817.4-090438  1225-088     12 28 17.45836110  -09 04 38.5702038  0.00003430 0.0012193  -0.575  59284.5 58351.7 60425.9      9    120      1225-088
ICRF J122819.2+023229  1225+028     12 28 19.25665780   02 32 29.3968884  0.00000262 0.0000910  -0.170  57647.7 53559.8 60203.4      6    481      1225+028
ICRF J122820.3-083812  1225-083     12 28 20.35475502  -08 38 12.6887756  0.00000641 0.0001181   0.054  59398.6 58562.8 60093.7      6    327      1225-083
ICRF J122824.9+312837  1225+317     12 28 24.96598449   31 28 37.6290631  0.00000319 0.0000712   0.042  57355.7 50218.8 60645.2      6    494      1225+317
ICRF J122836.9-030439  1226-028     12 28 36.91730819  -03 04 39.3120527  0.00000316 0.0001086  -0.285  57467.5 50525.8 59320.9     14    776      1226-028
ICRF J122847.4+370612  1226+373  D  12 28 47.42367834   37 06 12.0958319  0.00000069 0.0000116   0.001  56940.0 48377.8 60796.8    346  12126      1226+373
ICRF J122851.7+485801  1226+492     12 28 51.76786820   48 58 01.2906106  0.00000462 0.0000563   0.028  58455.2 50305.3 60715.1      7    648      1226+492
ICRF J122906.0+633500  1226+638     12 29 06.02611227   63 35 00.9840672  0.00001350 0.0001017   0.075  57737.5 49826.5 58634.5      5    513      1226+638
ICRF J122906.6+020308  1226+023     12 29 06.69975513   02 03 08.5984253  0.00000095 0.0000209  -0.118  47601.9 44088.7 60849.7   1200  31217      3C273B  
ICRF J122934.2+271156  1227+274     12 29 34.24796407   27 11 56.3776614  0.00000509 0.0001412  -0.288  57835.5 53560.9 58621.5      5    430      1227+274
ICRF J123007.0+583007  1227+587     12 30 07.05726225   58 30 07.7626939  0.00000631 0.0000613  -0.039  57859.3 49576.0 59280.1      7    604      1227+587
ICRF J123014.0+251807  1227+255  D  12 30 14.08935144   25 18 07.1363157  0.00000155 0.0000296  -0.059  58994.2 50218.8 60675.9     44   2474      1227+255
ICRF J123044.9-312123  1228-310     12 30 44.93266594  -31 21 23.3114029  0.00001465 0.0005740  -0.396  57738.2 52305.8 60530.8      8    251      1228-310
ICRF J123049.4+122328  1228+126     12 30 49.42338613   12 23 28.0436370  0.00000028 0.0000053  -0.031  56159.7 46501.8 60856.7   2513 103031      3C274   
ICRF J123055.2-010850  1228-008     12 30 55.29626195  -01 08 50.0516328  0.00000746 0.0002727  -0.232  58894.2 56817.4 60799.7      8    569      1228-008
ICRF J123055.5-113909  1228-113     12 30 55.55602060  -11 39 09.7966243  0.00000883 0.0003017  -0.391  57637.4 50575.3 59522.9      6    326      1228-113
ICRF J123116.5-353318  1228-352     12 31 16.54217216  -35 33 18.9142758  0.00002103 0.0008482   0.065  58870.9 53502.7 60472.1     12    202      1228-352
ICRF J123120.5+072552  1228+077     12 31 20.56164375   07 25 52.6361591  0.00001319 0.0004369  -0.189  60201.5 60093.7 60425.9      4    245      1228+077
ICRF J123127.5+041801  1228+045     12 31 27.58587605   04 18 01.8898650  0.00000251 0.0000730   0.015  58198.2 49913.7 60162.4      7    707      1228+045
ICRF J123131.3+641418  1229+645     12 31 31.39474255   64 14 18.2798090  0.00004636 0.0003736  -0.316  58127.8 57274.7 58644.9      5    256      1229+645
ICRF J123148.7-321313  1229-319     12 31 48.70130381  -32 13 13.7912023  0.00000831 0.0002949  -0.269  59629.4 59037.7 60162.4      7    308      1229-319
ICRF J123150.2-123637  1229-123     12 31 50.26594762  -12 36 37.0498550  0.00002150 0.0006132  -0.027  58885.9 53559.8 60219.1      8    296      1229-123
ICRF J123200.0-022404  1229-021     12 32 00.01600507  -02 24 04.7945859  0.00000281 0.0000898  -0.120  56840.5 50575.3 58794.6      6    495      1229-021
ICRF J123213.8+180926  1229+184     12 32 13.80928291   18 09 26.4018439  0.00001050 0.0002740  -0.487  59493.3 58856.7 59894.2      5    298      1229+184
ICRF J123215.8-101525  1229-099     12 32 15.85986010  -10 15 25.1699601  0.00000475 0.0000569   0.128  57840.7 53560.9 58576.8      8    483      1229-099
ICRF J123234.7+482132  1230+486     12 32 34.78757755   48 21 32.9406677  0.00000408 0.0000477  -0.054  58429.1 50305.3 60760.8      7    684      1230+486
ICRF J123243.0-183605  1230-183     12 32 43.03443446  -18 36 05.8581443  0.00001428 0.0005203  -0.256  58192.1 56878.0 60485.9      6    251      1230-183
ICRF J123312.8+805433  1231+811     12 33 12.89302908   80 54 33.9723857  0.00002305 0.0000645  -0.051  58535.9 54111.8 60675.9     10   1020      1231+811
ICRF J123313.1-102518  1230-101     12 33 13.16488567  -10 25 18.4377493  0.00000428 0.0001456   0.123  56705.9 50575.3 58712.2      6    390      1230-101
ICRF J123349.2+502622  1231+507     12 33 49.26653387   50 26 22.7780656  0.00001246 0.0001712   0.037  59245.8 58440.3 60219.1      6    429      1231+507
ICRF J123413.3+475351  1231+481     12 34 13.33078471   47 53 51.2368520  0.00000483 0.0000631  -0.178  57167.7 50305.3 58556.9      5    484      1231+481
ICRF J123425.6+243143  1231+248     12 34 25.67385353   24 31 43.5618147  0.00010690 0.0016850  -0.358  59921.4 59560.6 60406.0      5     84      1231+248
ICRF J123446.1-340859  1232-338     12 34 46.12013029  -34 08 59.0558850  0.00000838 0.0003052  -0.220  57833.6 55111.8 60530.8      6    247      1232-338
ICRF J123505.8+362119  1232+366     12 35 05.80649385   36 21 19.3212475  0.00000630 0.0000936   0.085  56566.1 50241.8 58530.3      6    369      1232+366
ICRF J123530.5+522827  1233+527     12 35 30.55924460   52 28 27.7555211  0.00000931 0.0001106   0.041  59760.4 58988.7 60219.1      6    468      1233+527
ICRF J123539.8+123322  1233+128     12 35 39.80731358   12 33 22.8304499  0.00000683 0.0001993  -0.237  58132.3 56808.7 59405.2      5    409      NGC4552 
ICRF J123715.2-504623  1234-504     12 37 15.23889242  -50 46 23.1745203  0.00034189 0.0015059  -0.464  53240.3 48765.9 58821.8      7     20      1234-504
ICRF J123721.6+075531  1234+082     12 37 21.65812489   07 55 31.9489660  0.00000400 0.0001313  -0.264  59954.0 59080.8 60162.4      6    500      1234+082
ICRF J123736.4+192440  1235+196     12 37 36.42035377   19 24 40.6201261  0.00000295 0.0000882  -0.190  57070.5 50084.5 60675.9      8    797      1235+196
ICRF J123756.5+203418  1235+208     12 37 56.59097147   20 34 18.8499268  0.00000667 0.0001217   0.388  57610.8 53559.8 58621.5      5    439      1235+208
ICRF J123802.4+072321  1235+076     12 38 02.44564702   07 23 21.8165979  0.00000231 0.0000736   0.033  57507.5 49913.7 60162.4      7    774      1235+076
ICRF J123824.3-195913  1235-197     12 38 24.38944104  -19 59 13.6848223  0.00000500 0.0001806  -0.067  58271.3 56878.0 59560.6      5    385      1235-197
ICRF J123838.4-065612  1236-066     12 38 38.48633176  -06 56 12.1737169  0.00000547 0.0002008  -0.326  59281.4 58490.7 60093.7      6    429      1236-066
ICRF J123852.7-382556  1236-381     12 38 52.73160476  -38 25 56.9812901  0.00000875 0.0003107  -0.081  58904.1 52305.8 60472.1     12    304      1236-381
ICRF J123924.5+073017  1236+077  D  12 39 24.58833114   07 30 17.1890629  0.00000074 0.0000124  -0.066  57678.7 48377.8 60704.8    182   8665      1236+077
ICRF J123932.7+044305  1236+049     12 39 32.75568184   04 43 05.2332627  0.00000196 0.0000641  -0.061  56881.2 49913.7 60219.1      6    615      1236+049
ICRF J123943.0-102328  1237-101     12 39 43.06147693  -10 23 28.6925974  0.00000177 0.0000365   0.063  53769.6 49959.8 60219.1     67   1851      1237-101
ICRF J123946.6-684530  1236-684     12 39 46.65139253  -68 45 30.8925368  0.00002505 0.0001994  -0.393  55259.3 48043.0 59178.7     34    136      1236-684
ICRF J123959.4-113722  1237-113     12 39 59.43185945  -11 37 22.9954615  0.00000968 0.0003810  -0.700  57701.6 49882.8 60442.8     19    292      M104    
ICRF J124009.1+242531  1237+246     12 40 09.12286757   24 25 31.2226610  0.00001623 0.0003901  -0.487  59234.6 58381.5 59642.1      5    267      1237+246
ICRF J124025.7-171722  1237-170     12 40 25.78836731  -17 17 22.8975631  0.00001423 0.0004519  -0.042  60460.2 60276.7 60675.9      2    148      1237-170
ICRF J124034.7+695830  1238+702     12 40 34.70036573   69 58 30.6102865  0.00001196 0.0000711  -0.021  57788.6 49826.5 58644.9      5    512      1238+702
ICRF J124037.3-112124  1238-110     12 40 37.34206366  -11 21 24.8074595  0.00000495 0.0000806   0.123  58220.0 53572.0 58746.6      7    416      1238-110
ICRF J124047.9+240514  1238+243     12 40 47.98491089   24 05 14.1516570  0.00001544 0.0002863  -0.099  57335.1 50218.8 58621.5      5    214      1238+243
ICRF J124127.7+545819  1239+552     12 41 27.70375742   54 58 19.0518163  0.00002413 0.0002696   0.254  58043.4 54439.8 58746.6      5    337      1239+552
ICRF J124129.5+602041  1239+606     12 41 29.59068824   60 20 41.3218999  0.00001215 0.0001057  -0.233  56984.5 49576.0 58644.9     10    377      1239+606
ICRF J124156.9+164911  1239+170     12 41 56.91034156   16 49 11.5490203  0.00000448 0.0001313  -0.130  60226.6 60059.7 60406.0      2    249      1239+170
ICRF J124209.8+372005  1239+376     12 42 09.81238087   37 20 05.6923721  0.00000337 0.0000620   0.026  56795.5 50167.7 59358.6     22    818      1239+376
ICRF J124251.3+375100  1240+381     12 42 51.36906536   37 51 00.0253319  0.00000184 0.0000250  -0.077  55556.6 49428.9 60058.7     72   2875      1240+381
ICRF J124310.6-294322  1240-294     12 43 10.66193275  -29 43 22.5047241  0.00000694 0.0002368   0.034  56812.8 53125.1 58631.3      5    310      1240-294
ICRF J124311.2+731559  1241+735     12 43 11.21712266   73 15 59.2498495  0.00001992 0.0000930  -0.186  57853.5 53560.9 58829.4      5    529      1241+735
ICRF J124312.7+362743  1240+367     12 43 12.73626918   36 27 43.9970802  0.00001615 0.0002723  -0.056  58596.2 58330.5 59522.9      5    297      1240+367
ICRF J124345.0+744237  1241+749     12 43 45.03333981   74 42 37.1147748  0.00001401 0.0000590  -0.046  57647.4 49826.5 58829.4      5    539      1241+749
ICRF J124347.5-065348  1241-066     12 43 47.52588070  -06 53 48.2576577  0.00001818 0.0006515  -0.572  59633.8 58551.2 60442.8      8    250      1241-066
ICRF J124352.4-021838  1241-020     12 43 52.48788542  -02 18 38.3999787  0.00000594 0.0002184  -0.382  59179.4 58556.9 59971.0      6    376      1241-020
ICRF J124357.6+162253  1241+166     12 43 57.64921333   16 22 53.3931011  0.00000219 0.0000654  -0.035  57738.7 54313.8 58899.4      5    428      1241+166
ICRF J124410.8+172104  1241+176     12 44 10.82496263   17 21 04.5050577  0.00001349 0.0003198  -0.494  58099.9 53718.8 58921.9      6    271      1241+176
ICRF J124414.6-263325  1241-262     12 44 14.64193696  -26 33 25.0004995  0.00000850 0.0002979  -0.307  57099.1 53559.8 58631.3      5    352      1241-262
ICRF J124449.0-044608  1242-044     12 44 49.02668989  -04 46 08.9371060  0.00001043 0.0004251   0.088  58949.7 58425.2 59971.0      6    422      1242-044
ICRF J124449.1+404806  1242+410     12 44 49.18756190   40 48 06.1625376  0.00000661 0.0001002   0.001  57767.3 50241.8 58592.8      5    327      1242+410
ICRF J124509.9+570954  1242+574     12 45 09.99955981   57 09 54.3741113  0.00001136 0.0001262   0.075  58630.8 57274.7 60715.1      6    540      1242+574
ICRF J124553.7-161645  1243-160  D  12 45 53.74227009  -16 16 45.7052853  0.00000060 0.0000090   0.053  58716.9 50631.3 60675.9    436  12717      1243-160
ICRF J124557.6-412845  1243-412     12 45 57.63124200  -41 28 45.1910478  0.00005050 0.0015917   0.041  58577.0 54291.7 60472.1      9     94      1243-412
ICRF J124559.9+434626  1243+440     12 45 59.99985342   43 46 26.9737890  0.00002550 0.0004017  -0.319  58466.5 58002.7 59405.2      5    268      1243+440
ICRF J124602.5+011318  1243+014     12 46 02.53660196   01 13 18.8274006  0.00000667 0.0002420  -0.148  59101.9 58326.5 59971.0      6    409      1243+014
ICRF J124602.8+000755  1243+004     12 46 02.83414716   00 07 55.1390599  0.00000852 0.0003189  -0.600  59094.2 58556.9 59971.0      5    363      1243+004
ICRF J124604.2-073046  1243-072  D  12 46 04.23211708  -07 30 46.5746545  0.00000040 0.0000065   0.050  58629.4 47175.5 60856.7    829  30354      1243-072
ICRF J124646.8-254749  1244-255  D  12 46 46.80203829  -25 47 49.2890091  0.00000050 0.0000089  -0.026  58373.7 46874.8 60856.7    765  24093      1244-255
ICRF J124707.5+704645  1245+710     12 47 07.55261974   70 46 45.1212800  0.00001259 0.0000643  -0.039  57959.0 54111.8 58829.4      5    522      1245+710
ICRF J124709.0+274122  1244+279     12 47 09.03393515   27 41 22.9074832  0.00000861 0.0001927   0.167  60443.1 60193.8 60715.1      3    228      1244+279
ICRF J124709.3+712420  1245+716     12 47 09.32782549   71 24 20.0192134  0.00002871 0.0001283  -0.117  58145.2 56994.8 58871.4      5    540      1245+716
ICRF J124720.7+320900  1244+324     12 47 20.77030034   32 09 00.6727673  0.00001259 0.0002375   0.224  59192.7 58169.7 60497.5      8    308      1244+324
ICRF J124733.3+672316  1245+676     12 47 33.32961265   67 23 16.4489696  0.00002251 0.0001455  -0.219  57980.3 49826.5 60118.4      6    394      1245+676
ICRF J124759.3-234859  1245-235     12 47 59.35123516  -23 48 59.2755669  0.00000793 0.0002623   0.015  56481.5 50631.3 58634.5      6    294      1245-235
ICRF J124810.2-083127  1245-082     12 48 10.22867912  -08 31 27.4706840  0.00001156 0.0003274   0.012  59411.9 58556.9 60259.3      6    438      1245-082
ICRF J124818.7+582028  1246+586     12 48 18.78475532   58 20 28.7169233  0.00000527 0.0000556  -0.110  57678.6 49576.0 60764.6      6    633      1246+586
ICRF J124822.9-063209  1245-062     12 48 22.97566924  -06 32 09.8178499  0.00000134 0.0000472  -0.107  58365.8 50575.3 59378.0     17   1445      1245-062
ICRF J124823.8-195918  1245-197     12 48 23.89808251  -19 59 18.5901898  0.00001580 0.0003912   0.623  55952.5 50631.3 58746.6      6    249      1245-197
ICRF J124828.4-455947  1245-457  D  12 48 28.49514561  -45 59 47.1799702  0.00000442 0.0000857   0.111  58704.4 53017.7 60485.9     44    754      1245-454
ICRF J124834.3+512807  1246+517     12 48 34.30421314   51 28 07.8746451  0.00001359 0.0001271  -0.170  59493.1 58456.2 60219.1      6    468      1246+517
ICRF J124850.9+483953  1246+489     12 48 50.94847741   48 39 53.1614495  0.00000962 0.0001223   0.002  58725.3 50305.3 60764.6      7    490      1246+489
ICRF J124918.4+281743  1246+285     12 49 18.40928869   28 17 43.6147999  0.00000668 0.0001232  -0.292  57789.5 53125.1 60715.1      6    418      1246+285
ICRF J124926.1+233934  1246+239     12 49 26.11301834   23 39 34.8632272  0.00000666 0.0001976  -0.458  60307.0 60193.8 60425.9      2    205      1246+239
ICRF J125006.8+015804  1247+022     12 50 06.84165415   01 58 04.1436283  0.00001178 0.0002961   0.467  57752.0 53133.5 58512.3      5    326      1247+022
ICRF J125009.2+162121  1247+166     12 50 09.22706168   16 21 21.4621011  0.00000409 0.0001020   0.168  57974.6 53559.8 58921.9      5    376      1247+166
ICRF J125022.8-443203  1247-442     12 50 22.80479505  -44 32 03.4844705  0.00001048 0.0003666  -0.157  58819.0 55167.8 60485.9      9    238      1247-442
ICRF J125028.2+134340  1247+139     12 50 28.21804883   13 43 40.3849686  0.00000295 0.0000916  -0.096  57781.6 53572.0 58921.9      5    424      1247+139
ICRF J125032.5+021632  1247+025     12 50 32.58080422   02 16 32.1735348  0.00000388 0.0000971  -0.075  57257.7 53560.9 60219.1      7    402      1247+025
ICRF J125111.0-002703  1248-001     12 51 11.02753385  -00 27 03.7667734  0.00000686 0.0002635  -0.309  59232.3 58592.8 59981.8      5    283      1248-001
ICRF J125114.4-171713  1248-170     12 51 14.47512965  -17 17 13.1603375  0.00000468 0.0001539  -0.241  57155.6 53560.9 58746.6      6    358      1248-170
ICRF J125118.3-020207  1248-017     12 51 18.38284247  -02 02 07.4713363  0.00000466 0.0001728  -0.274  58708.1 58490.7 58989.8      5    272      1248-017
ICRF J125123.9-344013  1248-343     12 51 23.96338492  -34 40 13.3909206  0.00001534 0.0005242  -0.003  58341.7 57011.1 60530.8      8    240      1248-343
ICRF J125135.2-192754  1248-191     12 51 35.29055135  -19 27 54.2323995  0.00000963 0.0003546  -0.223  60405.6 60276.7 60554.7      2    220      1248-191
ICRF J125139.2-351839  1248-350     12 51 39.22506032  -35 18 39.5812468  0.00000712 0.0002489   0.068  58147.2 53133.5 60485.9      6    317      1248-350
ICRF J125226.4-115807  1249-116     12 52 26.44064923  -11 58 07.5166632  0.00000547 0.0001472  -0.308  59188.2 57973.7 60442.8      6    301      1249-116
ICRF J125243.2-673738  1249-673     12 52 43.21207527  -67 37 38.7465546  0.00001045 0.0000789   0.306  58593.1 57372.8 59928.8     11    314      1249-673
ICRF J125258.3-331959  1250-330     12 52 58.39734989  -33 19 59.5612248  0.00000496 0.0001864  -0.118  58334.3 53125.1 60554.7      7    447      1250-330
ICRF J125306.4+290513  1250+293     12 53 06.40869208   29 05 13.8838938  0.00001496 0.0002596  -0.061  58811.2 56392.8 60715.1      6    359      1250+293
ICRF J125311.9+530111  1250+532     12 53 11.92056243   53 01 11.7370401  0.00000458 0.0000476  -0.060  57647.8 49576.0 58794.6      5    451      1250+532
ICRF J125314.4+273941  1250+279     12 53 14.48277940   27 39 41.6254125  0.00001678 0.0003941  -0.537  60401.8 60193.8 60715.1      3    173      1250+279
ICRF J125339.0+410724  1251+413     12 53 39.09869257   41 07 24.4770781  0.00001429 0.0001895  -0.187  57983.5 57046.0 58592.8      5    279      1251+413
ICRF J125347.0+032630  1251+037     12 53 47.00570226   03 26 30.4276104  0.00001064 0.0003676  -0.425  60135.1 59981.8 60425.9      4    223      1251+037
ICRF J125359.5-405930  1251-407     12 53 59.53373116  -40 59 30.6851918  0.00000891 0.0002951  -0.087  58436.1 49649.7 60219.1     13    234      1251-407
ICRF J125428.8+453604  1252+458     12 54 28.82870350   45 36 04.3272327  0.00000790 0.0001464   0.185  57393.4 50305.3 60764.6      7    482      1252+458
ICRF J125431.4-131716  1251-130     12 54 31.46827976  -13 17 16.2119873  0.00000507 0.0001943  -0.257  57567.1 53559.8 58794.6      5    269      1251-130
ICRF J125433.2+185601  1252+192     12 54 33.27143482   18 56 01.9089825  0.00000915 0.0001964   0.033  60191.7 60059.7 60425.9      2    172      1252+192
ICRF J125437.2-200056  1251-197     12 54 37.25561993  -20 00 56.4065960  0.00000368 0.0000651  -0.018  57385.9 54488.8 58975.8     42   1009      1251-197
ICRF J125438.2+114105  1252+119     12 54 38.25562089   11 41 05.8950236  0.00000091 0.0000150   0.025  56833.6 46976.9 60696.7    139   5567      1252+119
ICRF J125445.4+023328  1252+028     12 54 45.46653907   02 33 28.9638650  0.00000400 0.0001220  -0.006  57568.5 53572.0 58512.3      5    397      1252+028
ICRF J125457.5-442456  1252-441     12 54 57.51325649  -44 24 56.6007947  0.00001079 0.0003599  -0.200  58886.6 53125.1 60485.9      9    267      1252-441
ICRF J125458.9+085947  1252+092     12 54 58.95763839   08 59 47.5529574  0.00000505 0.0001668  -0.481  57655.7 54087.1 58512.3      5    269      1252+092
ICRF J125459.9-713818  1251-713  D  12 54 59.92146665  -71 38 18.4367236  0.00000521 0.0000267   0.230  57162.9 47625.5 60856.7    128   1826      1251-713
ICRF J125500.4+034043  1252+039     12 55 00.49807793   03 40 43.1120451  0.00002403 0.0011886  -0.468  59443.0 58330.5 60442.8      8    177      1252+039
ICRF J125531.7+181750  1253+185     12 55 31.75993032   18 17 50.9102270  0.00000357 0.0000997  -0.056  55816.5 50084.5 58921.9      6    403      1253+185
ICRF J125604.8-591944  1253-590     12 56 04.89108311  -59 19 44.0139951  0.00010245 0.0008469   0.643  58489.7 57673.7 60020.8      4     22      1253-590
ICRF J125611.1-054721  1253-055     12 56 11.16658412  -05 47 21.5251738  0.00000042 0.0000084   0.099  55154.6 44088.7 60697.8    422  20342      3C279   
ICRF J125614.2+565225  1254+571     12 56 14.23396948   56 52 25.2376069  0.00000543 0.0000504  -0.019  57361.6 51245.6 58794.6      5    474      1254+571
ICRF J125615.9-114637  1253-115     12 56 15.95254394  -11 46 37.3404596  0.00000639 0.0002338  -0.115  59820.7 59560.6 60219.1      5    281      1253-115
ICRF J125625.5-215521  1253-216     12 56 25.51104190  -21 55 21.1431168  0.00000656 0.0002196  -0.411  59014.9 53560.9 60485.9      7    432      1253-216
ICRF J125630.8-065208  1253-065     12 56 30.84166679  -06 52 08.5146449  0.00001316 0.0004052   0.094  59723.4 58592.8 60442.8      7    319      1253-065
ICRF J125634.8+124734  1254+130     12 56 34.85776017   12 47 34.2756191  0.00000532 0.0001610   0.039  60209.1 60059.7 60425.9      2    228      1254+130
ICRF J125642.8+222024  1254+226     12 56 42.84119110   22 20 24.4981543  0.00012327 0.0034982  -0.370  59444.6 58386.0 60425.9      9     83      1254+226
ICRF J125729.7-013239  1254-012     12 57 29.79100309  -01 32 39.6074481  0.00001948 0.0007135  -0.450  59246.6 58600.6 60442.8      8    225      1254-012
ICRF J125731.7+795802  1256+802     12 57 31.72654200   79 58 02.5069529  0.00005774 0.0001584   0.043  58397.9 50687.3 60715.1      8    484      1256+802
ICRF J125736.4+834231  1257+839     12 57 36.42484446   83 42 31.2830358  0.00011312 0.0002327   0.159  58221.4 57914.1 58794.6      5    433      1257+839
ICRF J125739.3-071724  1255-070     12 57 39.32513337  -07 17 24.2152052  0.00000606 0.0002340  -0.461  59093.5 58600.6 59642.1      5    312      1255-070
ICRF J125757.2+322929  1255+327     12 57 57.23184721   32 29 29.3264805  0.00000266 0.0000534  -0.016  56518.9 50218.8 58530.3      5    432      1255+327
ICRF J125759.0-315516  1255-316     12 57 59.06083912  -31 55 16.8515281  0.00000048 0.0000087   0.232  57523.1 47639.0 60852.8   2047  41006      1255-316
ICRF J125815.6+542152  1256+546     12 58 15.60674923   54 21 52.1191660  0.00003041 0.0002982   0.334  58668.1 58136.6 59816.3      5    327      1256+546
ICRF J125834.9+003832  1256+009     12 58 34.91513894   00 38 32.1650386  0.00000592 0.0002058  -0.203  58362.7 56874.5 59875.5      6    459      1256+009
ICRF J125838.3-180003  1255-177     12 58 38.30170654  -18 00 03.1244790  0.00000148 0.0000240   0.080  56739.8 50631.3 60831.8    160   2777      1255-177
ICRF J125854.4-221931  1256-220     12 58 54.47878315  -22 19 31.1250466  0.00000207 0.0000397   0.065  57482.2 50631.3 60704.8     40   1466      1256-220
ICRF J125901.4-033807  1256-033     12 59 01.42088068  -03 38 07.3521279  0.00000969 0.0003044  -0.218  58617.1 58373.8 58871.4      5    337      1256-033
ICRF J125906.6-015058  1256-015     12 59 06.61516682  -01 50 58.3629097  0.00001000 0.0002264   0.039  58638.8 57973.7 58871.4      5    288      1256-015
ICRF J125908.4-231038  1256-229     12 59 08.46204062  -23 10 38.6544113  0.00000257 0.0000850   0.003  58332.6 50631.3 60710.7      9   1003      1256-229
ICRF J125912.6-243605  1256-243     12 59 12.62565912  -24 36 05.5036077  0.00001708 0.0005512  -0.136  55267.1 50631.3 58634.5      6    263      1256-243
ICRF J125931.1+514056  1257+519     12 59 31.17399074   51 40 56.2612650  0.00000454 0.0000558  -0.142  57868.6 49576.0 58794.6      5    458      1257+519
ICRF J130001.9+120622  1257+123     13 00 01.93888237   12 06 22.1179274  0.00000341 0.0001004  -0.228  57289.1 49913.7 58942.4      5    409      1257+123
ICRF J130018.7-130253  1257-127     13 00 18.74014056  -13 02 53.6839019  0.00001667 0.0003493   0.323  59626.2 58562.8 60259.3      8    296      1257-127
ICRF J130020.9+141718  1257+145     13 00 20.91883050   14 17 18.5317733  0.00000229 0.0000557   0.171  55431.5 48803.9 60554.7     43   1097      1257+145
ICRF J130028.5+283010  1258+287     13 00 28.52999215   28 30 10.1889474  0.00000467 0.0000878   0.010  57801.3 52939.7 60715.1      7    394      1258+287
ICRF J130036.4+082802  1258+087     13 00 36.43874890   08 28 02.8638321  0.00000381 0.0001187   0.039  58049.2 53502.7 60602.5      6    539      1258+087
ICRF J130041.0+141729  1258+145     13 00 41.03702587   14 17 29.4151825  0.00000356 0.0001059  -0.097  57860.7 53559.8 58942.4      5    415      1258+145
ICRF J130041.2+502936  1258+507     13 00 41.24705095   50 29 36.7654158  0.00000434 0.0000575  -0.139  56648.9 49576.0 58988.7      6    619      1258+507
ICRF J130042.4-325312  1257-326     13 00 42.42603313  -32 53 12.1139059  0.00000802 0.0002744  -0.178  57511.8 52305.8 60554.7      8    339      1257-326
ICRF J130129.1+333700  1259+338     13 01 29.15475936   33 37 00.3844126  0.00000478 0.0001179  -0.110  60603.6 60530.8 60645.2      2    154      1259+338
ICRF J130132.6+463402  1259+468     13 01 32.60628956   46 34 02.9396679  0.00000670 0.0000956   0.137  57434.8 53560.9 58592.8      5    431      1259+468
ICRF J130217.1+481917  1300+485     13 02 17.19607043   48 19 17.5743318  0.00000425 0.0000626   0.076  56719.8 50305.3 59280.1      6    491      1300+485
ICRF J130237.9+690251  1300+693     13 02 37.92497610   69 02 51.6022337  0.00000914 0.0000521  -0.126  57803.7 49826.5 58644.9      5    505      1300+693
ICRF J130252.4+574837  1300+580  D  13 02 52.46528437   57 48 37.6093328  0.00000044 0.0000044   0.017  54852.3 49421.9 60856.7   1623 131286      1300+580
ICRF J130313.8-105117  1300-105     13 03 13.86794007  -10 51 17.1291366  0.00000289 0.0001034  -0.205  56948.8 50575.3 58899.4      9    587      1300-105
ICRF J130349.2-554031  1300-554     13 03 49.21591854  -55 40 31.6079336  0.00001159 0.0001845   0.372  58513.0 57987.7 58974.7      7     91      1300-554
ICRF J130433.6-193250  1301-192     13 04 33.69336848  -19 32 50.2948939  0.00027846 0.0057189  -0.572  60208.4 59742.1 60554.7      6     56      1301-192
ICRF J130443.6-034602  1302-034     13 04 43.64220778  -03 46 02.5512500  0.00000229 0.0000635  -0.179  57677.6 50575.3 58899.4      9    693      1302-034
ICRF J130447.3+635347  1302+641     13 04 47.37027555   63 53 47.3927483  0.00001378 0.0001015   0.152  58182.8 53125.1 60118.4      6    483      1302+641
ICRF J130459.0-210642  1302-208     13 04 59.06935173  -21 06 42.4581903  0.00000582 0.0002065  -0.214  58198.9 54964.8 60497.5      6    326      1302-208
ICRF J130500.0+785435  1304+791     13 05 00.01424991   78 54 35.7964046  0.00002476 0.0000592  -0.065  56950.9 49826.5 58871.4      7    675      1304+791
ICRF J130508.4-285042  1302-285     13 05 08.46849425  -28 50 42.0279866  0.00000690 0.0002544  -0.363  56729.7 50687.3 58644.9      5    297      1302-285
ICRF J130512.7-365545  1302-366     13 05 12.75000800  -36 55 45.3350457  0.00000863 0.0002357   0.053  59843.6 59115.8 60259.3      8    220      1302-366
ICRF J130522.7+511640  1303+515     13 05 22.74526941   51 16 40.2077498  0.00004644 0.0010440  -0.094  60181.8 60084.1 60425.9      3     80      1303+515
ICRF J130531.0-313252  1302-312     13 05 31.07343425  -31 32 52.2181411  0.00000523 0.0001657   0.045  58945.6 52305.8 60683.7      8    438      1302-312
ICRF J130533.0-103319  1302-102     13 05 33.01503380  -10 33 19.4281439  0.00000192 0.0000543  -0.140  53089.6 47175.5 59358.6     75   1095      1302-102
ICRF J130547.3+573154  1303+577     13 05 47.38185794   57 31 54.8126655  0.00003895 0.0005147  -0.384  60207.2 59816.3 60497.5      4    192      1303+577
ICRF J130603.3+552943  1303+557     13 06 03.35110466   55 29 43.8567100  0.00000555 0.0000575   0.080  57862.3 49576.0 58803.0      5    527      1303+557
ICRF J130605.7+800820  1305+804     13 06 05.71657034   80 08 20.5663566  0.00002577 0.0000717   0.334  58151.7 53789.1 58803.0      6    623      1305+804
ICRF J130632.6-171858  1303-170     13 06 32.66054937  -17 18 58.3898797  0.00000494 0.0001924  -0.071  56376.4 50631.3 58794.6      5    313      1303-170
ICRF J130705.2+764918  1305+770     13 07 05.24631277   76 49 18.1733606  0.00016236 0.0005490   0.004  58880.4 57874.7 60162.4      8    293      1305+770
ICRF J130715.1-320758  1304-318     13 07 15.17881640  -32 07 58.6405141  0.00000569 0.0002059  -0.081  58912.2 55482.7 60710.7      7    472      1304-318
ICRF J130807.9+495753  1305+502     13 08 07.92424584   49 57 53.4704440  0.00000435 0.0000596  -0.098  57875.8 50305.3 60764.6      6    526      1305+502
ICRF J130812.3-104316  1305-104     13 08 12.39178502  -10 43 16.7013152  0.00000500 0.0000967   0.020  58548.7 58141.7 58899.4      8    474      1305-104
ICRF J130815.5+040109  1305+042     13 08 15.55309131   04 01 09.3513457  0.00001173 0.0003979  -0.651  57206.6 53125.1 58530.3      5    396      1305+042
ICRF J130821.9+654414  1306+660     13 08 21.95526570   65 44 15.1489654  0.00028851 0.0023334   0.516  58822.9 57011.1 60530.8     11     85      1306+660
ICRF J130823.7+354637  1306+360     13 08 23.70913500   35 46 37.1640432  0.00000057 0.0000095  -0.107  58649.3 52408.7 60845.8    380  15464      1306+360
ICRF J130832.7-245832  1305-247     13 08 32.72740833  -24 58 32.4101245  0.00000827 0.0002985  -0.342  57620.8 54111.8 58644.9      5    241      1305-247
ICRF J130838.1-825934  1303-827     13 08 38.19477758  -82 59 34.7966687  0.00104705 0.0026629  -0.205  53311.1 52886.6 54456.4      4     18      1303-827
ICRF J130839.1-095032  1306-095     13 08 39.15753862  -09 50 32.4172610  0.00000537 0.0001977  -0.369  59336.4 58490.7 60448.8      6    317      1306-095
ICRF J130842.0-242257  1305-241     13 08 42.01192340  -24 22 57.9260355  0.00027101 0.0051231   0.411  59131.2 58158.9 60530.8      9     61      1305-241
ICRF J130909.7+555738  1307+562     13 09 09.75457218   55 57 38.1941471  0.00000519 0.0000611   0.023  57113.5 49576.0 58803.0      5    570      1307+562
ICRF J130917.8-041516  1306-039     13 09 17.83284326  -04 15 16.1966885  0.00000578 0.0002177  -0.476  58235.3 56878.0 58921.9      6    470      1306-039
ICRF J130925.1-094152  1306-094     13 09 25.11263214  -09 41 52.8122946  0.00001098 0.0004023  -0.183  59146.7 58631.3 59894.2      5    284      1306-094
ICRF J130925.5+430505  1307+433     13 09 25.52632957   43 05 05.5783313  0.00001063 0.0001593  -0.095  58576.2 57427.7 60675.9      6    450      1307+433
ICRF J130929.1+071656  1306+075     13 09 29.18548440   07 16 56.3128685  0.00000643 0.0002239  -0.523  59470.7 58602.7 60259.3      6    300      1306+075
ICRF J130933.9+115424  1307+121     13 09 33.93246160   11 54 24.5531474  0.00000168 0.0000369   0.052  52995.6 49098.7 60118.4    108   1462      1307+121
ICRF J130948.4-394833  1306-395  D  13 09 48.48832143  -39 48 33.0858618  0.00000401 0.0000819   0.115  59142.5 53522.9 60554.7     59   1398      1306-395
ICRF J131012.4-115746  1307-116     13 10 12.45793558  -11 57 46.6888585  0.00000820 0.0003367  -0.412  59465.8 58631.3 60448.8      6    318      1307-116
ICRF J131028.5+004408  1307+010     13 10 28.50435483   00 44 08.8850083  0.00000471 0.0001346  -0.088  58450.4 49913.7 60602.5      8    558      1307+010
ICRF J131028.6+322043  1308+326     13 10 28.66385511   32 20 43.7828489  0.00000029 0.0000051  -0.035  50956.2 44772.8 60548.7   2412 118302      1308+326
ICRF J131043.3-555211  1307-556     13 10 43.35558625  -55 52 11.5292615  0.00002051 0.0002908  -0.099  58739.4 57596.8 60111.8      7     48      1307-556
ICRF J131053.5+465352  1308+471     13 10 53.59160331   46 53 52.2202952  0.00000716 0.0000834  -0.047  57814.3 50305.3 59271.2      6    452      1308+471
ICRF J131059.4+323334  1308+328  D  13 10 59.40273188   32 33 34.4495558  0.00000044 0.0000068  -0.008  57459.9 49705.7 60852.8    537  29897      1308+328
ICRF J131103.2+551354  1308+554     13 11 03.21081348   55 13 54.3224825  0.00000202 0.0000252  -0.095  57873.0 49576.0 60845.8    114   3940      1308+554
ICRF J131107.8+141746  1308+145     13 11 07.82423334   14 17 46.6480299  0.00000440 0.0001236  -0.126  57056.8 50084.5 60118.4      6    419      1308+145
ICRF J131123.8+165844  1308+172     13 11 23.81998981   16 58 44.1954242  0.00000413 0.0001301  -0.328  57407.3 50084.5 60118.4      6    396      1308+172
ICRF J131136.5+064648  1309+070     13 11 36.52960282   06 46 48.3112031  0.00001962 0.0006160  -0.205  58033.7 56817.4 59440.3      5    236      1309+070
ICRF J131211.1+480925  1310+484     13 12 11.13756027   48 09 25.2627344  0.00002157 0.0001937   0.060  59075.3 58326.5 60093.7      6    396      1310+484
ICRF J131214.2+253113  1309+257     13 12 14.28896929   25 31 13.1758929  0.00001087 0.0001743  -0.215  57747.4 53133.5 58631.3      5    325      1309+257
ICRF J131217.7+351521  1309+355     13 12 17.75272599   35 15 21.0863855  0.00001511 0.0003151  -0.451  59131.4 57427.7 60442.8      9    277      1309+355
ICRF J131243.3+482830  1310+487     13 12 43.35362274   48 28 30.9405993  0.00001161 0.0001339   0.101  57005.8 50305.3 58621.5      5    374      1310+487
ICRF J131248.8+311300  1310+314     13 12 48.79771020   31 13 00.5932476  0.00000719 0.0001730  -0.453  60088.5 59742.1 60530.8      4    352      1310+314
ICRF J131250.9-042449  1310-041     13 12 50.90123714  -04 24 49.8920098  0.00000197 0.0000627  -0.201  58200.9 50575.3 60834.1     13    998      1310-041
ICRF J131301.4-272258  1310-271     13 13 01.42148397  -27 22 58.8469596  0.00000584 0.0002077  -0.116  58399.2 50631.3 60760.8      8    385      1310-271
ICRF J131327.9+673550  1311+678     13 13 27.98895657   67 35 50.3600451  0.00003688 0.0002082  -0.280  57831.9 52408.7 58669.6      5    255      1311+678
ICRF J131337.8+545823  1311+552     13 13 37.85316013   54 58 23.9000863  0.00000983 0.0001107   0.008  57800.7 49576.0 58803.0      5    399      1311+552
ICRF J131341.6+102714  1311+107     13 13 41.64739232   10 27 14.3745161  0.00000332 0.0001021  -0.250  59399.7 58602.7 60097.9      6    392      1311+107
ICRF J131443.8+234826  1312+240     13 14 43.80616564   23 48 26.7811666  0.00000745 0.0001604  -0.181  58153.9 57274.7 58634.5      5    383      1312+240
ICRF J131443.8+530627  1312+533     13 14 43.83065715   53 06 27.7308982  0.00000618 0.0000668  -0.039  57223.4 49576.0 58829.4      5    433      1312+533
ICRF J131501.8+122052  1312+126     13 15 01.85288517   12 20 52.6364878  0.00000568 0.0001609  -0.463  57819.6 53560.9 58942.4      5    309      1312+126
ICRF J131504.1-533435  1312-533  D  13 15 04.18110072  -53 34 35.8747863  0.00000697 0.0000778   0.231  57524.8 56971.3 60144.8     14    537      1312-533
ICRF J131513.4+284053  1312+289     13 15 13.49154504   28 40 53.6693358  0.00000625 0.0001223  -0.052  57351.7 53125.1 58634.5      5    474      1312+289
ICRF J131552.9-073302  1313-072     13 15 52.97460492  -07 33 02.0755464  0.00002067 0.0009139  -0.472  59501.7 58634.5 60448.8      7    144      1313-072
ICRF J131607.9-333859  1313-333  D  13 16 07.98595114  -33 38 59.1726447  0.00000094 0.0000194  -0.091  55830.2 47414.8 60704.8    533  13311      1313-333
ICRF J131624.5+194704  1313+200     13 16 24.56781348   19 47 04.4603791  0.00000693 0.0001499  -0.190  57776.8 50084.5 58942.4      6    242      1313+200
ICRF J131627.2+672624  1314+677     13 16 27.20153570   67 26 24.2626170  0.00001741 0.0000871  -0.237  58171.9 57011.1 59707.7      5    481      1314+677
ICRF J131632.9-302532  1313-301     13 16 32.97007588  -30 25 32.1727741  0.00000584 0.0002236  -0.021  60165.8 59776.7 60323.7      5    239      1313-301
ICRF J131659.0+722620  1315+727     13 16 59.04058959   72 26 20.8513938  0.00003927 0.0001426   0.297  58726.3 58278.8 59776.7      5    381      1315+727
ICRF J131718.6+392528  1315+396     13 17 18.63571794   39 25 28.1421592  0.00000758 0.0001353  -0.291  60174.1 59742.1 60448.8      5    486      1315+396
ICRF J131726.1-203138  1314-202     13 17 26.14881209  -20 31 38.1237013  0.00000671 0.0002527  -0.472  57523.4 53133.5 58669.6      5    252      1314-202
ICRF J131736.4+342515  1315+346     13 17 36.49418509   34 25 15.9324052  0.00000189 0.0000432   0.060  54037.4 47945.6 59140.5     44   1465      OP326   
ICRF J131736.5-134532  1314-134     13 17 36.53769637  -13 45 32.6526968  0.00000428 0.0001045   0.091  57089.0 50575.3 59795.8      8    430      1314-134
ICRF J131739.1+411545  1315+415     13 17 39.19376148   41 15 45.6174652  0.00001560 0.0001818   0.200  57740.6 53559.8 58621.5      5    334      1315+415
ICRF J131829.6+043010  1315+047     13 18 29.64222648   04 30 10.0104977  0.00000444 0.0001515  -0.200  57637.4 56161.8 58540.2      5    414      1315+047
ICRF J131833.7-060723  1315-058     13 18 33.70943308  -06 07 23.8203752  0.00000155 0.0000529  -0.198  58790.1 54111.8 59450.7     16   1154      1315-058
ICRF J131842.8-123503  1316-12A     13 18 42.85332045  -12 35 03.8461279  0.00001180 0.0004546  -0.341  58680.7 58340.4 59586.9      5    264      1316-12A
ICRF J131856.7-180740  1316-178     13 18 56.70563730  -18 07 40.4259739  0.00002131 0.0009985  -0.410  60155.0 59776.7 60530.8      4    140      1316-178
ICRF J131903.2+103935  1316+109     13 19 03.28989356   10 39 35.1865714  0.00001159 0.0003458  -0.307  58299.3 56874.5 59440.3      5    330      1316+109
ICRF J131907.4+621721  1317+625     13 19 07.48499832   62 17 21.3332099  0.00001745 0.0001214  -0.065  60113.9 59707.7 60497.5      4    316      1317+625
ICRF J131912.0-121732  1316-120     13 19 12.07207472  -12 17 32.1290662  0.00000262 0.0000743  -0.018  58239.6 50575.3 60834.1     11    764      1316-120
ICRF J131931.6-123925  1316-123     13 19 31.66962814  -12 39 25.0771872  0.00000375 0.0001242   0.106  58593.7 51448.8 60834.1     12    610      NGC5077 
ICRF J131931.7+140533  1317+143     13 19 31.74245857   14 05 33.1208291  0.00001213 0.0003714  -0.290  59088.2 57274.7 60135.7      7    306      1317+143
ICRF J131938.7-004939  1317-005     13 19 38.76617405  -00 49 39.9395988  0.00000325 0.0000929   0.059  57438.3 53551.8 59367.7      6    381      1317-005
ICRF J131946.1+514805  1317+520     13 19 46.19815719   51 48 05.7774175  0.00000383 0.0000368  -0.229  58621.5 49576.0 60770.3      9   1387      1317+520
ICRF J131950.0-272437  1317-271     13 19 50.01125743  -27 24 37.0163643  0.00002575 0.0010864   0.244  59223.9 57098.3 60323.7      9    244      1317-271
ICRF J132026.7+014036  1317+019     13 20 26.79488874   01 40 36.8117766  0.00000343 0.0001031  -0.002  57090.9 49913.7 60259.3      6    351      1317+019
ICRF J132042.2+503607  1318+508     13 20 42.20841528   50 36 07.7970487  0.00001304 0.0001252  -0.170  58439.4 49576.0 60425.9      7    340      1318+508
ICRF J132053.1+845011  1322+850     13 20 53.18375691   84 50 11.1595394  0.00007168 0.0000907   0.201  58178.7 53789.1 58803.0      6    523      1322+850
ICRF J132108.6-081815  1318-080     13 21 08.67626875  -08 18 15.5268733  0.00004429 0.0014685  -0.560  59977.7 59440.3 60448.8      6    100      1318-080
ICRF J132111.2+221612  1318+225     13 21 11.20255828   22 16 12.1082412  0.00000136 0.0000234  -0.022  58430.6 50084.5 60824.8     81   1927      1318+225
ICRF J132112.8-434216  1318-434     13 21 12.84473241  -43 42 16.8435831  0.00001282 0.0002586   0.352  59036.5 55041.8 60485.9     14    269      1318-434
ICRF J132114.0-263610  1318-263     13 21 14.03691975  -26 36 10.4643947  0.00000554 0.0001691  -0.208  56645.8 50631.3 58756.7     14    414      1318-263
ICRF J132139.5+002357  1319+006     13 21 39.56604635   00 23 57.6385459  0.00000815 0.0002664  -0.278  59024.9 58363.2 60033.6      6    475      1319+006
ICRF J132145.6+831613  1322+835     13 21 45.60891780   83 16 13.4237419  0.00002692 0.0000518  -0.034  57023.5 50687.3 60219.1     10    937      1322+835
ICRF J132211.4+214812  1319+220     13 22 11.40359265   21 48 12.2794061  0.00000489 0.0001071  -0.389  57367.8 54087.1 58634.5      5    441      1319+220
ICRF J132214.9+264546  1319+270     13 22 14.97348580   26 45 46.2823420  0.00007659 0.0009083   0.113  58722.5 50218.8 60530.8     11    174      1319+270
ICRF J132220.0-060617  1319-058     13 22 20.07836655  -06 06 17.6391057  0.00000620 0.0002077  -0.063  59904.9 58967.7 60472.1      8    317      1319-058
ICRF J132230.5-141854  1319-140     13 22 30.58382261  -14 18 54.4920565  0.00000693 0.0001795  -0.055  59395.8 58141.7 60259.3      7    303      1319-140
ICRF J132236.9-093737  1319-093     13 22 36.91262766  -09 37 37.8001455  0.00000222 0.0000595   0.055  57463.3 50575.3 60535.7     21   1009      1319-093
ICRF J132245.8-265815  1320-267     13 22 45.83361358  -26 58 15.2032796  0.00000952 0.0003679   0.188  60118.4 59642.1 60406.0      4    131      1320-267
ICRF J132255.6+391207  1320+394     13 22 55.66446302   39 12 07.9512630  0.00000601 0.0001015   0.167  57551.1 53559.8 58540.2      5    457      1320+394
ICRF J132304.1-384900  1320-385     13 23 04.14850336  -38 49 00.6702779  0.00001847 0.0007242   0.006  58520.8 53152.3 60497.5     10    275      1320-385
ICRF J132304.2-445233  1320-446     13 23 04.24994548  -44 52 33.8442981  0.00006415 0.0017730   0.175  56557.4 48765.9 60497.5     14    106      1320-446
ICRF J132317.1-340712  1320-338     13 23 17.13878787  -34 07 12.3498989  0.00001170 0.0003799  -0.257  57870.0 53133.5 60760.8      8    331      1320-338
ICRF J132319.4-303806  1320-303     13 23 19.46732780  -30 38 06.6654805  0.00000589 0.0002130  -0.115  58550.0 54942.7 60602.5      7    462      1320-303
ICRF J132330.5-080621  1320-078     13 23 30.53093273  -08 06 21.6330663  0.00000575 0.0000787   0.058  58734.7 58141.7 59440.3      4    289      1320-078
ICRF J132340.8-410123  1320-407     13 23 40.83710093  -41 01 23.6868026  0.00014357 0.0068258   0.257  59227.9 58304.5 60497.5      9     91      1320-407
ICRF J132351.5+794251  1323+799     13 23 51.56994355   79 42 51.8471906  0.00001786 0.0000432   0.041  57010.5 50687.3 60219.1      8    625      1323+799
ICRF J132400.9+573916  1322+579     13 24 00.90626003   57 39 16.3539150  0.00006019 0.0004595  -0.301  58508.8 57803.9 60530.8     10    222      1322+579
ICRF J132411.8-323535  1321-323     13 24 11.86073975  -32 35 35.5928712  0.00000946 0.0003207  -0.101  56900.7 52305.8 58634.5      6    279      1321-323
ICRF J132412.0+404811  1321+410     13 24 12.09562668   40 48 11.7620149  0.00000616 0.0000867  -0.038  56806.3 50241.8 58621.5      5    355      1321+410
ICRF J132425.7-104923  1321-105     13 24 25.79311208  -10 49 23.1344709  0.00000187 0.0000628  -0.056  57536.1 50575.3 59450.7     12    797      1321-105
ICRF J132429.3+474320  1322+479     13 24 29.34243736   47 43 20.6242840  0.00000671 0.0000776  -0.122  57103.0 50305.3 58621.5      5    391      1322+479
ICRF J132451.4+362242  1322+366     13 24 51.44109712   36 22 42.7724720  0.00000757 0.0001511   0.024  58025.8 51296.8 59522.9      6    374      NGC5141 
ICRF J132509.6-080448  1322-078     13 25 09.61554801  -08 04 48.3912518  0.00000382 0.0001161  -0.177  58726.4 54111.8 60834.1      8    552      1322-078
ICRF J132513.2-111739  1322-110     13 25 13.21958468  -11 17 39.0819971  0.00000328 0.0000682  -0.051  57805.2 54087.1 58669.6      9    544      1322-110
ICRF J132518.7+210925  1322+214     13 25 18.70828678   21 09 25.2875451  0.00002187 0.0005294  -0.234  60147.1 59693.1 60442.8      4    210      1322+214
ICRF J132527.6-430108  1322-427     13 25 27.61517961  -43 01 08.8056094  0.00001210 0.0002193   0.412  56600.9 48110.0 60497.5     19    260      CEN-A   
ICRF J132558.9+411500  1323+415     13 25 58.94085674   41 15 00.2836724  0.00000914 0.0001752  -0.098  60535.6 60448.8 60675.9      2    157      1323+415
ICRF J132608.8-165104  1323-165     13 26 08.80461246  -16 51 04.1900542  0.00000811 0.0001688  -0.066  58252.8 57659.8 58803.0      9    316      1323-165
ICRF J132616.5+315409  1323+321     13 26 16.51171346   31 54 09.5199981  0.00001315 0.0002473  -0.084  56003.8 48222.7 60323.7     15    328      1323+321
ICRF J132626.6+032627  1323+037     13 26 26.68207212   03 26 27.7738924  0.00001683 0.0004325  -0.229  58114.0 57218.8 58540.2      5    267      1323+037
ICRF J132649.2-525623  1323-527     13 26 49.22911663  -52 56 23.6330728  0.00000407 0.0000716   0.137  58013.3 54722.8 58744.8     18    455      1323-527
ICRF J132650.5+571206  1324+574     13 26 50.57234690   57 12 06.7459088  0.00000817 0.0000837  -0.110  57459.1 49576.0 58829.4      5    366      1324+574
ICRF J132650.9-170834  1324-168     13 26 50.92905494  -17 08 34.4409352  0.00000572 0.0000505   0.276  58481.5 58141.7 58803.0      5    369      1324-168
ICRF J132654.6-050058  1324-047     13 26 54.61393814  -05 00 58.9733782  0.00000322 0.0001162  -0.098  58101.2 53572.0 58669.6      6    388      1324-047
ICRF J132700.8+221050  1324+224  D  13 27 00.86131497   22 10 50.1628150  0.00000028 0.0000053   0.012  56999.4 48428.3 60856.7   1126  72050      1324+224
ICRF J132720.9+432627  1325+437     13 27 20.97895068   43 26 27.9888088  0.00000427 0.0000616   0.105  56675.0 50241.8 58631.3      5    430      1325+437
ICRF J132725.1+500849  1325+504     13 27 25.12369443   50 08 49.1738967  0.00000367 0.0000515  -0.031  58360.4 49576.0 60770.3      9    705      1325+504
ICRF J132742.0-133600  1325-133     13 27 42.02373015  -13 36 00.1611044  0.00000372 0.0000967  -0.152  58714.2 55965.8 60834.1     11    694      1325-133
ICRF J132754.6+122309  1325+126  D  13 27 54.68300123   12 23 09.1782298  0.00000137 0.0000286  -0.106  59304.5 53522.9 60697.8     46   2539      1325+126
ICRF J132840.5+622137  1326+626     13 28 40.56424624   62 21 37.0357975  0.00001537 0.0000894  -0.244  58384.9 56833.8 59742.1      6    531      1326+626
ICRF J132901.1-560802  1325-558  D  13 29 01.14490747  -56 08 02.6655830  0.00000450 0.0000533   0.421  57169.0 52675.8 60641.5     79    901      1325-558
ICRF J132905.8+500926  1327+504     13 29 05.80271419   50 09 26.4008139  0.00000112 0.0000133  -0.129  58429.7 49576.0 60852.8    183  10193      1327+504
ICRF J132909.2+480109  1327+482     13 29 09.24641174   48 01 09.6498573  0.00001354 0.0001990  -0.407  59238.2 58340.4 60093.7      6    314      1327+482
ICRF J132952.8+315411  1327+321     13 29 52.86492087   31 54 11.0544530  0.00000197 0.0000423  -0.182  54321.8 50218.8 59560.6      6    791      1327+321
ICRF J133007.1-214201  1327-214     13 30 07.12766624  -21 42 01.8032181  0.00000433 0.0001707  -0.054  60201.6 59911.6 60530.8      3    178      1327-214
ICRF J133011.0-700313  1326-697     13 30 11.07681618  -70 03 13.0777685  0.00001396 0.0000795   0.075  57922.8 54722.8 58645.7      7    207      1326-698
ICRF J133019.0-312259  1327-311     13 30 19.08404868  -31 22 59.1354810  0.00000556 0.0001958  -0.046  57103.8 52305.8 60406.0      7    472      1327-311
ICRF J133029.3+495427  1328+501     13 30 29.38895267   49 54 27.4831106  0.00001572 0.0002043  -0.041  60204.3 59875.5 60425.9      3    228      1328+501
ICRF J133037.6+250910  1328+254     13 30 37.69600307   25 09 10.9754612  0.00001834 0.0004002  -0.176  58066.3 52408.7 59586.9      7    212      1328+254
ICRF J133042.5+520215  1328+522     13 30 42.59928682   52 02 15.4547565  0.00000693 0.0000719   0.009  58004.0 56833.8 58871.4      6    566      1328+522
ICRF J133108.2+303032  1328+307     13 31 08.28802140   30 30 32.9585697  0.00000243 0.0000428   0.033  58301.0 48786.9 59378.0     32   2144      3C286   
ICRF J133111.6-263909  1328-263     13 31 11.69301939  -26 39 09.6197507  0.00000599 0.0002197  -0.160  57607.4 53502.7 58669.6      4    227      1328-263
ICRF J133115.9+052119  1328+056     13 31 15.92641825   05 21 19.8123307  0.00005167 0.0027206  -0.736  58711.4 58381.5 58981.5      3     68      1328+056
ICRF J133124.1+124444  1328+130     13 31 24.14277415   12 44 44.6100625  0.00003799 0.0006603  -0.215  59282.1 58340.4 60425.9      8    273      1328+130
ICRF J133129.1-034114  1328-034     13 31 29.16145968  -03 41 14.1140642  0.00000380 0.0001163  -0.025  57369.6 53551.8 58868.4      6    361      1328-034
ICRF J133133.4+171250  1329+174     13 31 33.44444295   17 12 50.5959341  0.00001983 0.0005182   0.195  60572.5 60442.8 60764.6      2    139      1329+174
ICRF J133153.8+060823  1329+063     13 31 53.89713666   06 08 23.3914872  0.00000534 0.0001406  -0.011  57314.9 52939.7 59460.3      6    408      1329+063
ICRF J133204.4-050943  1329-049     13 32 04.46468289  -05 09 43.3058638  0.00000169 0.0000609  -0.098  57891.1 50575.3 60645.2     10    802      1329-049
ICRF J133220.5+294945  1330+300     13 32 20.55144541   29 49 45.9409241  0.00002879 0.0004780  -0.516  57965.6 53560.9 58644.9      5    279      1330+300
ICRF J133230.9-140213  1329-137     13 32 30.92823406  -14 02 13.1866385  0.00000385 0.0001452  -0.066  58231.8 53559.8 60645.2      7    490      1329-137
ICRF J133239.2-125615  1329-126     13 32 39.25140013  -12 56 15.3436144  0.00000291 0.0000800  -0.103  57961.1 53572.0 59795.8      9    486      1329-126
ICRF J133242.5+071938  1330+075     13 32 42.54462566   07 19 38.0674105  0.00005776 0.0020636   0.233  58790.8 56817.4 60442.8     11    110      1330+075
ICRF J133245.2+472222  1330+476  D  13 32 45.24642897   47 22 22.6677341  0.00000157 0.0000196  -0.007  57389.7 50305.3 60796.8     82   4672      1330+476
ICRF J133253.2+020045  1330+022  D  13 32 53.27053820   02 00 45.6991164  0.00000104 0.0000175  -0.050  58707.9 54186.7 60834.1     83   3998      1330+022
ICRF J133304.9+065231  1330+071     13 33 04.99695867   06 52 31.9698233  0.00000546 0.0001508  -0.122  57139.7 53133.5 58551.2      5    419      1330+071
ICRF J133307.4+272518  1330+276     13 33 07.49073728   27 25 18.3825652  0.00000223 0.0000481  -0.169  58274.9 50218.8 60764.6      7    789      1330+276
ICRF J133335.7+164904  1331+170     13 33 35.78263189   16 49 04.0144143  0.00000311 0.0000780   0.225  55557.6 50084.5 60135.7      7    668      1331+170
ICRF J133338.9-235625  1330-236     13 33 38.92602491  -23 56 25.5812138  0.00000525 0.0001831   0.075  58412.9 54087.1 60602.5      5    290      1330-236
ICRF J133345.1-195042  1331-195     13 33 45.17568753  -19 50 42.3435459  0.00000392 0.0001486  -0.026  57272.6 50631.3 58803.0      6    351      1331-195
ICRF J133350.2-111251  1331-109     13 33 50.23420869  -11 12 51.6749636  0.00000358 0.0000526   0.119  58084.7 57098.3 58677.2     10    596      1331-109
ICRF J133353.7+505735  1331+512     13 33 53.78388656   50 57 35.9158607  0.00000766 0.0000967   0.054  59373.7 58203.3 60770.3      7    511      1331+512
ICRF J133404.1-115014  1331-115     13 34 04.19077005  -11 50 14.2716365  0.00000421 0.0000935   0.041  57072.0 50575.3 58681.8      8    471      1331-115
ICRF J133412.0-352014  1331-350     13 34 12.02805765  -35 20 14.1359001  0.00001127 0.0003774  -0.388  59800.0 59353.8 60530.8      7    211      1331-350
ICRF J133449.7+312824  1332+317     13 34 49.72813944   31 28 24.0493809  0.00002926 0.0008548  -0.157  59100.9 58363.2 60323.7      8    117      1332+317
ICRF J133511.9+025309  1332+031     13 35 11.90488112   02 53 09.5075008  0.00000580 0.0001662   0.045  58318.3 53125.1 60602.5      6    343      1332+031
ICRF J133521.9+454238  1333+459     13 35 21.96219021   45 42 38.2320907  0.00000341 0.0000467  -0.135  56969.8 50305.3 58631.3      5    460      1333+459
ICRF J133525.9+584400  1333+589     13 35 25.92853542   58 44 00.2912993  0.00000470 0.0000453  -0.128  56692.4 49576.0 58871.4      6    665      1333+589
ICRF J133556.4-051141  1333-049     13 35 56.47675238  -05 11 41.6599389  0.00000430 0.0001500   0.141  57012.1 50575.3 58712.2      9    459      1333-049
ICRF J133608.2-082951  1333-082     13 36 08.25983076  -08 29 51.7981741  0.00000188 0.0000702  -0.146  57527.9 50575.3 59280.1     10    812      1333-082
ICRF J133631.4+031423  1333+034     13 36 31.44778383   03 14 23.5445153  0.00000460 0.0001511   0.096  58566.9 56878.0 60683.7      7    603      1333+034
ICRF J133634.0-152948  1333-152     13 36 34.08916954  -15 29 48.0709766  0.00000420 0.0000795  -0.082  56904.2 54558.7 58933.8     34    711      1333-152
ICRF J133634.3-185241  1333-186     13 36 34.39334844  -18 52 41.6739184  0.00000334 0.0001234   0.017  57271.7 53559.8 58803.0      5    340      1333-186
ICRF J133635.6-171727  1333-170     13 36 35.64469425  -17 17 27.1012157  0.00000525 0.0000459   0.221  58428.2 57973.7 58829.4      8    470      1333-170
ICRF J133639.0-335757  1333-337     13 36 39.03252762  -33 57 57.0730656  0.00000644 0.0001080  -0.530  57184.9 54488.8 58975.8     40    726      1333-337
ICRF J133716.0+653246  1335+658     13 37 16.05969561   65 32 46.3167052  0.00001557 0.0000827   0.044  57759.9 54942.7 59440.3      5    486      1335+658
ICRF J133737.5-181140  1334-179     13 37 37.55448061  -18 11 40.9400679  0.00002162 0.0006153  -0.129  59388.1 58141.7 60530.8     11    185      1334-179
ICRF J133739.6+020657  1335+023     13 37 39.63382084   02 06 57.5028882  0.00001151 0.0002890   0.109  58180.2 57218.8 58556.9      5    396      1335+023
ICRF J133739.7-125724  1334-127  D  13 37 39.78278111  -12 57 24.6934097  0.00000023 0.0000051   0.030  54589.7 46839.8 60852.8   3779 150062      1334-127
ICRF J133749.6+550102  1335+552     13 37 49.64226128   55 01 02.1176130  0.00000499 0.0000512  -0.041  56552.7 49576.0 58728.7      8    503      1335+552
ICRF J133752.4-650924  1334-649     13 37 52.44500098  -65 09 24.8995760  0.00008040 0.0006977  -0.205  56436.1 48043.0 58884.8     10     56      1334-649
ICRF J133901.7-240114  1336-237     13 39 01.74639738  -24 01 14.0062923  0.00000314 0.0000954   0.073  55727.9 50631.3 60118.4     13    559      1336-237
ICRF J133907.1-063704  1336-063     13 39 07.14557815  -06 37 04.8788893  0.00000731 0.0002730  -0.566  58653.2 58136.6 59460.3      5    359      1336-063
ICRF J133917.5-181904  1336-180     13 39 17.54444293  -18 19 04.9000636  0.00000679 0.0001805  -0.083  58552.4 57596.8 60323.7      7    293      1336-180
ICRF J133919.8-262030  1336-260     13 39 19.89078355  -26 20 30.4956047  0.00000444 0.0001240   0.085  55909.1 50631.3 58616.7     11    524      1336-260
ICRF J133923.7+632858  1337+637     13 39 23.78285281   63 28 58.4237625  0.00001289 0.0000774   0.237  56999.1 49826.5 58677.2      5    514      1337+637
ICRF J134004.6-013746  1337-013     13 40 04.61506350  -01 37 46.5438866  0.00000188 0.0000614  -0.176  58948.5 50575.3 60710.7      7    863      1337-013
ICRF J134013.3-033520  1337-033     13 40 13.30446185  -03 35 20.8029860  0.00001207 0.0003496  -0.204  57692.2 54124.8 58746.6      5    355      1337-033
ICRF J134022.9+375443  1338+381     13 40 22.95181047   37 54 43.8331095  0.00000830 0.0001748  -0.151  53696.8 48941.5 58551.2     17    317      1338+381
ICRF J134036.0+360026  1338+362     13 40 36.00964829   36 00 26.7323373  0.00001340 0.0002460   0.009  57836.9 54111.8 58551.2      5    353      1338+362
ICRF J134041.9+300834  1338+303     13 40 41.98535005   30 08 34.8171528  0.00001126 0.0002250   0.145  58588.0 58363.2 59776.7      5    351      1338+303
ICRF J134048.0+692322  1339+696     13 40 48.00751934   69 23 22.7213908  0.00001491 0.0000690   0.021  57992.6 57098.3 58677.2      4    462      1339+696
ICRF J134100.8-164313  1338-164     13 41 00.87307903  -16 43 13.4223006  0.00000998 0.0002845   0.113  58682.7 57609.7 60323.7      7    289      1338-164
ICRF J134108.1+330110  1338+332     13 41 08.11139442   33 01 10.3327649  0.00006081 0.0006520  -0.332  59366.9 58169.7 60323.7      8    212      1338+332
ICRF J134115.2+281605  1338+285     13 41 15.28276838   28 16 05.0768548  0.00000279 0.0000709  -0.262  58459.4 50218.8 60764.6      7    706      1338+285
ICRF J134159.9+370710  1339+373     13 41 59.91169731   37 07 10.1378310  0.00002395 0.0004899   0.474  58722.4 58169.7 60448.8      6    268      1339+373
ICRF J134204.6+124249  1339+129     13 42 04.63796329   12 42 49.9690030  0.00000638 0.0001698  -0.043  58619.5 57159.0 60135.7      6    561      1339+129
ICRF J134204.7-205129  1339-206     13 42 04.73955727  -20 51 29.5413694  0.00000341 0.0001213  -0.045  55834.5 50631.3 59190.8      6    453      1339-206
ICRF J134206.2-324047  1339-324     13 42 06.20199196  -32 40 47.6432875  0.00000739 0.0002011   0.154  60191.8 59295.7 60406.0      5    208      1339-324
ICRF J134208.3+270930  1339+274     13 42 08.37669382   27 09 30.6171461  0.00000334 0.0000770   0.090  56854.9 50218.8 58669.6      5    491      1339+274
ICRF J134215.3-290041  1339-287     13 42 15.34562653  -29 00 41.8314328  0.00000291 0.0000977  -0.051  57507.3 50687.3 60406.0     30   1238      1339-287
ICRF J134300.1+284407  1340+289     13 43 00.17945899   28 44 07.5090629  0.00000429 0.0000937  -0.006  59604.2 58456.2 60135.7      6    574      1340+289
ICRF J134300.5+685517  1341+691     13 43 00.55363759   68 55 17.1565483  0.00001145 0.0000723   0.016  58631.7 49826.5 60602.5      7    587      1341+691
ICRF J134305.8+453251  1341+457     13 43 05.82743012   45 32 51.6963118  0.00001709 0.0001979  -0.342  60247.3 59875.5 60442.8      3    257      1341+457
ICRF J134328.7+572147  1341+576     13 43 28.72008886   57 21 47.0636244  0.00001675 0.0001543  -0.374  58684.9 58212.7 59894.2      6    382      1341+576
ICRF J134337.4-174755  1340-175     13 43 37.41418993  -17 47 55.4465546  0.00000333 0.0001226  -0.006  57349.7 50631.3 58871.4      6    451      1340-175
ICRF J134345.9+660225  1342+662     13 43 45.95958432   66 02 25.7451194  0.00000108 0.0000072   0.076  56808.7 47782.6 60852.8    388  28690      1342+662
ICRF J134357.6+575442  1342+581     13 43 57.62030215   57 54 42.4395863  0.00000785 0.0000833   0.038  60626.8 59996.7 60799.7      4    291      1342+581
ICRF J134400.3-365551  1341-366     13 44 00.35486554  -36 55 51.5743251  0.00001373 0.0004938  -0.261  59943.2 59353.8 60530.8      4    135      1341-366
ICRF J134408.6+660611  1342+663     13 44 08.67962018   66 06 11.6437911  0.00000188 0.0000112   0.033  56118.1 44342.5 60704.8    143   7881      1342+663
ICRF J134414.4-172340  1341-171     13 44 14.40245509  -17 23 40.3957151  0.00000275 0.0000974   0.086  58036.5 53572.0 60602.5      9    670      1341-171
ICRF J134423.7+140914  1341+144     13 44 23.74479288   14 09 14.8698027  0.00063905 0.0107567  -0.800  59270.6 58340.4 60442.8      9     43      1341+144
ICRF J134423.7-365628  1341-36A     13 44 23.78405941  -36 56 28.7945823  0.00002393 0.0008030  -0.284  59957.4 59440.3 60530.8      6     96      1341-36A
ICRF J134455.7+790710  1344+793     13 44 55.70943493   79 07 10.7640730  0.00010652 0.0002978   0.052  59253.0 58278.8 60485.9      8    296      1344+793
ICRF J134533.1+445259  1343+451     13 45 33.17248095   44 52 59.5724670  0.00000323 0.0000477  -0.150  57330.6 53560.9 58631.3      5    511      1343+451
ICRF J134536.9+382312  1343+386     13 45 36.94218214   38 23 12.5058918  0.00001070 0.0002807  -0.083  57865.1 54111.8 58556.9      5    266      1343+386
ICRF J134545.3+533252  1343+537     13 45 45.35523889   53 32 52.2888101  0.00000673 0.0000608  -0.231  58847.6 58216.3 59378.0      7    592      1343+537
ICRF J134549.3+070631  1343+073     13 45 49.31477633   07 06 31.1201678  0.00000369 0.0001203   0.010  57595.8 53559.8 58556.9      5    431      1343+073
ICRF J134551.5-301504  1343-300     13 45 51.51997615  -30 15 04.5919322  0.00001290 0.0004530  -0.187  57763.7 52305.8 60425.9      6    308      1343-300
ICRF J134608.0-124821  1343-125     13 46 08.06307881  -12 48 21.3624935  0.00000813 0.0002741   0.140  60188.6 59631.6 60472.1      4    291      1343-125
ICRF J134608.4+732053  1345+735     13 46 08.47509705   73 20 53.2963654  0.00002022 0.0000794  -0.010  58545.7 58212.7 59440.3      5    531      1345+735
ICRF J134649.0-602429  1343-601     13 46 49.04246841  -60 24 29.3563120  0.00010043 0.0005421   0.537  56343.2 52886.6 60019.8     16     51      1343-601
ICRF J134704.5-181959  1344-180     13 47 04.57030716  -18 19 59.7165820  0.00001061 0.0001900  -0.087  58524.5 57596.8 60602.5      7    350      1344-180
ICRF J134723.4+183537  1344+188     13 47 23.49018464   18 35 37.5738731  0.00000234 0.0000644  -0.031  55839.4 50084.5 60152.8      6    644      1344+188
ICRF J134729.5-134642  1344-135     13 47 29.50517374  -13 46 42.6067944  0.00001097 0.0004165   0.198  59329.1 58530.3 60472.1      7    277      1344-135
ICRF J134731.4+055233  1345+061     13 47 31.44474081   05 52 33.8040751  0.00001008 0.0002942   0.170  57919.2 53133.5 58556.9      5    434      1345+061
ICRF J134733.3+121724  1345+125     13 47 33.36163569   12 17 24.2388157  0.00000467 0.0001136  -0.198  53063.4 47658.8 59016.7     21    303      1345+125
ICRF J134740.4-375036  1344-375     13 47 40.42899047  -37 50 36.6203445  0.00000773 0.0002978   0.049  58486.5 53152.3 60602.5      8    292      1344-375
ICRF J134804.3+284025  1345+289     13 48 04.34909920   28 40 25.3665302  0.00000588 0.0001813  -0.259  58729.8 56392.8 60764.6      7    491      1345+289
ICRF J134839.9-164001  1345-164     13 48 39.90893736  -16 40 01.5175270  0.00001385 0.0004672  -0.275  58258.2 57609.7 58871.4      6    263      1345-164
ICRF J134859.2-170406  1346-168     13 48 59.23034585  -17 04 06.0584942  0.00000671 0.0002718   0.004  58615.3 57046.0 60602.5      7    357      1346-168
ICRF J134903.1-111000  1346-109     13 49 03.19304443  -11 10 00.8192189  0.00000284 0.0001055  -0.154  58467.7 57046.0 59378.0     10    749      1346-109
ICRF J134920.3-305624  1346-306     13 49 20.39847975  -30 56 24.1956122  0.00000751 0.0002582  -0.377  58239.2 54964.8 60623.9      7    350      1346-306
ICRF J134924.6-233431  1346-233     13 49 24.68832187  -23 34 31.1464018  0.00000778 0.0003046   0.130  60141.7 59911.6 60323.7      3    164      1346-233
ICRF J134931.4-113253  1346-113     13 49 31.44326790  -11 32 53.8304154  0.00000277 0.0000808   0.001  58382.8 50575.3 60760.8     11    881      1346-113
ICRF J134934.6+534117  1347+539     13 49 34.65662326   53 41 17.0399862  0.00000246 0.0000267  -0.126  54269.1 47930.6 60704.8     42   2073      1347+539
ICRF J135014.0-220441  1347-218     13 50 14.09017277  -22 04 41.0780480  0.00000779 0.0002406   0.019  56877.6 50631.3 60135.7      6    425      1347-218
ICRF J135022.1+094010  1347+099     13 50 22.13599794   09 40 10.6549708  0.00000436 0.0001109   0.076  57271.4 49913.7 58592.8      5    484      1347+099
ICRF J135036.1-163449  1347-163     13 50 36.14395757  -16 34 49.5144723  0.00000553 0.0001573   0.037  57750.6 53560.9 58899.4      6    299      1347-163
ICRF J135038.1+613248  1349+617     13 50 38.18677366   61 32 48.5173280  0.00002025 0.0001565  -0.152  57965.2 49576.0 58677.2      5    375      1349+617
ICRF J135045.6+233145  1348+237     13 50 45.65837405   23 31 45.1589015  0.00001030 0.0002371   0.006  57395.7 53125.1 58669.6      5    373      1348+237
ICRF J135052.7+303453  1348+308  D  13 50 52.73622407   30 34 53.5906746  0.00000134 0.0000212  -0.038  57899.6 50218.8 60768.8    112   4572      1348+308
ICRF J135047.4+643130  1349+647     13 50 55.69943312   64 28 56.7839835  0.00001037 0.0000837   0.073  60458.7 59996.7 60602.5      3    212      1349+647
ICRF J135116.9+083039  1348+087     13 51 16.91906728   08 30 39.9032245  0.00000201 0.0000637  -0.010  57394.6 53125.1 59320.9      7    620      1348+087
ICRF J135146.8-291217  1348-289     13 51 46.83883954  -29 12 17.6512738  0.00000653 0.0002232  -0.206  57143.9 53125.1 58677.2      5    290      1348-289
ICRF J135152.6-144914  1349-145     13 51 52.64963378  -14 49 14.5585472  0.00000212 0.0000492   0.045  57447.6 50631.3 58746.6      9    724      1349-145
ICRF J135210.3-264928  1349-265     13 52 10.30199930  -26 49 28.2725826  0.00001585 0.0005345   0.157  60154.4 59642.1 60425.9      4    157      1349-265
ICRF J135228.0-274507  1349-275     13 52 28.04612103  -27 45 07.1323622  0.00000549 0.0001928  -0.098  57621.8 53572.0 58677.2      5    276      1349-275
ICRF J135230.7+023247  1349+027     13 52 30.70213412   02 32 47.1626239  0.00006447 0.0009173   0.424  60166.8 59642.1 60442.8      4     88      1349+027
ICRF J135256.5-441240  1349-439     13 52 56.53494992  -44 12 40.3875940  0.00000334 0.0000533  -0.038  56870.4 48110.0 60726.8    118   1332      1349-439
ICRF J135308.7-142715  1350-142     13 53 08.77289546  -14 27 15.3010093  0.00000733 0.0002788  -0.159  59115.5 58540.2 59951.1      5    251      1350-142
ICRF J135323.1+753257  1352+757     13 53 23.16805500   75 32 57.7356299  0.00000993 0.0000427   0.132  57901.6 49826.5 59190.8      7    705      1352+757
ICRF J135351.5+015153  1351+021     13 53 51.58441600   01 51 53.8894345  0.00000452 0.0001703  -0.033  57800.5 53559.8 58592.8      5    399      1351+021
ICRF J135358.8+632432  1352+636     13 53 58.84717566   63 24 32.4582325  0.00002187 0.0001899   0.225  58821.0 58330.5 59742.1      5    356      1352+636
ICRF J135406.8-020603  1351-018  D  13 54 06.89532757  -02 06 03.1904716  0.00000035 0.0000126   0.038  55916.5 48572.8 60852.8   1844  44181      1351-018
ICRF J135430.4-235748  1351-237     13 54 30.43560933  -23 57 48.7574289  0.00000836 0.0002888   0.103  60147.1 59911.6 60323.7      3    204      1351-237
ICRF J135446.5-104102  1352-104     13 54 46.51869224  -10 41 02.6562402  0.00000143 0.0000232   0.042  56180.1 50455.8 60781.8    169   3230      1352-104
ICRF J135449.4-200135  1352-197     13 54 49.48827329  -20 01 35.5763937  0.00004489 0.0017875  -0.156  60044.3 59631.6 60406.0      4     54      1352-197
ICRF J135546.6-632642  1352-632     13 55 46.61220191  -63 26 42.5674892  0.00016706 0.0007629   0.136  55551.4 49534.0 59971.8     12     28      1352-632
ICRF J135547.8-094755  1353-095     13 55 47.89493074  -09 47 55.1992065  0.00001280 0.0003849  -0.126  59018.7 58143.4 60485.9      6    330      1353-095
ICRF J135603.3+483137  1354+487     13 56 03.32547544   48 31 37.5607462  0.00002055 0.0002444  -0.206  58164.5 56874.5 59440.3      5    401      1354+487
ICRF J135605.3-342110  1353-341     13 56 05.38656381  -34 21 10.8589456  0.00001493 0.0004844  -0.463  57058.5 52305.8 58644.9      5    216      1353-341
ICRF J135606.9-172431  1353-171     13 56 06.95301620  -17 24 31.8178432  0.00000429 0.0000507   0.092  58157.9 53572.0 58899.4     10    584      1353-171
ICRF J135640.3+243100  1354+247     13 56 40.37997808   24 31 00.2113624  0.00001972 0.0006208  -0.372  58551.8 56392.8 60442.8      7    275      1354+247
ICRF J135646.8-110129  1354-107     13 56 46.83181653  -11 01 29.2271640  0.00000414 0.0000593   0.144  58078.9 53560.9 58794.6      9    538      1354-107
ICRF J135704.4+191907  1354+195     13 57 04.43666288   19 19 07.3723619  0.00000153 0.0000273  -0.314  50600.3 44446.0 59772.7    185   2996      1354+195
ICRF J135706.0-174401  1354-174     13 57 06.07422415  -17 44 01.9050452  0.00000342 0.0000753  -0.010  56318.2 50455.8 60406.0     42    633      1354-174
ICRF J135711.2-152728  1354-152     13 57 11.24498533  -15 27 28.7868819  0.00000067 0.0000125  -0.002  57332.3 46874.8 60838.8    474  12692      1354-152
ICRF J135726.4+001542  1354+005     13 57 26.47964953   00 15 42.4301066  0.00000510 0.0001766  -0.246  60440.2 60354.8 60623.9      2    170      1354+005
ICRF J135738.6+012813  1355+017     13 57 38.69820789   01 28 13.6319734  0.00001874 0.0007138  -0.336  60171.7 60033.6 60442.8      3    135      1355+017
ICRF J135740.5+435359  1355+441     13 57 40.59203549   43 53 59.7693466  0.00001207 0.0001065  -0.082  57133.7 52408.7 58634.5      5    387      1355+441
ICRF J135755.3+764321  1357+769  D  13 57 55.37154727   76 43 21.0510117  0.00000100 0.0000039   0.037  53001.1 47010.4 60842.7   2262 231377      1357+769
ICRF J135800.8-382117  1355-381     13 58 00.87125246  -38 21 17.3400097  0.00002054 0.0008862  -0.557  59696.8 58576.8 60323.7      7    174      1355-381
ICRF J135801.3+834021  1400+839     13 58 01.34789420   83 40 21.9616843  0.00020878 0.0002410  -0.343  58247.4 57919.8 58803.0      5    353      1400+839
ICRF J135822.4+111932  1355+115     13 58 22.41971362   11 19 32.9192481  0.00000470 0.0001364  -0.136  57566.3 53559.8 58512.3      5    382      1355+115
ICRF J135840.6+473758  1356+478     13 58 40.66646168   47 37 58.3113293  0.00000537 0.0000658   0.020  57568.2 53560.9 58634.5      5    472      1356+478
ICRF J135900.1-415252  1355-416     13 59 00.18505868  -41 52 52.6387315  0.00003159 0.0008558  -0.646  58305.6 48110.0 60602.5     17    169      1355-416
ICRF J135905.7+554429  1357+559     13 59 05.74342484   55 44 29.3838368  0.00000443 0.0000469  -0.037  59279.5 53572.0 60799.7      8    879      1357+559
ICRF J135927.1+015954  1356+022     13 59 27.14933590   01 59 54.5631212  0.00000187 0.0000521  -0.125  58543.5 49913.7 60710.7     11    941      1356+022
ICRF J135938.0+401138  1357+404     13 59 38.09426521   40 11 38.2505679  0.00000368 0.0000599  -0.037  56740.2 50241.8 58634.5      5    494      1357+404
ICRF J140003.8-185811  1357-187     14 00 03.86599068  -18 58 11.0856196  0.00000383 0.0001401  -0.089  56956.0 53522.9 58899.4      5    385      1357-187
ICRF J140020.4-102341  1357-101     14 00 20.45944712  -10 23 41.0088057  0.00002124 0.0008106  -0.496  59209.0 58136.6 60485.9      9    182      1357-101
ICRF J140028.6+621038  1358+624     14 00 28.64828501   62 10 38.5880762  0.00001964 0.0001350  -0.160  57635.5 52408.7 58712.2      5    276      1358+624
ICRF J140048.4+042530  1358+046     14 00 48.44410729   04 25 30.8804104  0.00000361 0.0001114  -0.026  58627.5 53559.8 60760.8      7    529      1358+046
ICRF J140105.3-091631  1358-090     14 01 05.33184821  -09 16 31.5719334  0.00000376 0.0001460  -0.462  57003.8 50575.3 58794.6      6    532      1358-090
ICRF J140134.9-300436  1358-298     14 01 34.93942812  -30 04 36.8715650  0.00000756 0.0002572  -0.064  57848.4 53125.1 60623.9      6    272      1358-298
ICRF J140141.8-113624  1359-113     14 01 41.84541715  -11 36 24.9149007  0.00002054 0.0007492  -0.634  59485.1 58556.9 60485.9      8    147      1359-113
ICRF J140145.6+583542  1400+588     14 01 45.69995954   58 35 42.2671608  0.00001107 0.0000878  -0.009  58852.1 53560.9 60799.7      8    635      1400+588
ICRF J140202.4-282225  1359-281     14 02 02.40167401  -28 22 25.1443249  0.00000755 0.0002526  -0.204  56926.1 50687.3 60623.9      6    328      1359-281
ICRF J140214.8+581747  1400+585     14 02 14.81179104   58 17 47.0095036  0.00000908 0.0000995   0.260  60623.2 59996.7 60799.7      4    314      1400+585
ICRF J140244.5+155956  1400+162     14 02 44.51355351   15 59 56.6658289  0.00000465 0.0001247  -0.086  57915.5 53572.0 58512.3      5    374      1400+162
ICRF J140245.7-182556  1400-181     14 02 45.75554513  -18 25 56.4265117  0.00000530 0.0001702  -0.171  58762.9 57609.7 60623.9      8    362      1400-181
ICRF J140248.5-184047  1400-184     14 02 48.50453308  -18 40 47.4896618  0.00000485 0.0001306  -0.015  57543.5 54111.8 59795.8     10    424      1400-184
ICRF J140313.2+061008  1400+064     14 03 13.29403615   06 10 08.3565531  0.00001232 0.0003900  -0.355  58053.0 57011.1 58592.8      5    336      1400+064
ICRF J140405.2+655137  1402+660     14 04 05.27910797   65 51 37.5851364  0.00001337 0.0000811   0.048  57541.9 52408.7 58712.2      5    376      1402+660
ICRF J140412.1-001325  1401+000     14 04 12.12398641  -00 13 25.0911208  0.00000272 0.0000863  -0.115  56842.1 50575.3 58746.6      5    524      1401+000
ICRF J140432.9+072846  1402+077     14 04 32.99233860   07 28 46.9649222  0.00000583 0.0001726   0.187  57478.7 53559.8 58600.6      5    437      1402+077
ICRF J140445.8-013021  1402-012     14 04 45.89542657  -01 30 21.9475029  0.00000288 0.0000610   0.042  54985.4 48663.7 60448.8     41    911      1402-012
ICRF J140501.1+041535  1402+044     14 05 01.11983059   04 15 35.8188278  0.00000158 0.0000466  -0.143  53679.1 48887.7 60448.8     72   1667      1402+044
ICRF J140507.7+405657  1403+411     14 05 07.79545173   40 56 57.8311654  0.00000459 0.0000684  -0.068  57064.7 53125.1 58644.9      5    475      1403+411
ICRF J140532.8-144018  1402-144     14 05 32.86735076  -14 40 18.2965569  0.00000282 0.0001021  -0.240  57996.2 50575.3 60675.9     11    734      1402-144
ICRF J140541.3-390718  1402-388     14 05 41.37914778  -39 07 18.4441829  0.00009416 0.0028094  -0.063  59878.0 59353.8 60323.7      7     73      1402-388
ICRF J140600.5-105849  1403-107     14 06 00.57113678  -10 58 49.9410928  0.00000794 0.0003414  -0.524  58626.3 58143.4 59405.2      5    330      1403-107
ICRF J140600.7-084806  1403-085     14 06 00.70190623  -08 48 06.8814949  0.00000231 0.0000836  -0.122  57363.8 50575.3 58803.0      6    648      1403-085
ICRF J140610.8-070702  1403-068     14 06 10.81369247  -07 07 02.3104003  0.00000562 0.0000453   0.289  58684.0 58197.7 59115.8      6    397      1403-068
ICRF J140636.5+782810  1406+787     14 06 36.56695863   78 28 10.4048032  0.00003123 0.0000972  -0.125  57577.5 49826.5 60715.1      8    751      1406+787
ICRF J140653.8+343337  1404+347     14 06 53.84726330   34 33 37.3062082  0.00000390 0.0000778  -0.310  56674.6 50218.8 58592.8      5    436      1404+347
ICRF J140700.3+282714  1404+286     14 07 00.39441841   28 27 14.6901493  0.00000036 0.0000072  -0.051  50491.8 44340.9 60625.7   2071  70072      OQ208   
ICRF J140701.9+762813  1406+767     14 07 01.98306185   76 28 13.5265209  0.00002491 0.0001218   0.065  58026.0 49826.5 58921.9      5    511      1406+767
ICRF J140729.7-270104  1404-267     14 07 29.76230444  -27 01 04.2918299  0.00000710 0.0002316   0.029  56825.6 50631.3 58712.2      6    357      1404-267
ICRF J140739.7-430231  1404-428     14 07 39.72111790  -43 02 31.9384300  0.00002409 0.0011815   0.243  60502.6 60406.0 60602.5      2     59      1404-428
ICRF J140754.9-343128  1404-342     14 07 54.91704420  -34 31 28.2641284  0.00001365 0.0004861  -0.048  58158.2 54488.8 58669.6      7    341      1404-342
ICRF J140812.9+561332  1406+564     14 08 12.94622526   56 13 32.4847421  0.00000499 0.0000556  -0.182  57965.7 49576.0 60799.7     10    827      1406+564
ICRF J140819.0+685450  1407+691     14 08 19.07599968   68 54 50.8286231  0.00003286 0.0001558  -0.410  58052.1 49826.5 60602.5      6    534      1407+691
ICRF J140829.7-300423  1405-298     14 08 29.79016717  -30 04 23.7058298  0.00000751 0.0002892  -0.333  59556.6 58672.7 60135.7      7    306      1405-298
ICRF J140848.8+650528  1407+653     14 08 48.81121665   65 05 28.0380626  0.00003179 0.0002265  -0.070  58446.8 57951.7 59440.3      5    276      1407+653
ICRF J140849.6-290023  1405-287     14 08 49.61376261  -29 00 23.6080253  0.00000483 0.0001684   0.114  57210.3 50687.3 59320.9      7    493      1405-287
ICRF J140856.4-075226  1406-076  D  14 08 56.48120515  -07 52 26.6665592  0.00000039 0.0000061   0.061  58834.3 47175.5 60856.7    764  33637      1406-076
ICRF J140911.9-231549  1406-230     14 09 11.97616699  -23 15 49.6112346  0.00001358 0.0004558  -0.110  57730.5 50631.3 60683.7      8    377      1406-230
ICRF J140950.1-265736  1406-267  D  14 09 50.16978166  -26 57 36.9805800  0.00000160 0.0000278   0.222  57841.0 50631.3 60802.8    446   5950      1406-267
ICRF J141004.6+020306  1407+022     14 10 04.65595984   02 03 06.9126388  0.00000223 0.0000786  -0.219  57110.5 53133.5 58600.6      5    450      1407+022
ICRF J141019.6-190310  1407-188     14 10 19.69519396  -19 03 10.2029276  0.00001162 0.0002436   0.080  58370.2 57609.7 59440.3      6    281      1407-188
ICRF J141035.0+073121  1408+077     14 10 35.07535544   07 31 21.4888579  0.00000561 0.0001858  -0.409  57113.6 49913.7 58600.6      5    466      1408+077
ICRF J141035.4+621647  1409+625     14 10 35.41789860   62 16 47.3935997  0.00001462 0.0001087  -0.048  58786.1 58340.4 59742.1      5    450      1409+625
ICRF J141043.0+364721  1408+370     14 10 43.03542708   36 47 21.8729372  0.00003314 0.0003658  -0.462  60209.6 59776.7 60448.8      4    210      1408+370
ICRF J141104.2-030043  1408-027     14 11 04.25714377  -03 00 43.4224673  0.00000356 0.0001185  -0.125  59949.4 59402.8 60448.8      6    528      1408-027
ICRF J141107.8+003607  1408+008     14 11 07.83361703   00 36 07.2281988  0.00000876 0.0003463  -0.624  58310.9 57011.1 60623.9      6    391      1408+008
ICRF J141114.5+370535  1409+373     14 11 14.51614493   37 05 35.6236872  0.00000531 0.0000855  -0.346  57399.7 53572.0 58592.8      5    432      1409+373
ICRF J141121.9+591704  1409+595     14 11 21.98381274   59 17 04.2999300  0.00002739 0.0002086  -0.363  58933.0 58237.7 59926.0      6    366      1409+595
ICRF J141134.6+742429  1411+746     14 11 34.65784797   74 24 29.7256693  0.00008608 0.0003629  -0.059  58988.6 57951.7 60602.5      6    335      1411+746
ICRF J141154.8+213423  1409+218     14 11 54.86220745   21 34 23.4369898  0.00000292 0.0000762  -0.213  55343.3 48862.3 58616.7     12    836      1409+218
ICRF J141159.7+423950  1409+428     14 11 59.73103049   42 39 50.3115920  0.00002241 0.0002933  -0.263  59062.0 58381.5 59894.2      5    219      1409+428
ICRF J141220.7-163128  1409-162     14 12 20.76825981  -16 31 28.8787631  0.00000562 0.0000714   0.243  58597.8 58323.7 58829.4      5    339      1409-162
ICRF J141236.3+133438  1410+138     14 12 36.37265282   13 34 38.1527640  0.00000301 0.0000872  -0.242  56488.4 50084.5 60152.8      6    560      1410+138
ICRF J141314.8-031227  1410-029     14 13 14.87728528  -03 12 27.6605837  0.00002693 0.0006607  -0.049  59964.7 59460.3 60472.1      6    251      1410-029
ICRF J141314.8-281337  1410-279     14 13 14.88172622  -28 13 37.3884225  0.00000927 0.0003271  -0.501  59478.2 58672.7 60152.8      6    275      1410-279
ICRF J141324.2+530526  1411+533     14 13 24.27363860   53 05 26.9188113  0.00001082 0.0001473  -0.315  60625.0 60442.8 60834.1      3    269      1411+533
ICRF J141414.8+455448  1412+461     14 14 14.85245174   45 54 48.7300775  0.00002555 0.0004496   0.162  57762.8 50305.3 58644.9      6    218      1412+461
ICRF J141504.4-280954  1412-279     14 15 04.48620861  -28 09 54.4318797  0.00000655 0.0002265   0.001  57559.3 53572.0 58712.2      5    314      1412-279
ICRF J141509.9+083205  1412+087     14 15 09.91842883   08 32 05.3694052  0.00000508 0.0001536  -0.503  57645.2 54111.8 58621.5      5    413      1412+087
ICRF J141520.8-095558  1412-097     14 15 20.83393837  -09 55 58.3305239  0.00000440 0.0001571  -0.163  57803.0 53560.9 58829.4      6    464      1412-097
ICRF J141526.0-370526  1412-368  D  14 15 26.01634850  -37 05 26.9706267  0.00000372 0.0000957  -0.114  58463.9 52305.8 60623.9     83   1355      1412-368
ICRF J141528.4+370621  1413+373     14 15 28.46682429   37 06 21.1617103  0.00000465 0.0000755  -0.252  56961.7 50241.8 58592.8      5    430      1413+373
ICRF J141533.5+650123  1414+652     14 15 33.52411084   65 01 23.9043250  0.00010546 0.0004363  -0.532  58593.4 57919.8 60602.5      7    281      1414+652
ICRF J141536.7+483030  1413+487     14 15 36.80004079   48 30 30.4506522  0.00003197 0.0005105  -0.007  58208.2 57645.8 58644.9      5    222      1413+487
ICRF J141548.9-070807  1413-069     14 15 48.90446356  -07 08 07.6048803  0.00000952 0.0003184  -0.119  59937.6 59460.3 60485.9      5    327      1413-069
ICRF J141558.8+132023  1413+135     14 15 58.81750961   13 20 23.7128382  0.00000065 0.0000122  -0.015  57701.9 45137.9 60831.8    311   9549      1413+135
ICRF J141604.1+344436  1413+349     14 16 04.18619679   34 44 36.4262658  0.00000363 0.0000716   0.119  56279.4 50218.8 60118.4      9    434      1413+349
ICRF J141628.6+124213  1414+129     14 16 28.65637816   12 42 13.5772646  0.00001304 0.0003493  -0.122  58056.7 57274.7 58530.3      5    251      1414+129
ICRF J141634.3-170545  1413-168     14 16 34.36972752  -17 05 45.7326497  0.00000316 0.0000636   0.022  58610.9 53559.8 60760.8     10    787      1413-168
ICRF J141642.3-213155  1413-213     14 16 42.31455910  -21 31 55.0330225  0.00000664 0.0000765   0.297  58486.2 58141.7 58746.6      5    280      1413-213
ICRF J141708.1+460705  1415+463     14 17 08.16149078   46 07 05.4490686  0.00000384 0.0000505  -0.174  58168.9 50305.3 60834.1      7    570      1415+463
ICRF J141717.9-434915  1414-435     14 17 17.91186335  -43 49 15.2222061  0.00006226 0.0020566  -0.509  59867.1 59353.8 60406.0      6     63      1414-435
ICRF J141730.4+264457  1415+269     14 17 30.41298950   26 44 57.0282979  0.00000598 0.0001383   0.099  60571.9 60323.7 60770.3      3    263      1415+269
ICRF J141740.4+381821  1415+385     14 17 40.44577728   38 18 21.1423114  0.00000810 0.0001407  -0.247  58077.9 56833.8 58592.8      5    427      1415+385
ICRF J141803.7+170324  1415+172     14 18 03.73861159   17 03 24.6322859  0.00001485 0.0005181   0.016  59000.2 56874.5 60770.3      9    307      1415+172
ICRF J141819.0-295827  1415-297     14 18 19.00822169  -29 58 27.3835597  0.00004926 0.0016382   0.033  60106.5 59693.1 60425.9      5    116      1415-297
ICRF J141850.7+154106  1416+159     14 18 50.72125811   15 41 06.3400410  0.00001105 0.0003396   0.140  58118.5 57274.7 58530.3      5    367      1416+159
ICRF J141858.9-350942  1415-349     14 18 58.91694795  -35 09 42.5077156  0.00000624 0.0002087   0.151  57918.3 53133.5 60406.0      6    332      1415-349
ICRF J141859.9-155537  1416-156     14 18 59.95136495  -15 55 37.3233796  0.00000580 0.0001923  -0.329  58801.8 58490.7 59440.3      5    316      1416-156
ICRF J141908.1+062834  1416+067     14 19 08.18014465   06 28 34.8033822  0.00000253 0.0000716  -0.155  56174.9 48193.8 58574.7     22   1232      1416+067
ICRF J141922.5-083832  1416-084     14 19 22.55607597  -08 38 32.1403732  0.00000278 0.0000905  -0.138  58788.3 58436.8 58989.8      6    379      1416-084
ICRF J141935.2-515458  1416-516     14 19 35.24523767  -51 54 58.5707605  0.00000901 0.0001986   0.205  58374.5 57987.7 58744.8      6     74      1416-516
ICRF J141946.5+542314  1418+546  D  14 19 46.59741312   54 23 14.7870901  0.00000043 0.0000046   0.015  56509.3 45137.9 60845.8   1484 130701      1418+546
ICRF J141946.6+382148  1417+385     14 19 46.61376297   38 21 48.4750647  0.00000037 0.0000059   0.018  56625.1 49749.8 60852.8    982  47281      1417+385
ICRF J141949.7-192825  1417-192     14 19 49.73867923  -19 28 25.2684425  0.00000509 0.0001671   0.168  55892.7 50631.3 60406.0      7    496      1417-192
ICRF J141955.8-142320  1417-141     14 19 55.81932833  -14 23 20.9332852  0.00009292 0.0021816   0.063  60229.1 59816.3 60497.5      4     73      1417-141
ICRF J141959.2+270625  1417+273     14 19 59.29707583   27 06 25.5526814  0.00000118 0.0000233  -0.033  57615.1 48862.3 60824.8    116   3312      1417+273
ICRF J141959.4+080441  1417+083     14 19 59.44216383   08 04 41.5836502  0.00000345 0.0001018   0.092  60503.3 60354.8 60715.1      2    199      1417+083
ICRF J142000.3+372134  1417+375     14 20 00.34109208   37 21 34.6599351  0.00000603 0.0001057  -0.050  57212.1 53133.5 58600.6      5    458      1417+375
ICRF J142017.9-064208  1417-064     14 20 17.95754867  -06 42 08.0512185  0.00000517 0.0000914  -0.122  59230.3 58379.7 60497.5      6    294      1417-064
ICRF J142020.8+170329  1417+172     14 20 20.89115771   17 03 29.1753466  0.00000228 0.0000641   0.045  58498.9 55740.7 60770.3      7    671      1417+172
ICRF J142100.1-111820  1418-110     14 21 00.15060660  -11 18 20.4035913  0.00000631 0.0002594  -0.281  59096.3 58600.6 59971.0      6    258      1418-110
ICRF J142107.7-064356  1418-065     14 21 07.75561834  -06 43 56.3558965  0.00000528 0.0001182   0.196  57916.5 50575.3 60675.9      8    518      1418-065
ICRF J142114.0+282452  1419+286     14 21 14.05571333   28 24 52.7858500  0.00001928 0.0004702  -0.442  59047.9 58136.6 60135.7      6    274      1419+286
ICRF J142115.0+751320  1421+754     14 21 15.01707280   75 13 20.2555035  0.00018066 0.0006370  -0.007  58605.5 57904.2 60485.9      6    239      1421+754
ICRF J142123.0+464547  1419+469     14 21 23.07290248   46 45 47.9870554  0.00000556 0.0000761  -0.230  56566.0 50305.3 58669.6      6    384      1419+469
ICRF J142136.9-193118  1418-192     14 21 36.95811408  -19 31 18.8513917  0.00000331 0.0001270  -0.226  58838.8 54600.8 60425.9     10    700      1418-192
ICRF J142138.6-482022  1418-481     14 21 38.64654813  -48 20 22.7964089  0.00003665 0.0003881   0.008  60411.1 59703.8 60543.8      2     19      1418-481
ICRF J142143.3-200143  1418-198     14 21 43.39526184  -20 01 43.8840223  0.00001001 0.0002091   0.086  58759.1 57596.8 60425.9      6    313      1418-198
ICRF J142144.5+101357  1419+104     14 21 44.55812603   10 13 57.0374331  0.00000983 0.0002713  -0.202  57981.2 56817.4 58540.2      5    435      1419+104
ICRF J142230.3+322310  1420+326     14 22 30.37895220   32 23 10.4401591  0.00000248 0.0000518  -0.085  56398.3 48862.3 60710.7     15    886      1420+326
ICRF J142237.1-230830  1419-229     14 22 37.10633818  -23 08 30.1360759  0.00000537 0.0001936  -0.081  58074.6 56497.8 59230.1      5    325      1419-229
ICRF J142242.4+041439  1420+044     14 22 42.49049446   04 14 39.1203152  0.00001077 0.0003579  -0.603  58216.9 57497.7 59508.8      5    407      1420+044
ICRF J142249.2-272756  1419-272     14 22 49.22714257  -27 27 56.7230735  0.00000752 0.0002147   0.180  59802.6 59115.8 60152.8      5    167      1419-272
ICRF J142306.1+480210  1421+482     14 23 06.15664575   48 02 10.8454976  0.00000525 0.0000685  -0.101  57050.3 50305.3 58669.6      5    329      1421+482
ICRF J142314.1+505537  1421+511     14 23 14.18636158   50 55 37.2863218  0.00000821 0.0001024  -0.249  57707.0 50305.3 58921.9      5    440      1421+511
ICRF J142330.1+115951  1421+122     14 23 30.10015272   11 59 51.2488165  0.00001428 0.0003306  -0.339  58326.2 49913.7 60442.8      7    320      1421+122
ICRF J142340.8-221817  1420-220     14 23 40.81019959  -22 18 17.5163940  0.00000451 0.0001599   0.089  57500.9 53502.7 58746.6      5    361      1420-220
ICRF J142343.5-782934  1418-782     14 23 43.54933955  -78 29 34.8996282  0.00003652 0.0001173   0.108  57975.2 52886.6 59192.8     10    181      1417-782
ICRF J142409.5+043452  1421+048     14 24 09.50092680   04 34 52.0833462  0.00000579 0.0001949  -0.558  57816.5 52939.7 58621.5      6    383      1421+048
ICRF J142416.0-140702  1421-138     14 24 16.03516227  -14 07 02.9939790  0.00000320 0.0001212  -0.248  58074.9 53559.8 58871.4      7    497      1421-138
ICRF J142437.0+470556  1422+473     14 24 37.07986827   47 05 56.6963627  0.00000563 0.0000897  -0.126  58392.9 50305.3 60834.1      7    534      1422+473
ICRF J142438.0+225600  1422+23C     14 24 38.06695029   22 55 59.8735207  0.00002067 0.0005098   0.486  58003.6 57950.4 58136.6      2     14      1422+23C
ICRF J142438.1+225601  1422+231     14 24 38.11754313   22 56 00.8942530  0.00003717 0.0005073  -0.148  59476.8 59297.8 59586.9      2     42      1422+231
ICRF J142440.5+263730  1422+268     14 24 40.52800913   26 37 30.4620023  0.00019583 0.0023883   0.248  58877.0 58136.6 60770.3      9     57      1422+268
ICRF J142452.2-724117  1420-724     14 24 52.23822329  -72 41 17.0950085  0.00002838 0.0001109   0.260  58217.9 54722.8 59178.7      7    133      1420-725
ICRF J142455.5+361536  1422+364     14 24 55.51160527   36 15 36.0418710  0.00000880 0.0001546   0.078  58472.8 56817.4 60715.1      6    448      1422+364
ICRF J142455.5-680758  1420-679  D  14 24 55.55741930  -68 07 58.0944438  0.00000417 0.0000334   0.231  57992.4 52871.9 60641.5     86   1518      1420-679
ICRF J142523.0-251306  1422-249     14 25 23.03736846  -25 13 06.9710208  0.00000937 0.0002980  -0.337  56976.2 53133.5 58794.6      5    347      1422-249
ICRF J142549.0+142456  1423+146  D  14 25 49.01801744   14 24 56.9018884  0.00000096 0.0000217  -0.038  58086.4 50084.5 60807.7    112   4824      1423+146
ICRF J142637.0+362509  1424+366     14 26 37.08750629   36 25 09.5735600  0.00000225 0.0000339   0.087  56153.6 50241.8 60472.1     75   2006      1424+366
ICRF J142655.4-021544  1424-020     14 26 55.48410642  -02 15 44.2810722  0.00000249 0.0000788  -0.180  59598.4 58436.8 60118.4      6    428      1424-020
ICRF J142700.3+234800  1424+240     14 27 00.39178143   23 48 00.0375156  0.00000153 0.0000221   0.003  57570.7 48862.3 60500.7     75   2769      1424+240
ICRF J142735.6+263214  1425+267     14 27 35.60758649   26 32 14.5415939  0.00003310 0.0005282   0.023  58899.1 56878.0 60799.7     10    327      TON202  
ICRF J142741.3-330531  1424-328     14 27 41.36113401  -33 05 31.5062330  0.00000606 0.0002136   0.137  58132.5 53125.1 60425.9      7    296      1424-328
ICRF J142756.2-420619  1424-418  D  14 27 56.29756575  -42 06 19.4376195  0.00000034 0.0000056   0.029  57592.2 47304.8 60856.7   2834 121035      1424-418
ICRF J142828.5-155308  1425-156     14 28 28.50838327  -15 53 08.8391920  0.00000799 0.0002282  -0.169  58689.1 57596.8 60675.9      8    454      1425-156
ICRF J142831.7+272432  1426+276     14 28 31.76167406   27 24 32.2323782  0.00000705 0.0001729   0.213  58060.0 56878.0 59707.7      6    420      NGC5635 
ICRF J142846.4+210336  1426+212     14 28 46.41269288   21 03 36.7555161  0.00000404 0.0000949  -0.010  59000.4 56878.0 60799.7      8    721      1426+212
ICRF J142905.3+631604  1427+634     14 29 05.30698297   63 16 04.6538527  0.00001057 0.0000752  -0.105  58323.1 56903.8 60623.9      6    622      1427+634
ICRF J142921.8+540611  1427+543     14 29 21.87880076   54 06 11.1226474  0.00000389 0.0000442  -0.216  56291.9 49576.0 60834.1     15    704      1427+543
ICRF J142934.4-205513  1426-206     14 29 34.46364443  -20 55 13.5990648  0.00000698 0.0002204   0.082  58977.4 57609.7 60425.9      8    304      1426-206
ICRF J142948.6-011252  1427-009     14 29 48.66536536  -01 12 52.2521033  0.00000460 0.0001562  -0.166  60467.3 60354.8 60675.9      2    177      1427-009
ICRF J143009.7+104326  1427+109     14 30 09.73880933   10 43 26.8623803  0.00000221 0.0000670   0.086  56312.3 49913.7 58540.2      5    443      1427+109
ICRF J143023.7+420436  1428+422     14 30 23.74164150   42 04 36.4911792  0.00000386 0.0000519   0.050  56495.8 50241.8 59378.0     31   1269      1428+422
ICRF J143031.3-000907  1427+000     14 30 31.30184154  -00 09 07.6171335  0.00001671 0.0004306   0.107  58553.7 57098.3 60715.1      7    315      1427+000
ICRF J143040.5+364903  1428+370  D  14 30 40.58368946   36 49 03.8887696  0.00000169 0.0000262  -0.077  57775.8 53133.5 60715.1     71   2973      1428+370
ICRF J143109.2-312038  1428-311     14 31 09.22340537  -31 20 38.8312059  0.00001284 0.0004627  -0.032  60110.9 59875.5 60442.8      4    150      1428-311
ICRF J143120.5+395241  1429+400     14 31 20.53837374   39 52 41.5288060  0.00000319 0.0000634  -0.050  56502.4 50241.8 58600.6      5    414      1429+400
ICRF J143125.8+244220  1429+249     14 31 25.88470080   24 42 20.7050746  0.00000897 0.0001913  -0.435  58263.8 57406.7 59280.1      5    454      1429+249
ICRF J143128.1-150928  1428-149     14 31 28.13228751  -15 09 28.7979650  0.00000652 0.0001440  -0.053  59447.6 58323.7 59981.8      7    268      1428-149
ICRF J143156.0-290317  1428-288     14 31 56.00267395  -29 03 17.8596134  0.00000895 0.0003049   0.095  60104.7 59693.1 60442.8      5    259      1428-288
ICRF J143239.8+361807  1430+365     14 32 39.82959794   36 18 07.9327574  0.00000914 0.0002045  -0.262  56550.4 50302.8 58600.6     13    345      NGC5675 
ICRF J143243.2+410327  1430+412     14 32 43.29692145   41 03 27.8472053  0.00003827 0.0004232  -0.071  60271.6 59894.2 60472.1      3    140      1430+412
ICRF J143257.6-180135  1430-178     14 32 57.69061459  -18 01 35.2485955  0.00000339 0.0000701  -0.281  56637.4 48159.5 59795.8     33    864      1430-178
ICRF J143321.4-154844  1430-155     14 33 21.45933688  -15 48 44.6870851  0.00000272 0.0000929  -0.041  56898.5 50631.3 58899.4      6    542      1430-155
ICRF J143328.4-834108  1424-834     14 33 28.43279159  -83 41 08.7107103  0.00012788 0.0002743  -0.114  57155.6 57152.0 57158.0      3     33      1424-834
ICRF J143405.6+420315  1432+422     14 34 05.69448535   42 03 15.9915764  0.00000497 0.0000793  -0.059  57138.5 50241.8 60715.1      6    510      1432+422
ICRF J143421.1-114619  1431-115     14 34 21.13585116  -11 46 19.5113001  0.00000372 0.0001355  -0.226  57665.9 53502.7 58899.4      6    525      1431-115
ICRF J143439.7+195200  1432+200     14 34 39.79336401   19 52 00.7357549  0.00000094 0.0000177   0.021  56752.2 48862.3 60852.8    240   6211      1432+200
ICRF J143514.3-103033  1432-102     14 35 14.39418257  -10 30 33.1999286  0.00001029 0.0004178  -0.593  59378.2 58621.5 60497.5      6    272      1432-102
ICRF J143535.4+301224  1433+304     14 35 35.40216423   30 12 24.5192940  0.00001117 0.0001866   0.141  54146.5 48862.3 58590.8     10    425      1433+304
ICRF J143539.9-041455  1433-040     14 35 39.90447378  -04 14 55.2998367  0.00001413 0.0003899   0.335  57706.0 53152.3 58794.6      5    282      1433-040
ICRF J143547.1+760525  1436+763     14 35 47.09869227   76 05 25.8287574  0.00010114 0.0004163   0.221  58231.6 49826.5 60485.9      8    252      1436+763
ICRF J143640.9+232103  1434+235     14 36 40.98109882   23 21 03.2593990  0.00000209 0.0000532  -0.257  56313.3 50084.5 60799.7      9    763      1434+235
ICRF J143645.8+633637  1435+638     14 36 45.80215317   63 36 37.8662957  0.00000315 0.0000235   0.130  52906.3 47284.7 58743.7     31   1899      1435+638
ICRF J143656.7-184634  1434-185     14 36 56.76825811  -18 46 34.1321870  0.00000730 0.0001924  -0.139  58388.0 57596.8 58921.9      6    312      1434-185
ICRF J143708.9-294718  1434-295     14 37 08.96931092  -29 47 18.6278911  0.00001301 0.0004186  -0.130  59025.1 56808.7 60715.1      9    325      1434-295
ICRF J143719.8+511249  1435+514     14 37 19.80440882   51 12 49.3689422  0.00001080 0.0001106   0.148  58064.4 54087.1 58921.9      5    450      1435+514
ICRF J143741.9-111910  1434-111     14 37 41.90520292  -11 19 10.6991158  0.00002269 0.0007095  -0.319  59342.4 58631.3 60497.5      6    256      1434-111
ICRF J143809.4-220454  1435-218  D  14 38 09.46939339  -22 04 54.7484973  0.00000141 0.0000253   0.108  57972.8 47175.5 60770.3     99   3169      1435-218
ICRF J143810.7-312228  1435-311     14 38 10.78571741  -31 22 28.5270610  0.00000606 0.0002137   0.100  59063.3 58203.3 59926.0      6    320      1435-311
ICRF J143828.5+441812  1436+445     14 38 28.50450969   44 18 12.0725024  0.00001053 0.0001405   0.243  57021.7 50305.3 58677.2      5    383      1436+445
ICRF J143844.7+621154  1437+624     14 38 44.78297167   62 11 54.4380262  0.00001703 0.0001260  -0.371  57654.1 52408.7 58794.6      5    296      1437+624
ICRF J143853.6+371035  1436+373     14 38 53.61097342   37 10 35.4166614  0.00000266 0.0000465  -0.044  57333.7 50241.8 60715.1      7    705      1436+373
ICRF J143908.9+211450  1436+214     14 39 08.90236498   21 14 50.8207348  0.00000351 0.0000938  -0.204  57856.7 53559.8 58712.2      5    432      1436+214
ICRF J143917.4+393242  1437+397     14 39 17.47882225   39 32 42.8074430  0.00001848 0.0003253  -0.016  60222.2 59926.0 60472.1      3    178      1437+397
ICRF J143920.5+371202  1437+374     14 39 20.57784391   37 12 02.8362697  0.00000510 0.0001027  -0.143  58189.9 57645.8 59190.8      6    546      1437+374
ICRF J143923.6+325354  1437+331     14 39 23.65437946   32 53 54.8244475  0.00001676 0.0002835  -0.172  57378.7 51686.6 58621.5      5    287      1437+331
ICRF J143944.5+074056  1437+078     14 39 44.54469011   07 40 56.4485093  0.00006694 0.0008228   0.206  60161.0 59642.1 60448.8      4    103      1437+078
ICRF J143946.9+495805  1438+501     14 39 46.97623408   49 58 05.4557184  0.00000460 0.0000608  -0.101  56843.6 50305.3 58677.2      5    459      1438+501
ICRF J143956.8-153150  1437-153     14 39 56.87205016  -15 31 50.5548562  0.00000298 0.0001047   0.068  57713.9 50631.3 60715.1     10    750      1437-153
ICRF J144017.9+055634  1437+061     14 40 17.98501725   05 56 34.0902301  0.00000694 0.0002173  -0.166  57855.1 54111.8 58621.5      5    355      1437+061
ICRF J144022.3+382013  1438+385     14 40 22.33608627   38 20 13.6163165  0.00000348 0.0000689   0.004  56343.4 50241.8 58621.5      5    391      1438+385
ICRF J144033.6+012705  1438+016     14 40 33.64701627   01 27 05.2087083  0.00000970 0.0002947  -0.266  58155.2 53522.9 60715.1      6    399      1438+016
ICRF J144059.4+015744  1438+021     14 40 59.49588421   01 57 44.1519964  0.00000418 0.0001309  -0.112  57801.0 53560.9 60715.1      6    434      1438+021
ICRF J144115.0-391348  1438-390     14 41 15.08907215  -39 13 48.1344056  0.00001786 0.0006737  -0.133  59122.4 58203.3 60406.0      8    158      1438-390
ICRF J144119.8-330324  1438-328     14 41 19.89355142  -33 03 24.3989764  0.00000581 0.0002062   0.112  58442.7 53133.5 60602.5      7    343      1438-328
ICRF J144123.9-345645  1438-347     14 41 23.96999476  -34 56 45.9396977  0.00000959 0.0003299  -0.189  58492.6 53125.1 60152.8      8    280      1438-347
ICRF J144145.4-152336  1438-151     14 41 45.41724986  -15 23 36.2653918  0.00000268 0.0001000  -0.232  58609.7 53559.8 59378.0     15   1137      1438-151
ICRF J144158.6+631833  1440+635     14 41 58.66936327   63 18 33.4391214  0.00001068 0.0000833   0.212  57816.9 49826.5 58794.6      5    533      1440+635
ICRF J144200.1+323420  1439+327     14 42 00.13899475   32 34 20.3013188  0.00000546 0.0000897  -0.084  56854.2 50218.8 58621.5      5    388      1439+327
ICRF J144204.0+132916  1439+137     14 42 04.04192158   13 29 16.0510077  0.00002809 0.0004836   0.144  59837.7 59297.8 60448.8      6    204      1439+137
ICRF J144212.2+062526  1439+066     14 42 12.23775618   06 25 26.1338325  0.00000884 0.0002872  -0.640  58059.0 56833.8 58631.3      5    353      1439+066
ICRF J144302.7+520137  1441+522     14 43 02.76070171   52 01 37.2985204  0.00000401 0.0000418  -0.116  58204.9 53767.8 59378.0      7    708      1441+522
ICRF J144312.9-221516  1440-220     14 43 12.92988915  -22 15 16.5991441  0.00000774 0.0003001  -0.230  59164.6 57609.7 60203.4      9    295      1440-220
ICRF J144341.0-060110  1441-058     14 43 41.05751586  -06 01 10.8612537  0.00000724 0.0002866  -0.462  57863.1 55517.8 59508.8      5    368      1441-058
ICRF J144356.8+250144  1441+252     14 43 56.89220596   25 01 44.4907040  0.00000064 0.0000117  -0.089  57939.8 52408.7 60705.8    234  11943      1441+252
ICRF J144358.6+633226  1442+637     14 43 58.60079737   63 32 26.3650692  0.00000702 0.0000551  -0.060  56862.2 49826.5 60135.7      7    571      1442+637
ICRF J144431.7+025753  1442+031     14 44 31.76669912   02 57 53.5157028  0.00001080 0.0003974  -0.534  58049.5 56748.7 58631.3      5    284      1442+031
ICRF J144450.7+113156  1442+117     14 44 50.73575873   11 31 56.3898425  0.00000889 0.0002648  -0.347  58117.7 57950.4 58540.2      5    331      1442+117
ICRF J144458.3-085942  1442-087     14 44 58.30803742  -08 59 42.5211261  0.00000430 0.0000801  -0.052  58221.2 57673.7 58771.7      9    409      1442-087
ICRF J144509.5-161410  1442-160     14 45 09.57506658  -16 14 10.7764530  0.00000445 0.0000669   0.157  59375.9 58323.7 60033.6      8    356      1442-160
ICRF J144516.4+095836  1442+101     14 45 16.46524769   09 58 36.0727266  0.00000272 0.0000506   0.168  52719.2 47010.4 59016.7     54   1066      OQ172   
ICRF J144540.4-154306  1442-155     14 45 40.42507284  -15 43 06.2713719  0.00002239 0.0007565  -0.157  59593.6 58634.5 60425.9      7    273      1442-155
ICRF J144544.2-244541  1442-245     14 45 44.21152188  -24 45 41.5924576  0.00000609 0.0002225   0.042  57366.2 55412.8 58803.0      5    350      1442-245
ICRF J144553.3-162901  1443-162  D  14 45 53.37630041  -16 29 01.6192076  0.00000130 0.0000252  -0.146  58075.8 47940.3 60715.1    156   4834      1443-162
ICRF J144635.3+172107  1444+175     14 46 35.34629539   17 21 07.5810544  0.00000172 0.0000512  -0.037  55731.8 50084.5 60799.7      9    730      1444+175
ICRF J144636.3+311046  1444+313     14 46 36.35915194   31 10 46.1149352  0.00000388 0.0000900  -0.248  60089.9 59816.3 60425.9      4    377      1444+313
ICRF J144815.0-162024  1445-161     14 48 15.05412659  -16 20 24.5483812  0.00000199 0.0000512  -0.378  57451.5 48092.0 60770.3     66   1784      1445-161
ICRF J144828.7+760111  1448+762  D  14 48 28.77910880   76 01 11.5972896  0.00000240 0.0000082   0.010  55781.9 47019.0 60799.7    133  10578      1448+762
ICRF J144850.3+040219  1446+042     14 48 50.36110963   04 02 19.8920362  0.00000417 0.0001222  -0.003  57204.8 49913.7 58634.5      5    342      1446+042
ICRF J144851.1-112215  1446-111     14 48 51.16017272  -11 22 15.7341478  0.00000508 0.0001732   0.230  57675.5 50575.3 58942.4      6    404      1446-111
ICRF J144859.1+532609  1447+536     14 48 59.17444532   53 26 09.2893059  0.00001075 0.0001115   0.099  59119.6 58245.2 60093.7      6    536      1447+536
ICRF J144916.5-004519  1446-005     14 49 16.59029190  -00 45 19.2293975  0.00000350 0.0001085  -0.199  57501.2 53502.7 58794.6      5    440      1446-005
ICRF J144939.9-213924  1446-214     14 49 39.97413417  -21 39 24.7352663  0.00000598 0.0000726   0.239  58550.6 57924.7 58803.0      7    333      1446-214
ICRF J145031.1+091027  1448+093     14 50 31.16893673   09 10 27.9545546  0.00000456 0.0001443  -0.246  55918.8 49913.7 58634.5      5    424      1448+093
ICRF J145102.5-232931  1448-232     14 51 02.50946744  -23 29 31.1143801  0.00000778 0.0001509  -0.001  57923.1 53572.0 58803.0      9    413      1448-232
ICRF J145131.4+134324  1449+139     14 51 31.49081553   13 43 23.9999562  0.00000620 0.0001381  -0.020  58495.4 50084.5 60448.8      9    296      1449+139
ICRF J145147.4-012735  1449-012     14 51 47.41230017  -01 27 35.3076222  0.00000446 0.0001293  -0.012  56831.6 50575.3 58803.0      5    438      1449-012
ICRF J145157.3+635719  1450+641     14 51 57.36179644   63 57 19.2015452  0.00006572 0.0003204  -0.089  58273.0 54087.1 60323.7      7    254      1450+641
ICRF J145224.6+452223  1450+455     14 52 24.67431096   45 22 23.6699402  0.00000635 0.0000891  -0.261  57812.7 50305.3 58677.2      5    435      1450+455
ICRF J145239.6-650203  1448-648  D  14 52 39.67919895  -65 02 03.4332912  0.00001189 0.0000832   0.314  57548.0 52886.6 60144.8     39    448      1448-648
ICRF J145258.1-131922  1450-131     14 52 58.15579910  -13 19 22.9395553  0.00000475 0.0000743   0.076  58697.3 58490.7 59115.8      7    359      1450-131
ICRF J145301.4+103617  1450+108     14 53 01.48562133   10 36 17.2035038  0.00000603 0.0001719   0.197  60156.9 59875.5 60448.8      4    282      1450+108
ICRF J145304.5-220429  1450-218     14 53 04.57759538  -22 04 29.2832427  0.00000667 0.0001705  -0.186  58239.0 57596.8 58803.0      5    268      1450-218
ICRF J145318.5+350539  1451+352     14 53 18.54524034   35 05 39.3634186  0.00000500 0.0000973  -0.182  57886.3 53572.0 58631.3      5    366      1451+352
ICRF J145344.2-252247  1450-251     14 53 44.21892085  -25 22 47.5025875  0.00000578 0.0001973  -0.218  57177.1 53559.8 58829.4      5    356      1450-251
ICRF J145344.2+102557  1451+106     14 53 44.24113646   10 25 57.5629706  0.00000397 0.0001059  -0.017  57389.3 53560.9 58551.2      5    432      1451+106
ICRF J145353.6+264833  1451+270     14 53 53.60065253   26 48 33.4096532  0.00000386 0.0000780  -0.312  54856.3 50218.8 59230.1      7    420      1451+270
ICRF J145359.7+091543  1451+094     14 53 59.73209414   09 15 43.3287561  0.00000552 0.0001669  -0.304  57580.8 53559.8 58634.5      5    360      1451+094
ICRF J145402.4-340057  1450-338     14 54 02.47332863  -34 00 57.2111105  0.00001026 0.0003646   0.073  57009.4 52305.8 58677.2      6    273      1450-338
ICRF J145420.8+162424  1452+166     14 54 20.85504731   16 24 24.3708965  0.00000377 0.0001063   0.101  57270.6 53522.9 58551.2      5    477      1452+166
ICRF J145427.4-374733  1451-375     14 54 27.40973536  -37 47 33.1451419  0.00000069 0.0000130   0.189  57970.2 47510.2 60845.8    769  16605      1451-375
ICRF J145432.2+295558  1452+301     14 54 32.29787673   29 55 58.0562850  0.00000770 0.0002076  -0.426  57749.9 53560.9 58746.6      5    319      1452+301
ICRF J145432.9-401232  1451-400  D  14 54 32.91235948  -40 12 32.5144418  0.00000279 0.0000589   0.053  56640.2 47639.0 60623.9    145   2365      1451-400
ICRF J145446.6-250512  1451-248     14 54 46.69901290  -25 05 12.4896713  0.00000479 0.0001695  -0.177  57226.3 50631.3 58829.4      6    315      1451-248
ICRF J145502.8-170013  1452-168     14 55 02.81065294  -17 00 13.9539042  0.00000573 0.0000759   0.106  58446.2 50631.3 60770.3     11    667      1452-168
ICRF J145509.0-315833  1452-317     14 55 09.08597690  -31 58 33.0284541  0.00001774 0.0004857  -0.294  59880.1 59129.8 60442.8      6    160      1452-317
ICRF J145531.8+213139  1453+217     14 55 31.84629339   21 31 39.1751120  0.00000474 0.0001179  -0.309  58031.7 53125.1 60799.7      6    600      1453+217
ICRF J145537.9-215928  1452-217     14 55 37.99032142  -21 59 28.3838651  0.00001371 0.0002382   0.214  59562.1 58562.8 60203.4      8    308      1452-217
ICRF J145554.1+443137  1454+447     14 55 54.13578521   44 31 37.6547438  0.00000631 0.0000818  -0.250  57816.9 50305.3 60715.1      6    591      1454+447
ICRF J145554.8-110843  1453-109     14 55 54.88420273  -11 08 43.4084846  0.00000469 0.0000931  -0.278  58994.2 58197.7 59522.9      7    275      1453-109
ICRF J145608.1+504836  1454+510     14 56 08.11974009   50 48 36.3006552  0.00000651 0.0000705  -0.105  57372.1 49576.0 58942.4      5    410      1454+510
ICRF J145641.3-061743  1454-060     14 56 41.39265438  -06 17 43.2039855  0.00000540 0.0000694   0.209  57789.0 57218.8 59230.1      7   1037      1454-060
ICRF J145713.0-424836  1453-426     14 57 13.00367728  -42 48 36.6790039  0.00001767 0.0006217   0.143  60485.3 60425.9 60623.9      2     50      1453-426
ICRF J145716.4+673118  1456+677     14 57 16.49216721   67 31 18.8492953  0.00001485 0.0001061  -0.026  59745.3 59080.8 60152.8      5    454      1456+677
ICRF J145719.3-075152  1454-076     14 57 19.37443971  -07 51 52.8844118  0.00000854 0.0002497   0.101  59744.4 59402.8 60118.4      5    319      1454-076
ICRF J145726.7-353909  1454-354     14 57 26.71172101  -35 39 09.9717788  0.00000584 0.0001088   0.138  55946.8 53133.5 58712.2     25    311      1454-354
ICRF J145738.1+074954  1455+080     14 57 38.12869474   07 49 54.7152861  0.00000851 0.0002353  -0.126  55680.1 49913.7 58634.5      5    405      1455+080
ICRF J145743.4+243507  1455+247     14 57 43.42551799   24 35 07.7189534  0.00002826 0.0003813  -0.155  58103.5 53340.8 60448.8      6    260      1455+247
ICRF J145752.5+093816  1455+098     14 57 52.53159171   09 38 16.5489718  0.00000753 0.0001887  -0.255  57964.6 53572.0 58680.7      6    358      1455+098
ICRF J145757.3+343950  1455+348     14 57 57.30295470   34 39 50.3857576  0.00000827 0.0001417  -0.259  58655.9 55453.7 60554.7      6    502      1455+348
ICRF J145844.7+372021  1456+375     14 58 44.79444926   37 20 21.6225428  0.00000457 0.0000802  -0.276  56725.7 50241.8 58631.3      5    435      1456+375
ICRF J145859.3+041613  1456+044     14 58 59.35621614   04 16 13.8203968  0.00000114 0.0000244  -0.147  57526.6 49913.7 60824.8    186   4587      1456+044
ICRF J145907.5+714019  1458+718     14 59 07.58391576   71 40 19.8668352  0.00000245 0.0000153  -0.108  55348.7 48193.8 60394.7     94   5148      3C309.1 
ICRF J145915.7-365547  1456-367     14 59 15.76367515  -36 55 47.9394991  0.00001431 0.0004736  -0.127  57949.8 52305.8 60152.8      8    291      1456-367
ICRF J145924.7-164136  1456-16A     14 59 24.76145487  -16 41 36.2537166  0.00001946 0.0006282   0.028  59422.8 58323.7 60118.4      9    254      1456-16A
ICRF J145928.7-181045  1456-179     14 59 28.76318611  -18 10 45.1864266  0.00000492 0.0001824  -0.330  58373.3 56874.5 59320.9      6    422      1456-179
ICRF J145935.4+444207  1457+449     14 59 35.45808979   44 42 07.9199884  0.00000360 0.0000556  -0.145  58048.0 53559.8 60554.7      6    657      1457+449
ICRF J150034.0+083941  1458+088     15 00 34.00350699   08 39 41.8070884  0.00001146 0.0002843  -0.051  57882.7 54111.8 58644.9      5    352      1458+088
ICRF J150048.6+475115  1459+480     15 00 48.65423202   47 51 15.5381450  0.00000137 0.0000172   0.036  56305.4 47458.8 60704.8    110   6378      1459+480
ICRF J150051.8-235820  1457-237     15 00 51.88923738  -23 58 20.1963685  0.00000438 0.0001622  -0.045  57593.2 53572.0 58829.4      5    321      1457-237
ICRF J150101.8+223806  1458+228     15 01 01.83509191   22 38 06.3738676  0.00000334 0.0000957  -0.213  60145.1 59951.1 60448.8      4    428      1458+228
ICRF J150134.7-391839  1458-391     15 01 34.75830163  -39 18 39.4251997  0.00000949 0.0003393   0.352  57957.9 52305.8 60152.8      9    291      1458-391
ICRF J150140.5-382819  1458-382     15 01 40.52457269  -38 28 19.1504614  0.00001001 0.0003394   0.163  60176.4 59295.7 60425.9      6    126      1458-382
ICRF J150225.0-150852  1459-149     15 02 25.01744491  -15 08 52.5200024  0.00000287 0.0001080  -0.215  58548.6 53559.8 59378.0     12    910      1459-149
ICRF J150300.8+091758  1500+094     15 03 00.89956530   09 17 58.9829363  0.00000517 0.0001261   0.009  57628.5 54087.1 58644.9      5    480      1500+094
ICRF J150324.7+475829  1501+481     15 03 24.78545706   47 58 29.8245012  0.00002481 0.0003768  -0.274  58727.7 58440.3 60097.9      5    164      1501+481
ICRF J150326.4-142837  1500-142     15 03 26.45963906  -14 28 37.5044672  0.00000575 0.0002236  -0.356  59351.1 58510.3 59981.8      5    342      1500-142
ICRF J150328.8+041948  1500+045     15 03 28.88772128   04 19 48.9924610  0.00000364 0.0001064  -0.226  57337.0 53560.9 58680.7      6    499      1500+045
ICRF J150340.6-154114  1500-154     15 03 40.66764395  -15 41 14.1385661  0.00026216 0.0068297   0.140  60676.2 60442.8 60715.1      2      7      1500-154
ICRF J150347.9+475931  1502+481     15 03 47.99579482   47 59 31.0283353  0.00001115 0.0001936  -0.038  60546.0 60442.8 60645.2      2    153      1502+481
ICRF J150407.2+040709  1501+043     15 04 07.27213945   04 07 09.4535894  0.00000614 0.0001836  -0.256  57704.2 56994.8 58669.6      5    437      1501+043
ICRF J150407.5-024816  1501-026     15 04 07.51900401  -02 48 16.6236232  0.00001603 0.0005196  -0.295  58740.0 57218.8 60472.1      6    314      1501-026
ICRF J150407.5+324921  1502+330     15 04 07.52537932   32 49 21.1817146  0.00000741 0.0001177   0.065  57267.3 50218.8 58631.3      5    451      1502+330
ICRF J150412.7+685612  1503+691     15 04 12.77578732   68 56 12.8240664  0.00004300 0.0002663  -0.634  58776.4 58212.7 59776.7      5    284      1503+691
ICRF J150424.1+081339  1501+084     15 04 24.13095979   08 13 39.6788824  0.00000369 0.0000882  -0.230  59295.1 58436.8 59926.0      5    266      1501+084
ICRF J150424.9+102939  1502+106  D  15 04 24.97978208   10 29 39.1985157  0.00000046 0.0000078  -0.007  53659.8 44446.0 60845.8    827  27196      1502+106
ICRF J150425.2+081858  1501+085     15 04 25.28650747   08 18 58.8073263  0.00000373 0.0000931  -0.355  59470.1 58658.7 59951.1      5    328      1501+085
ICRF J150426.6+285430  1502+291     15 04 26.69658424   28 54 30.5425695  0.00000316 0.0000731  -0.077  58192.1 50218.8 60834.1      8    614      1502+291
ICRF J150451.1+543839  1503+548     15 04 51.18007296   54 38 39.6087329  0.00013370 0.0014961  -0.083  60260.6 59867.7 60448.8      3     57      1503+548
ICRF J150502.3-343256  1501-343     15 05 02.37034273  -34 32 56.8199680  0.00000815 0.0002885  -0.065  57954.9 54817.8 59378.0      8    346      1501-343
ICRF J150506.4+032630  1502+036     15 05 06.47716087   03 26 30.8125406  0.00000047 0.0000069   0.013  57738.1 48852.8 60852.8    685  21766      1502+036
ICRF J150522.9-161040  1502-159     15 05 22.94999656  -16 10 40.6249413  0.00000552 0.0000852   0.222  59099.2 58323.7 60442.8      7    329      1502-159
ICRF J150532.7-242421  1502-242     15 05 32.78313822  -24 24 21.1319088  0.00000933 0.0001135   0.234  59007.4 58141.7 60442.8      7    296      1502-242
ICRF J150603.0-091912  1503-091     15 06 03.03398436  -09 19 12.0584861  0.00001119 0.0002989   0.253  58215.9 50575.3 60530.8      8    261      1503-091
ICRF J150609.5+373051  1504+377  D  15 06 09.52997527   37 30 51.1324716  0.00000050 0.0000075   0.089  58775.1 46976.9 60834.1    529  26833      1504+377
ICRF J150624.7+831928  1510+835     15 06 24.71525949   83 19 28.0359446  0.00003133 0.0000690   0.066  57710.6 50687.3 58803.0      5    528      1510+835
ICRF J150627.9-125423  1503-127     15 06 27.91405767  -12 54 23.7733315  0.00000792 0.0003123  -0.481  59330.1 58510.3 60530.8      7    278      1503-127
ICRF J150643.5-120945  1503-119     15 06 43.53865278  -12 09 45.1029530  0.00000372 0.0001419  -0.186  59848.2 59560.6 60118.4      5    388      1503-119
ICRF J150644.1+493355  1505+497     15 06 44.11436682   49 33 55.8036633  0.00000390 0.0000530  -0.139  57286.3 50305.3 58712.2      5    543      1505+497
ICRF J150653.0+423923  1505+428     15 06 53.04186137   42 39 23.0353853  0.00000307 0.0000452   0.024  56543.4 50241.8 60259.3      7    539      1505+428
ICRF J150704.7-165230  1504-166     15 07 04.78695914  -16 52 30.2672058  0.00000152 0.0000292  -0.171  53179.2 46839.8 58576.8    112   1902      1504-166
ICRF J150711.6+511716  1505+514     15 07 11.61560405   51 17 16.8623418  0.00000602 0.0000781   0.029  58487.6 49576.0 60645.2      8    652      1505+514
ICRF J150721.7+123629  1504+127     15 07 21.75808544   12 36 29.0757346  0.00000478 0.0001432  -0.036  57483.4 53559.8 58551.2      5    490      1504+127
ICRF J150721.8+101845  1504+105     15 07 21.88074553   10 18 44.9946552  0.00021492 0.0023366   0.272  60225.2 59522.9 60770.3      8     74      1504+105
ICRF J150747.3+585727  1506+591     15 07 47.38558597   58 57 27.6508008  0.00002885 0.0002618   0.007  58897.2 58257.6 59926.0      6    332      1506+591
ICRF J150759.7+041511  1505+044     15 07 59.73242736   04 15 11.9845721  0.00000450 0.0001398   0.082  57034.6 52305.8 58669.6      5    404      1505+044
ICRF J150835.7-154831  1505-156     15 08 35.70161373  -15 48 31.5322462  0.00000548 0.0002104  -0.484  58385.5 53560.9 59378.0     16   1018      1505-156
ICRF J150838.9-495302  1505-496     15 08 38.94472750  -49 53 02.3107286  0.00000660 0.0001017   0.024  57987.0 52877.7 58821.8     22    345      1505-496
ICRF J150852.9-303629  1505-304     15 08 52.99316727  -30 36 29.4309211  0.00000615 0.0002069   0.013  58219.6 53125.1 60448.8      7    284      1505-304
ICRF J150910.1+161127  1506+163     15 09 10.11184275   16 11 27.7355453  0.00000442 0.0001459  -0.233  57548.1 53125.1 58556.9      5    535      1506+163
ICRF J150919.8+472656  1507+476     15 09 19.85234827   47 26 56.1748099  0.00014498 0.0016944  -0.268  60163.5 59642.1 60448.8      4     64      1507+476
ICRF J150920.5-073548  1506-074     15 09 20.55349538  -07 35 48.1770481  0.00000396 0.0001404  -0.154  57695.4 53572.0 58803.0      5    378      1506-074
ICRF J150924.9-371327  1506-370     15 09 24.99538195  -37 13 27.6664127  0.00001662 0.0005096  -0.225  60254.3 60097.9 60425.9      3     54      1506-370
ICRF J150935.7-434031  1506-434     15 09 35.73768025  -43 40 31.9093660  0.00001197 0.0004239   0.015  59519.4 58756.7 60442.8      9    232      1506-434
ICRF J150945.0-290501  1506-288     15 09 45.05485197  -29 05 01.1235594  0.00000733 0.0002229  -0.088  59379.1 58756.7 60448.8      6    296      1506-288
ICRF J150947.9+555617  1508+561     15 09 47.95014487   55 56 17.2899959  0.00005326 0.0007183  -0.114  60186.7 59926.0 60323.7      3     90      1508+561
ICRF J150950.5+155725  1507+161     15 09 50.56288221   15 57 25.5378393  0.00004744 0.0007901  -0.098  60105.9 59642.1 60448.8      5    190      1507+161
ICRF J151002.9+570243  1508+572  D  15 10 02.92237471   57 02 43.3758557  0.00000165 0.0000169   0.042  56819.8 49540.7 60834.1    132   7074      1508+572
ICRF J151031.8-301952  1507-301     15 10 31.84131323  -30 19 52.5195687  0.00000697 0.0002112   0.090  59791.8 59129.8 60203.4      5    219      1507-301
ICRF J151041.6-245159  1507-246     15 10 41.67217692  -24 51 59.0878358  0.00004773 0.0013372   0.082  59637.8 57924.7 60442.8     15    165      1507-246
ICRF J151044.4-112139  1508-111     15 10 44.43366492  -11 21 39.7017881  0.00000687 0.0001817  -0.096  58189.1 55775.7 60530.8      9    235      1508-111
ICRF J151053.5-054307  1508-055     15 10 53.59142371  -05 43 07.4175185  0.00000099 0.0000145  -0.022  57830.2 50575.3 60845.8    208   4015      1508-055
ICRF J151054.6-084321  1508-085     15 10 54.64106655  -08 43 21.3186784  0.00000239 0.0000836   0.025  59772.1 59402.8 60135.7      5    466      1508-085
ICRF J151105.5+220806  1508+223     15 11 05.57919978   22 08 06.6412928  0.00002131 0.0003802  -0.015  58379.8 54087.1 60152.8      6    265      1508+223
ICRF J151141.2+051809  1509+054     15 11 41.26635613   05 18 09.2590869  0.00000301 0.0000837  -0.010  57055.5 52305.8 58669.6      5    403      1509+054
ICRF J151150.4-324257  1508-325     15 11 50.40295127  -32 42 57.7904072  0.00000635 0.0002063   0.089  58552.1 54942.7 60623.9      8    325      1508-325
ICRF J151215.7+020316  1509+022     15 12 15.74174277   02 03 16.9791142  0.00000288 0.0000932  -0.294  57936.1 53767.8 59271.2      7    509      1509+022
ICRF J151222.8-055441  1509-057     15 12 22.83734681  -05 54 41.3182375  0.00000378 0.0001146  -0.041  59278.9 58658.7 59742.1      5    369      1509-057
ICRF J151243.8-282845  1509-282     15 12 43.81976049  -28 28 45.2983081  0.00000621 0.0002259   0.019  58895.9 58300.8 59742.1      5    282      1509-282
ICRF J151250.5-090559  1510-089  D  15 12 50.53293190  -09 05 59.8297414  0.00000044 0.0000097   0.001  55807.3 44772.8 60715.1    650  21094      1510-089
ICRF J151251.5-655302  1508-656     15 12 51.55063491  -65 53 02.2237164  0.00007475 0.0006317   0.246  53579.3 52886.6 54456.4      4     22      1508-656
ICRF J151309.6-074426  1510-075     15 13 09.64374471  -07 44 26.8870931  0.00000401 0.0001522  -0.233  59850.4 59560.6 60135.7      5    336      1510-075
ICRF J151321.7-320932  1510-319     15 13 21.77723484  -32 09 32.6923638  0.00000613 0.0002012  -0.172  57881.6 55482.7 58746.6      6    309      1510-319
ICRF J151330.6-422156  1510-421     15 13 30.62197312  -42 21 56.1055535  0.00001020 0.0003566   0.030  59080.4 55041.8 60623.9     12    250      1510-421
ICRF J151338.9-323459  1510-323     15 13 38.98381036  -32 34 59.3465469  0.00000569 0.0001093   0.119  59894.0 59115.8 60162.4     10    394      1510-323
ICRF J151340.1+233835  1511+238     15 13 40.18571088   23 38 35.2009092  0.00000730 0.0001275  -0.229  56490.0 50084.5 60203.4      6    389      1511+238
ICRF J151344.8-101200  1511-100     15 13 44.89342886  -10 12 00.2648953  0.00000096 0.0000132  -0.010  57268.7 46874.8 60744.7    149   4919      1511-100
ICRF J151356.9-211457  1511-210     15 13 56.97011600  -21 14 57.5071891  0.00000252 0.0000946  -0.131  56290.4 50631.3 59271.2      8    662      1511-210
ICRF J151434.7+025248  1512+030     15 14 34.73446889   02 52 48.5087721  0.00000209 0.0000656   0.049  58781.6 53559.8 60770.3      8    799      1512+030
ICRF J151436.6+445004  1512+450     15 14 36.63096578   44 50 04.0901810  0.00001171 0.0002030  -0.194  60517.5 60485.9 60554.7      2    146      1512+450
ICRF J151440.0-474829  1511-476  D  15 14 40.02460519  -47 48 29.8573248  0.00000362 0.0000719   0.293  57230.4 52751.7 60163.6     39    449      1511-476
ICRF J151440.8-361704  1511-360     15 14 40.87390736  -36 17 04.8758287  0.00000648 0.0001734   0.008  58497.1 55167.8 60442.8      8    331      1511-360
ICRF J151443.0+365050  1512+370     15 14 43.06828026   36 50 50.3563608  0.00002342 0.0003414  -0.342  58774.1 58002.7 60554.7      6    352      1512+370
ICRF J151449.7-094838  1512-096     15 14 49.74900641  -09 48 38.4159818  0.00000442 0.0000947  -0.003  59532.4 59129.8 59776.7      5    226      1512-096
ICRF J151512.6-555932  1511-558  D  15 15 12.67289408  -55 59 32.8379469  0.00001833 0.0001125  -0.001  58125.9 55888.8 60228.8     18    159      1511-558
ICRF J151605.1-161947  1513-161     15 16 05.10405634  -16 19 47.1965155  0.00000739 0.0002664  -0.313  59441.2 58512.3 60118.4      6    392      1513-161
ICRF J151640.2+001501  1514+004     15 16 40.21905700   00 15 01.9090833  0.00000170 0.0000540  -0.248  56472.8 49913.7 59378.0     17    904      1514+004
ICRF J151644.4+070117  1514+072     15 16 44.48938052   07 01 17.8343072  0.00000464 0.0001539  -0.431  60180.1 59693.1 60472.1      4    383      1514+072
ICRF J151656.7+193212  1514+197  D  15 16 56.79616682   19 32 12.9919203  0.00000049 0.0000082  -0.010  58261.2 48433.8 60856.7    451  19281      1514+197
ICRF J151714.0-071014  1514-069     15 17 14.05555029  -07 10 14.0969728  0.00000495 0.0001659   0.146  60424.8 60424.8 60424.8      1    108      1514-069
ICRF J151717.1+133224  1514+137     15 17 17.15290355   13 32 24.5386937  0.00000534 0.0001480  -0.461  59502.2 58988.7 59951.1      5    404      1514+137
ICRF J151726.6-261818  1514-261     15 17 26.62237961  -26 18 18.9790962  0.00000368 0.0001300   0.021  59013.1 56874.5 60770.3      8    548      1514-261
ICRF J151741.8-242219  1514-241     15 17 41.81313388  -24 22 19.4761002  0.00000075 0.0000229  -0.101  52762.6 46839.8 59378.0    350   8979      1514-241
ICRF J151751.0-163918  1515-164     15 17 51.05438180  -16 39 18.7168294  0.00000477 0.0001901  -0.548  59460.3 58512.3 60135.7      6    448      1515-164
ICRF J151803.6-273131  1515-273     15 18 03.60013586  -27 31 31.1897647  0.00000611 0.0002346  -0.105  59968.9 59560.6 60162.4      5    303      1515-273
ICRF J151929.5-130517  1516-129     15 19 29.55371762  -13 05 17.9127373  0.00000924 0.0003389  -0.139  59353.6 58530.3 60135.7      7    294      1516-129
ICRF J151942.5-241152  1516-240     15 19 42.58483448  -24 11 52.6440987  0.00000450 0.0001574  -0.000  59810.1 57973.7 60770.3      7    447      1516-240
ICRF J151944.7-115144  1517-116     15 19 44.78401355  -11 51 44.5267108  0.00000316 0.0001110   0.094  57790.1 53559.8 60715.1      6    471      1517-116
ICRF J152019.1+563555  1519+567     15 20 19.15402221   56 35 55.6490596  0.00002428 0.0002213  -0.026  58825.1 58257.6 59951.1      6    403      1519+567
ICRF J152037.0+160126  1518+162     15 20 37.06108078   16 01 26.6316791  0.00000660 0.0001671  -0.087  58877.4 56462.8 60834.1      8    733      1518+162
ICRF J152040.4-384532  1517-385     15 20 40.48375478  -38 45 32.3855140  0.00001496 0.0005119  -0.196  59121.5 56808.7 60442.8     11    229      1517-385
ICRF J152047.6+722505  1520+725     15 20 47.64063335   72 25 05.5710014  0.00003504 0.0002566  -0.093  59280.6 58169.7 60623.9      6    410      1520+725
ICRF J152102.7+785830  1522+791     15 21 02.79785898   78 58 30.2603719  0.00002776 0.0000671  -0.114  57621.4 49826.5 58942.4      5    416      1522+791
ICRF J152114.4+043021  1518+046     15 21 14.41848107   04 30 21.6372022  0.00000603 0.0001879  -0.338  57532.3 49913.7 58677.2      5    293      1518+046
ICRF J152116.5+165402  1518+170     15 21 16.55256450   16 54 02.9630785  0.00000743 0.0002006  -0.422  59517.7 58988.7 59971.0      5    317      1518+170
ICRF J152117.5+175601  1519+181     15 21 17.57895404   17 56 01.0671701  0.00000766 0.0002053  -0.225  58070.3 54111.8 58556.9      5    405      1519+181
ICRF J152122.5+042030  1518+045     15 21 22.54359950   04 20 30.1365614  0.00000333 0.0001048   0.093  57784.1 49913.7 59522.9      6    423      1518+045
ICRF J152143.5+051705  1519+054     15 21 43.53361998   05 17 05.1742181  0.00000917 0.0002776  -0.291  59392.4 58856.7 59971.0      5    270      1519+054
ICRF J152149.6+433639  1520+437  D  15 21 49.61388089   43 36 39.2681649  0.00000061 0.0000093  -0.000  57613.1 50241.8 60856.7    528  19199      1520+437
ICRF J152209.9+314414  1520+319  D  15 22 09.99173300   31 44 14.3819394  0.00000060 0.0000094  -0.021  57187.5 50218.8 60852.8    403  14725      1520+319
ICRF J152225.4-293625  1519-294     15 22 25.48632070  -29 36 25.2309745  0.00000322 0.0000443   0.056  58063.7 50687.3 60831.8    127   1928      1519-294
ICRF J152237.6-273010  1519-273  D  15 22 37.67599622  -27 30 10.7855209  0.00000034 0.0000060  -0.011  57176.1 46874.8 60856.7   2020  68783      1519-273
ICRF J152258.9+664506  1522+669     15 22 58.94034009   66 45 06.7397030  0.00002389 0.0001242   0.280  59413.2 58169.7 60710.7      7    612      1522+669
ICRF J152322.4-330933  1520-330     15 23 22.43512815  -33 09 33.4145462  0.00002292 0.0007524  -0.514  59097.2 58257.6 60472.1      9    155      1520-330
ICRF J152354.0-333845  1520-334     15 23 54.03985197  -33 38 45.2385008  0.00001452 0.0005303  -0.145  58633.8 56808.7 60472.1     10    237      1520-334
ICRF J152433.4-301221  1521-300     15 24 33.41426745  -30 12 21.3469043  0.00000701 0.0002523   0.412  58321.4 53133.5 60472.1      6    301      1521-300
ICRF J152441.3+733600  1525+737     15 24 41.37472695   73 36 00.8036523  0.00002555 0.0000815  -0.188  58363.0 57134.8 59816.3      5    496      1525+737
ICRF J152441.6+152121  1522+155     15 24 41.61148463   15 21 21.0504543  0.00000418 0.0001071  -0.197  54919.8 50084.5 59140.5     58    476      1522+155
ICRF J152502.9+110744  1522+113     15 25 02.93422397   11 07 44.0627734  0.00000313 0.0000908   0.259  57817.8 49913.7 58556.9      5    447      1522+113
ICRF J152548.9+030825  1523+033     15 25 48.95736509   03 08 25.9570074  0.00002756 0.0004669   0.303  59831.6 58856.7 60485.9      7    212      1523+033
ICRF J152602.1+611032  1525+613     15 26 02.14777823   61 10 32.6882082  0.00002697 0.0002092  -0.186  57870.8 56903.8 58803.0      5    253      1525+613
ICRF J152615.0-042510  1523-042     15 26 15.01466017  -04 25 10.0581748  0.00000414 0.0001290  -0.209  57707.3 53560.9 58829.4      6    400      1523-042
ICRF J152625.1-172557  1523-172     15 26 25.11791427  -17 25 57.8841992  0.00000769 0.0002005   0.047  59108.6 57596.8 60799.7      8    537      1523-172
ICRF J152642.8+665054  1526+670     15 26 42.87422007   66 50 54.6421252  0.00000873 0.0000599   0.244  56324.2 49826.5 58612.8     10    580      1526+670
ICRF J152646.3+095910  1524+101     15 26 46.34796561   09 59 10.5357216  0.00000571 0.0001853  -0.300  59487.1 58856.7 59971.0      5    367      1524+101
ICRF J152659.4-135100  1524-136     15 26 59.44274135  -13 51 00.2640817  0.00000650 0.0002556  -0.282  58117.8 56874.5 58712.2      6    305      1524-136
ICRF J152718.7+311524  1525+314     15 27 18.73694411   31 15 24.3851369  0.00000478 0.0000910  -0.232  57273.8 50218.8 58634.5      5    433      1525+314
ICRF J152837.0+381605  1526+384     15 28 37.00612551   38 16 05.9027231  0.00000919 0.0001589  -0.312  58282.0 56497.8 59586.9      5    380      1526+384
ICRF J152914.5+693459  1529+697     15 29 14.58977957   69 34 59.3918961  0.00002715 0.0001319   0.121  58748.2 57950.4 60623.9      6    460      1529+697
ICRF J152940.1-190454  1526-189     15 29 40.14198973  -19 04 54.5944402  0.00001640 0.0004617   0.196  57966.8 53152.3 58712.2      6    252      1526-189
ICRF J153016.2+375831  1528+381     15 30 16.25215391   37 58 31.1667698  0.00000777 0.0001380  -0.254  57742.9 54111.8 58634.5      5    463      1528+381
ICRF J153028.4+055513  1528+060     15 30 28.44462628   05 55 13.0324064  0.00006378 0.0016282   0.301  60276.3 59707.7 60472.1      4     88      1528+060
ICRF J153028.8-195039  1527-196     15 30 28.86396723  -19 50 39.1924555  0.00000409 0.0001489  -0.306  58319.0 57659.8 58746.6     10    527      1527-196
ICRF J153036.3+235236  1528+240     15 30 36.32170496   23 52 36.7159333  0.00001351 0.0002923  -0.162  59203.6 58121.7 60834.1      8    423      1528+240
ICRF J153102.4+435637  1529+441     15 31 02.49132167   43 56 37.6668438  0.00009261 0.0011535   0.484  59310.4 58456.2 60485.9      7    134      1529+441
ICRF J153124.1-273531  1528-274     15 31 24.19992923  -27 35 31.0231072  0.00001187 0.0004006  -0.279  58516.9 57134.8 60472.1      7    252      1528-274
ICRF J153133.5+720641  1531+722     15 31 33.57854387   72 06 41.2280471  0.00001193 0.0000465  -0.108  57116.7 49826.5 60219.1      6    676      1531+722
ICRF J153139.1+343003  1529+346     15 31 39.15206772   34 30 03.8342615  0.00000999 0.0001889  -0.226  57729.9 53522.9 58644.9      5    314      1529+346
ICRF J153202.5-271637  1529-271     15 32 02.57162851  -27 16 37.9174368  0.00000472 0.0001746   0.032  57211.9 53559.8 58899.4      5    311      1529-271
ICRF J153207.8-194144  1529-195     15 32 07.86671711  -19 41 44.1604526  0.00049321 0.0113181  -0.835  59307.2 58257.6 60448.8     10     61      1529-195
ICRF J153231.5-231032  1529-230     15 32 31.52832007  -23 10 32.4632443  0.00000565 0.0001405  -0.116  58530.7 57924.7 58868.4      6    306      1529-230
ICRF J153243.3+675514  1532+680     15 32 43.34227277   67 55 14.0098789  0.00002630 0.0001919   0.493  58290.1 49826.5 60152.8      6    414      1532+680
ICRF J153245.3-131910  1529-131     15 32 45.37473573  -13 19 10.0857776  0.00000326 0.0000560   0.165  57521.9 53572.0 58942.4      8    523      1529-131
ICRF J153246.3+234405  1530+239     15 32 46.34520663   23 44 05.2678420  0.00000436 0.0001086  -0.189  57187.0 53125.1 58794.6      5    503      1530+239
ICRF J153257.6-373217  1529-373     15 32 57.60507382  -37 32 17.4139224  0.00005419 0.0024852   0.513  58785.0 56808.7 60448.8     10    199      1529-373
ICRF J153314.2-042116  1530-041     15 33 14.20529150  -04 21 16.6305317  0.00000357 0.0001305  -0.167  57694.5 53522.9 58829.4      5    395      1530-041
ICRF J153334.4-683719  1528-684     15 33 34.48839003  -68 37 19.6520905  0.00003319 0.0002127  -0.012  57975.8 57152.0 59178.7      8     81      1528-684
ICRF J153420.6-535113  1530-536     15 34 20.66071448  -53 51 13.4227386  0.00003170 0.0002029   0.019  58256.8 58009.8 59178.7      4     64      1530-536
ICRF J153421.4-380511  1531-379     15 34 21.45901481  -38 05 11.3375209  0.00001060 0.0003490  -0.232  58333.0 56808.7 60448.8      7    283      1531-379
ICRF J153422.8-224357  1531-225     15 34 22.80125546  -22 43 57.6299117  0.00000717 0.0000954   0.298  58070.1 56637.8 58746.6      9    516      1531-225
ICRF J153423.5-221854  1531-221     15 34 23.52800200  -22 18 54.3413033  0.00000549 0.0000827   0.011  57849.1 53551.8 58794.6     11    533      1531-221
ICRF J153452.4+013104  1532+016     15 34 52.45367533   01 31 04.2064689  0.00000187 0.0000375  -0.083  53794.9 47930.6 59230.1     51   1092      1532+016
ICRF J153454.6-352623  1531-352     15 34 54.68757548  -35 26 23.4974526  0.00000485 0.0001145   0.200  57564.6 54488.8 60623.9     19    492      1531-352
ICRF J153514.6+483659  1533+487     15 35 14.65328146   48 36 59.6949974  0.00000951 0.0001018  -0.176  57499.9 50305.3 58746.6      5    404      1533+487
ICRF J153516.5+195450  1533+200     15 35 16.53388239   19 54 50.9076433  0.00000991 0.0002403   0.163  57775.3 53133.5 58592.8      5    396      1533+200
ICRF J153552.0+495739  1534+501     15 35 52.03901144   49 57 39.0794975  0.00000434 0.0000584  -0.328  58391.9 50305.3 60645.2      7    671      1534+501
ICRF J153556.1+832615  1541+835     15 35 56.12682307   83 26 15.2462789  0.00004516 0.0000804  -0.039  57651.9 53559.8 58829.4      5    549      1541+835
ICRF J153613.8+383328  1534+387     15 36 13.84616422   38 33 28.6055509  0.00000794 0.0001234  -0.015  57326.5 52939.7 58644.9      5    407      1534+387
ICRF J153629.3-221213  1533-220     15 36 29.29604860  -22 12 12.7750069  0.00001029 0.0003687  -0.330  58525.0 58326.5 58794.6      5    253      1533-220
ICRF J153654.4-315115  1533-316     15 36 54.49822455  -31 51 15.1345634  0.00000582 0.0002019   0.033  57816.1 53125.1 60715.1      7    326      1533-316
ICRF J153700.0+815430  1540+820     15 37 00.03789514   81 54 30.9965591  0.00012701 0.0001453   0.448  59648.8 59080.8 59926.0      5    338      1540+820
ICRF J153714.5+230040  1535+231     15 37 14.50086634   23 00 40.5112759  0.00000555 0.0001487  -0.103  58295.1 57645.8 59358.6      9    538      1535+231
ICRF J153717.5-125942  1534-128     15 37 17.55543655  -12 59 42.8556524  0.00000584 0.0001108  -0.132  58216.0 57673.7 58942.4      9    385      1534-128
ICRF J153741.5-152712  1534-152     15 37 41.57311387  -15 27 12.4992032  0.00000202 0.0000790  -0.335  58187.6 53522.9 59378.0     15   1304      1534-152
ICRF J153746.8-092043  1535-091     15 37 46.84450759  -09 20 43.2901051  0.00000724 0.0002666  -0.263  59929.7 59560.6 60323.7      5    335      1535-091
ICRF J153803.4+144407  1535+148     15 38 03.42424175   14 44 07.5432652  0.00000497 0.0001521  -0.498  59463.5 58988.7 59981.8      5    341      1535+148
ICRF J153811.9-652551  1533-652     15 38 11.91522057  -65 25 51.1958670  0.00007388 0.0007739   0.664  56214.0 54722.8 58821.8      4     19      1533-653
ICRF J153812.7+010823  1535+013     15 38 12.74342441   01 08 23.5747220  0.00000445 0.0001071  -0.103  59597.3 58658.7 60118.4      6    405      1535+013
ICRF J153815.9+001905  1535+004     15 38 15.95309078   00 19 05.3238522  0.00000388 0.0000814   0.032  56918.0 49913.7 60118.4     11    566      1535+004
ICRF J153818.5+410548  1536+412     15 38 18.58225347   41 05 48.2923620  0.00003018 0.0005002   0.354  60538.7 60485.9 60602.5      2    159      1536+412
ICRF J153820.3-034614  1535-036     15 38 20.35161653  -03 46 14.3127730  0.00000890 0.0002687   0.047  57861.0 53152.3 58829.4      5    365      1535-036
ICRF J153905.2+053438  1536+057     15 39 05.20610635   05 34 38.4338360  0.00000788 0.0002299  -0.014  57836.5 53560.9 58677.2      5    326      1536+057
ICRF J153910.1+043051  1536+046     15 39 10.10498280   04 30 51.2294670  0.00000463 0.0001539  -0.189  57183.5 53125.1 58680.7      6    390      1536+046
ICRF J153916.1+310407  1537+312     15 39 16.17431000   31 04 07.6747359  0.00000831 0.0001476  -0.092  57376.1 53572.0 58644.9      5    405      1537+312
ICRF J153925.0+160400  1537+162     15 39 25.09907397   16 04 00.3400025  0.00000475 0.0001159   0.013  56423.0 50084.5 58592.8      6    514      1537+162
ICRF J153934.8+473531  1538+477     15 39 34.81038089   47 35 31.2641443  0.00001098 0.0001273  -0.096  58339.3 57645.8 59358.6      9    294      1538+477
ICRF J153939.1+274438  1537+279     15 39 39.13713816   27 44 38.2113484  0.00000350 0.0000750  -0.190  57369.9 50218.8 59707.7      7    536      1537+279
ICRF J154003.1-082325  1537-082     15 40 03.15243032  -08 23 25.5019397  0.00001226 0.0004080  -0.198  57783.4 53559.8 58829.4      5    295      1537-082
ICRF J154015.8+815505  1544+820     15 40 15.87887768   81 55 05.7828429  0.00024192 0.0002821   0.015  59407.1 58002.7 60715.1      9    318      1544+820
ICRF J154034.2-205533  1537-207     15 40 34.24304774  -20 55 33.1134595  0.00002494 0.0007209   0.060  58844.8 56817.4 60448.8      9    309      1537-207
ICRF J154034.5-390617  1537-389     15 40 34.55103252  -39 06 17.7375277  0.00001274 0.0004034   0.200  58760.4 53551.8 60448.8      8    251      1537-389
ICRF J154049.4+144745  1538+149  D  15 40 49.49152235   14 47 45.8846291  0.00000046 0.0000079  -0.055  58339.9 45137.9 60845.8    429  19144      1538+149
ICRF J154120.9-181521  1538-180     15 41 20.96800348  -18 15 21.1212787  0.00001010 0.0001938  -0.040  59017.9 58323.7 60448.8      6    277      1538-180
ICRF J154125.4+534813  1540+539     15 41 25.46465779   53 48 13.0366772  0.00000904 0.0000978   0.006  59095.2 58272.3 60097.9      6    543      1540+539
ICRF J154200.0-111852  1539-111     15 42 00.03417877  -11 18 52.9067756  0.00000678 0.0002303  -0.028  57388.6 53560.9 58942.4      5    297      1539-111
ICRF J154202.8-163430  1539-164     15 42 02.87850897  -16 34 30.7251988  0.00000891 0.0002720  -0.262  58393.6 57609.7 58803.0      6    392      1539-164
ICRF J154207.4-092743  1539-093     15 42 07.46474196  -09 27 43.2079823  0.00043495 0.0051102  -0.429  58653.2 50575.3 60323.7     13     51      1539-093
ICRF J154219.5+175607  1540+180     15 42 19.54012361   17 56 07.7763313  0.00000535 0.0001370  -0.572  60322.6 60276.7 60395.7      2    218      1540+180
ICRF J154256.9+612955  1542+616     15 42 56.94368353   61 29 55.3466047  0.00000766 0.0000589  -0.085  58331.7 53502.7 60623.9      6    569      1542+616
ICRF J154301.6-075706  1540-077     15 43 01.68687918  -07 57 06.6401755  0.00001155 0.0002247   0.457  57887.3 50575.3 60715.1     11    436      1540-077
ICRF J154333.9+045219  1541+050     15 43 33.92575311   04 52 19.3196760  0.00000368 0.0001270  -0.127  57816.8 49913.7 58712.2      6    369      1541+050
ICRF J154343.8+184719  1541+189     15 43 43.80453729   18 47 19.7754329  0.00000868 0.0002431  -0.477  58013.5 52939.7 59405.2      6    381      1541+189
ICRF J154405.6+324048  1542+328     15 44 05.65665754   32 40 48.3201854  0.00000771 0.0001462  -0.053  56289.7 50218.8 58644.9      5    362      1542+328
ICRF J154414.1-231201  1541-230     15 44 14.17821297  -23 12 01.3429253  0.00000371 0.0000612   0.162  58018.4 53572.0 58803.0     10    621      1541-230
ICRF J154442.9+501711  1543+504     15 44 42.95533184   50 17 11.3634283  0.00003861 0.0005536   0.303  60502.2 60448.8 60645.2      2     92      1543+504
ICRF J154459.4+040746  1542+042     15 44 59.42729010   04 07 46.3561329  0.00000293 0.0000892  -0.078  58591.4 49913.7 60770.3      7    650      1542+042
ICRF J154502.8+513500  1543+517     15 45 02.82370805   51 35 00.8731097  0.00000537 0.0000775  -0.041  56003.5 49576.0 60295.4      6    602      1543+517
ICRF J154508.5+475154  1543+480     15 45 08.52983750   47 51 54.6643487  0.00000726 0.0001013  -0.336  57040.1 50305.3 58746.6      5    383      1543+480
ICRF J154543.8+540042  1544+541     15 45 43.82589688   54 00 42.7586823  0.00000687 0.0000612  -0.165  59215.5 53559.8 60683.7      9    873      1544+541
ICRF J154609.5+002624  1543+005     15 46 09.53145511   00 26 24.6146544  0.00000429 0.0001204   0.183  56434.4 49913.7 58712.2      5    581      1543+005
ICRF J154643.6+550650  1545+552     15 46 43.61387129   55 06 50.2575004  0.00010129 0.0015970   0.218  60096.2 59642.1 60323.7      4     89      1545+552
ICRF J154720.6-003214  1544-003     15 47 20.61766106  -00 32 14.3974461  0.00000853 0.0002829   0.130  60424.8 60424.8 60424.8      1    116      1544-003
ICRF J154721.1+493705  1545+497     15 47 21.13871084   49 37 05.8240174  0.00044218 0.0044938   0.443  58952.0 57098.3 60472.1     12     59      1545+497
ICRF J154723.5+595501  1546+600     15 47 23.56436234   59 55 01.1882520  0.00000898 0.0000808  -0.132  59421.5 59037.7 59951.1      5    517      1546+600
ICRF J154741.2-094333  1544-095     15 47 41.28575258  -09 43 33.0004570  0.00000477 0.0001643  -0.261  57714.2 53560.9 58871.4      6    449      1544-095
ICRF J154743.5+205216  1545+210     15 47 43.53776339   20 52 16.6137424  0.00001106 0.0003756   0.184  57832.0 56301.8 60203.4      6    383      1545+210
ICRF J154812.9-121331  1545-120     15 48 12.93973000  -12 13 31.3201473  0.00001017 0.0002791  -0.042  57732.8 50575.3 60135.7      6    320      1545-120
ICRF J154816.2-051251  1545-050     15 48 16.29256605  -05 12 51.0373128  0.00000994 0.0003374  -0.231  60073.9 59816.3 60323.7      4    286      1545-050
ICRF J154830.3-640134  1544-638     15 48 30.39625115  -64 01 34.8002153  0.00001822 0.0001679   0.445  58535.8 58029.7 59065.7      7    113      1544-638
ICRF J154837.4+784526  1550+789     15 48 37.47044163   78 45 26.5306376  0.00005251 0.0001234   0.164  59015.7 58326.5 59926.0      6    426      1550+789
ICRF J154840.1+614731  1547+619     15 48 40.10008849   61 47 31.8957620  0.00029317 0.0018280  -0.129  60364.6 59776.7 60715.1      5     70      1547+619
ICRF J154849.7-225102  1545-226     15 48 49.74935469  -22 51 02.5167030  0.00000797 0.0001031   0.108  58480.6 58141.7 58803.0      8    412      1545-226
ICRF J154900.1-232004  1546-231     15 49 00.19468329  -23 20 04.5556805  0.00003123 0.0009250   0.114  59459.2 58592.8 60448.8      8    264      1546-231
ICRF J154917.4+503805  1547+507     15 49 17.46855899   50 38 05.7880840  0.00000222 0.0000274   0.053  52874.8 47004.8 59016.7     29   1592      1547+507
ICRF J154920.0-163941  1546-165     15 49 20.00044699  -16 39 41.5939389  0.00001483 0.0005280   0.322  58506.0 58278.8 58829.4      5    285      1546-165
ICRF J154929.4+023701  1546+027     15 49 29.43684950   02 37 01.1631176  0.00000027 0.0000052   0.069  58239.4 47004.8 60829.7    855  69421      1546+027
ICRF J154956.4+701256  1550+703     15 49 56.45322322   70 12 56.0882778  0.00001657 0.0000899  -0.207  59750.6 59080.8 60259.3      5    477      1550+703
ICRF J155029.8-053811  1547-054     15 50 29.84750522  -05 38 11.0169299  0.00000358 0.0001196   0.015  58008.3 53572.0 60152.8      6    471      1547-054
ICRF J155035.2+052710  1548+056     15 50 35.26924382   05 27 10.4482829  0.00000061 0.0000137  -0.076  52422.6 44772.8 60696.7    390  12024      1548+056
ICRF J155043.5+112047  1548+114     15 50 43.59479175   11 20 47.4548588  0.00000463 0.0001479  -0.471  57197.9 53133.5 58592.8      5    416      1548+114
ICRF J155056.5-200415  1548-199     15 50 56.53971998  -20 04 15.2929384  0.00000858 0.0002320   0.107  58245.7 57609.7 58829.4      7    272      1548-199
ICRF J155059.1-825806  1540-828     15 50 59.14253404  -82 58 06.8453063  0.00002945 0.0000703   0.073  57942.7 48043.0 59052.8     14    238      1540-828
ICRF J155114.5-175502  1548-177     15 51 14.59831575  -17 55 02.3260241  0.00000378 0.0000843   0.029  58031.9 53152.3 58829.4      7    529      1548-177
ICRF J155158.2+580644  1550+582     15 51 58.20784260   58 06 44.4545501  0.00000533 0.0000537  -0.043  57884.2 49576.0 60314.3      6    513      1550+582
ICRF J155203.2+085047  1549+089     15 52 03.26163172   08 50 47.3355907  0.00000306 0.0000925   0.056  58619.7 53559.8 60770.3      7    716      1549+089
ICRF J155205.5-242520  1549-242     15 52 05.52193652  -24 25 20.7923178  0.00000524 0.0001902  -0.054  57830.4 56392.8 58871.4      9    516      1549-242
ICRF J155331.6-242206  1550-242     15 53 31.62781329  -24 22 06.0359488  0.00000190 0.0000437   0.050  57487.9 50631.3 60781.8     57   1761      1550-242
ICRF J155332.6+125651  1551+130     15 53 32.69788045   12 56 51.7143933  0.00000234 0.0000781  -0.086  56786.9 50084.5 60162.4      9    604      1551+130
ICRF J                 1550-238     15 53 55.84361245  -23 58 41.6301301  0.00001229 0.0002891   0.030  59135.1 58472.2 60472.1     12    232      1550-238
ICRF J155355.8-235841  1550-238     15 53 55.84599225  -23 58 41.5807564  0.00002770 0.0002777   0.180  58299.5 57874.7 59115.8      5     51      HR5907  
ICRF J155402.4-270440  1550-269     15 54 02.46979691  -27 04 40.2335795  0.00000540 0.0001402   0.124  55312.5 50631.3 58686.7     11    374      1550-269
ICRF J155412.6-024004  1551-025     15 54 12.60549706  -02 40 04.4891384  0.00000830 0.0002753  -0.017  60424.8 60424.8 60424.8      1    114      1551-025
ICRF J155429.3+300118  1552+301     15 54 29.39786099   30 01 18.9829299  0.00003549 0.0004344  -0.004  59461.9 57966.7 60602.5     11    275      1552+301
ICRF J155439.2+194718  1552+199     15 54 39.22872558   19 47 18.0159012  0.00000915 0.0002179  -0.317  60323.3 60276.7 60395.7      2    212      1552+199
ICRF J155518.1-415031  1551-416     15 55 18.11798736  -41 50 31.6942196  0.00000997 0.0003345   0.111  58723.2 55615.8 60715.1      9    279      1551-416
ICRF J155530.7-032649  1552-033     15 55 30.74814054  -03 26 49.5197091  0.00000256 0.0000897  -0.096  57101.9 50575.3 58871.4      6    550      1552-033
ICRF J155539.6-093846  1552-095     15 55 39.67037412  -09 38 46.2770676  0.00001000 0.0003195   0.213  60424.8 60424.8 60424.8      1    114      1552-095
ICRF J155543.0+111124  1553+113     15 55 43.04402538   11 11 24.3661767  0.00000425 0.0001282  -0.413  56031.7 49913.7 58600.6      5    427      1553+113
ICRF J155544.9-250811  1552-249     15 55 44.98377034  -25 08 11.8748409  0.00000888 0.0002012   0.025  58198.9 57596.8 58899.4      5    268      1552-249
ICRF J155602.9+742058  1556+744     15 56 02.99051572   74 20 58.1409728  0.00001751 0.0000743  -0.095  58565.9 49826.5 60715.1      7    628      1556+744
ICRF J155654.8+182513  1554+185     15 56 54.81638899   18 25 13.5770266  0.00000994 0.0002760  -0.428  57763.1 53572.0 58600.6      5    311      1554+185
ICRF J155658.8-791404  1549-790     15 56 58.86976986  -79 14 04.2819656  0.00002057 0.0000606   0.348  52789.0 47625.5 58144.8     43    349      1549-790
ICRF J155704.3-272445  1554-272     15 57 04.33873621  -27 24 45.7558275  0.00000526 0.0001490  -0.001  59369.0 57609.7 60799.7     10    447      1554-272
ICRF J155718.9+452221  1555+455     15 57 18.99965635   45 22 21.5373726  0.00000841 0.0001316  -0.082  58143.3 57098.3 59460.3      5    448      1555+455
ICRF J155751.4-000150  1555+001  D  15 57 51.43397273  -00 01 50.4138024  0.00000054 0.0000091  -0.051  57569.1 44772.8 60799.7    532  14881      1555+001
ICRF J155752.7+025327  1555+030     15 57 52.76329878   02 53 27.8825201  0.00000529 0.0001931  -0.289  57799.7 53559.8 58746.6      5    461      1555+030
ICRF J155821.9-140959  1555-140     15 58 21.94783398  -14 09 59.0533250  0.00000549 0.0001341   0.059  56577.8 48703.2 59795.8     18    484      1555-140
ICRF J155848.2+562514  1557+565     15 58 48.28893672   56 25 14.1190734  0.00000924 0.0000779  -0.169  57267.5 53125.1 58512.3      5    414      1557+565
ICRF J155850.2-643229  1554-643     15 58 50.28435829  -64 32 29.6374267  0.00001079 0.0001231   0.074  56507.0 52860.2 58387.7     35    207      1554-643
ICRF J155855.1+332318  1556+335     15 58 55.18627283   33 23 18.6062587  0.00000600 0.0001180  -0.173  58868.8 58203.3 59816.3      6    400      1556+335
ICRF J155901.7+592421  1558+595     15 59 01.70192954   59 24 21.8342626  0.00002056 0.0001978  -0.012  57647.6 53560.9 58512.3      5    362      1558+595
ICRF J155930.9+030448  1557+032  D  15 59 30.97261811   03 04 48.2567595  0.00000084 0.0000208  -0.150  58142.2 49540.7 60856.7    148   5736      1557+032
ICRF J155941.4-244238  1556-245  D  15 59 41.40911511  -24 42 38.8321842  0.00000161 0.0000415  -0.008  58868.9 50631.3 60799.7     77   2801      1556-245
ICRF J155949.6-053122  1557-053     15 59 49.64224820  -05 31 22.5662610  0.00000612 0.0001912   0.135  57758.6 53572.0 58871.4      6    359      1557-053
ICRF J155952.2+231656  1557+234     15 59 52.20257112   23 16 56.7276758  0.00000878 0.0002073  -0.157  60635.7 60472.1 60834.1      3    271      1557+234
ICRF J160002.5+041257  1557+043     16 00 02.53737620   04 12 57.8289323  0.00000550 0.0001068  -0.166  59533.9 58436.8 60118.4      6    321      1557+043
ICRF J160012.3-581102  1556-580     16 00 12.37752971  -58 11 02.9683966  0.00008858 0.0006238  -0.174  59193.6 57987.7 59993.8      5     15      1556-580
ICRF J160056.4-072205  1558-072     16 00 56.47658564  -07 22 05.2222917  0.00000289 0.0001068   0.065  57616.5 53152.3 58899.4      5    391      1558-072
ICRF J160128.0-242958  1558-243     16 01 28.04308275  -24 29 58.3746657  0.00069715 0.0101383  -0.364  59987.5 58621.5 60799.7     10     24      1558-243
ICRF J160140.4+431647  1600+432     16 01 40.44387461   43 16 47.7555044  0.00003248 0.0003980   0.014  57744.8 49882.8 60485.9      8    189      1600+43A
ICRF J                 1600+43B     16 01 40.51542050   43 16 46.4773280  0.00013857 0.0030747   0.481  50052.0 49882.8 50559.5      2      4      1600+43B
ICRF J160154.5+135710  1559+140     16 01 54.53712179   13 57 10.7626012  0.00000892 0.0002490  -0.273  57648.4 53559.8 58600.6      5    359      1559+140
ICRF J160207.2+332653  1600+335     16 02 07.26346866   33 26 53.0724292  0.00000163 0.0000314  -0.090  53275.6 48102.5 59320.9     69   1742      1600+335
ICRF J160207.9-151856  1559-151     16 02 07.96135886  -15 18 56.1354345  0.00001661 0.0002758   0.174  59173.5 57924.7 60152.8      7    276      1559-151
ICRF J160213.8+241837  1600+244     16 02 13.83857829   24 18 37.7930838  0.00000995 0.0001953  -0.299  57827.3 54087.1 58794.6      5    386      1600+244
ICRF J160314.8+023136  1600+026     16 03 14.85180447   02 31 36.2346179  0.00000925 0.0002107   0.325  60169.0 59742.1 60485.9      5    347      1600+026
ICRF J160316.5-293355  1600-294     16 03 16.57144932  -29 33 55.4245564  0.00000915 0.0003025  -0.120  56419.7 54558.7 58921.9      5    280      1600-294
ICRF J160318.6+694557  1603+699     16 03 18.62153321   69 45 57.4426496  0.00001879 0.0000830  -0.029  58015.8 56301.8 58829.4      5    584      1603+699
ICRF J160318.7-100721  1600-099     16 03 18.77824623  -10 07 21.2952213  0.00000485 0.0001782  -0.055  57643.3 53152.3 60152.8      6    401      1600-099
ICRF J160332.0+171155  1601+173     16 03 32.08334394   17 11 55.3097878  0.00001168 0.0003631  -0.443  57786.2 50302.8 58600.6      7    289      NGC6034 
ICRF J160338.0+155402  1601+160     16 03 38.06238695   15 54 02.3583506  0.00000394 0.0001149  -0.490  57774.9 50155.3 58621.5      5    351      1601+160
ICRF J160341.9+110548  1601+112     16 03 41.93125748   11 05 48.6791211  0.00000141 0.0000250   0.033  57861.3 49913.7 60677.8     94   1960      1601+112
ICRF J160350.6-490405  1600-489     16 03 50.68454382  -49 04 05.5056368  0.00003775 0.0002540   0.058  59279.5 52947.7 60020.8     12     81      1600-489
ICRF J160355.9+573054  1602+576     16 03 55.93145097   57 30 54.4123970  0.00000639 0.0000600  -0.289  57377.4 49576.0 58512.3      5    418      1602+576
ICRF J160401.4-222340  1601-222     16 04 01.47173588  -22 23 40.9878941  0.00000587 0.0002033   0.104  56775.2 50631.3 58899.4      9    502      1601-222
ICRF J160431.0-444131  1600-445  D  16 04 31.02073070  -44 41 31.9732384  0.00000609 0.0001072   0.199  59104.3 49534.0 60715.1     41    671      1600-445
ICRF J160437.3+571436  1603+573     16 04 37.35462441   57 14 36.6608254  0.00000357 0.0000350   0.009  57744.2 49576.0 60710.7      7    959      1603+573
ICRF J160449.9+192620  1602+195     16 04 49.99374134   19 26 20.9421002  0.00000516 0.0001278  -0.250  57598.2 53560.9 58621.5      5    384      1602+195
ICRF J160517.5-113926  1602-115  D  16 05 17.53165662  -11 39 26.8310990  0.00000075 0.0000152  -0.007  58491.4 53551.8 60852.8    387   8762      1602-115
ICRF J160533.0+300129  1603+301     16 05 33.04804626   30 01 29.7027516  0.00000736 0.0001226  -0.135  56704.8 50218.8 58669.6      5    367      1603+301
ICRF J160542.1-185457  1602-187     16 05 42.15885393  -18 54 57.6272102  0.00001431 0.0003296   0.429  59599.2 58323.7 60152.8      8    297      1602-187
ICRF J160606.8+061948  1603+064     16 06 06.88474721   06 19 48.7387168  0.00000510 0.0000964  -0.165  59227.0 58436.8 59742.1      5    261      1603+064
ICRF J160607.6+552135  1604+554     16 06 07.61861198   55 21 35.4157905  0.00010830 0.0009392   0.177  58682.8 56266.8 60406.0     11    196      1604+554
ICRF J160608.5+312446  1604+315     16 06 08.51837274   31 24 46.4579473  0.00000314 0.0000653  -0.038  57021.4 50218.8 60135.7      6    484      1604+315
ICRF J160616.0+181459  1604+183     16 06 16.02780134   18 14 59.8196950  0.00000470 0.0001383  -0.514  57394.1 53572.0 58621.5      5    453      1604+183
ICRF J160623.5+540555  1605+542     16 06 23.56600988   54 05 55.7630232  0.00006434 0.0003981  -0.451  58308.6 56266.8 60472.1      6    269      1605+542
ICRF J160644.8-035340  1604-037     16 06 44.82546011  -03 53 40.3734386  0.00000511 0.0000939  -0.337  59385.9 58436.8 60497.5      8    306      1604-037
ICRF J160649.7-192908  1603-193     16 06 49.75114359  -19 29 08.8510134  0.00000529 0.0002128  -0.405  58229.5 56878.0 58899.4      6    397      1603-193
ICRF J160658.3+271705  1604+274     16 06 58.30033707   27 17 05.5833323  0.00000328 0.0000794  -0.239  57135.3 50218.8 58794.6      5    496      1604+274
ICRF J160706.4+155134  1604+159     16 07 06.43046411   15 51 34.4856658  0.00000274 0.0000784  -0.059  57054.0 50084.5 60162.4      7    670      1604+159
ICRF J                 1616+851     16 07 23.36233375   85 01 51.0026812  0.00006027 0.0000739  -0.063  58196.5 53780.1 58829.4      6    549      1616+851
ICRF J160723.3+850151  1616+851     16 07 23.36663004   85 01 51.0057371  0.00386124 0.0042078  -0.001  53789.1 53789.1 53789.1      1      7      1616+85A
ICRF J160734.7-333108  1604-333     16 07 34.76235066  -33 31 08.9134668  0.00000281 0.0000535  -0.314  57448.0 48393.1 59378.0    128   4010      1604-333
ICRF J160756.9-203942  1605-205     16 07 56.92690000  -20 39 42.3710982  0.00000791 0.0002376  -0.177  58351.8 57596.8 58899.4      7    335      1605-205
ICRF J160807.0-162500  1605-162     16 08 07.02138309  -16 25 00.0770951  0.00000611 0.0002237  -0.197  58130.8 54087.1 58921.9      6    432      1605-162
ICRF J160820.5+601828  1607+604     16 08 20.54241101   60 18 28.1991219  0.00001643 0.0001421  -0.172  58751.0 58169.7 60715.1      6    487      1607+604
ICRF J160820.7+561356  1607+563     16 08 20.75251025   56 13 56.3685767  0.00000547 0.0000621  -0.279  57638.8 49576.0 58530.3      5    420      1607+563
ICRF J160822.1+401217  1606+403     16 08 22.15769785   40 12 17.8334787  0.00000514 0.0000845  -0.412  57744.6 53502.7 58794.6      5    423      1606+403
ICRF J160846.2+102907  1606+106  D  16 08 46.20318787   10 29 07.7757479  0.00000023 0.0000049   0.036  52973.0 45137.9 60852.8   2822 141856      1606+106
ICRF J160913.3+264129  1607+268     16 09 13.32071815   26 41 29.0363288  0.00000477 0.0000903   0.118  54256.2 44088.7 60203.4     21    600      CTD93   
ICRF J160929.8+793954  1612+797     16 09 29.88745482   79 39 54.8359080  0.00012960 0.0003993  -0.183  58526.7 53780.1 60259.3      7    284      1612+797
ICRF J160934.9-220546  1606-219     16 09 34.93270540  -22 05 46.6039347  0.00000699 0.0001304  -0.144  58103.5 53560.9 58921.9     10    426      1606-219
ICRF J160938.7-054724  1606-056     16 09 38.74969242  -05 47 24.5762005  0.00000711 0.0002385  -0.525  57869.6 53559.8 58899.4      5    368      1606-056
ICRF J161005.2+181143  1607+183     16 10 05.28570039   18 11 43.4185108  0.00002231 0.0005696  -0.653  58238.3 57770.0 58621.5      5    292      1607+183
ICRF J161021.8-395858  1606-398  D  16 10 21.87910004  -39 58 58.3292560  0.00000292 0.0000796   0.080  59248.7 52305.8 60715.1    103   2172      1606-398
ICRF J161042.0+241449  1608+243  D  16 10 42.02678082   24 14 49.0116202  0.00000112 0.0000181  -0.063  58552.9 50218.8 60834.1    191   7491      1608+243
ICRF J161049.0-011343  1608-010     16 10 49.03189078  -01 13 43.3370047  0.00005079 0.0009784  -0.256  60083.2 59816.3 60497.5      4    118      1608-010
ICRF J161050.6+780900  1613+782     16 10 50.60468763   78 09 00.5417859  0.00002309 0.0000563  -0.040  58293.2 56748.7 59405.2      5    514      1613+782
ICRF J161122.9-261214  1608-260     16 11 22.95782010  -26 12 14.7764827  0.00000705 0.0002555   0.015  60157.7 59631.6 60485.9      4    173      1608-260
ICRF J161127.7-063614  1608-064     16 11 27.78701787  -06 36 14.8016511  0.00000367 0.0001031  -0.086  59874.6 59129.8 60203.4      5    377      1608-064
ICRF J161149.0+185638  1609+190     16 11 49.04754931   18 56 38.1073071  0.00000285 0.0000814  -0.198  56525.5 50084.5 60645.2      7    708      1609+190
ICRF J161228.4-223946  1609-225     16 12 28.44136032  -22 39 46.7191091  0.00000847 0.0000794   0.217  58599.1 58141.7 58921.9      6    322      1609-225
ICRF J161253.2+580640  1611+582     16 12 53.26738655   58 06 40.4813249  0.00005468 0.0005650   0.044  60121.9 59642.1 60406.0      4    197      1611+582
ICRF J161341.0+341247  1611+343     16 13 41.06424475   34 12 47.9088592  0.00000026 0.0000044   0.085  53204.9 44772.8 60696.7   2180 170936      1611+343
ICRF J161343.5-275056  1610-277     16 13 43.52662636  -27 50 56.8574587  0.00002531 0.0005316   0.245  58775.7 56878.0 60799.7     12    263      1610-277
ICRF J161351.8-121457  1611-121     16 13 51.86730393  -12 14 57.4635418  0.00000608 0.0002481  -0.078  60040.9 59631.6 60323.7      4    186      1611-121
ICRF J161400.8-214954  1611-217     16 14 00.86534138  -21 49 54.3222316  0.00003662 0.0011253   0.125  59503.4 58631.3 60472.1      7    242      1611-217
ICRF J161433.7-354326  1611-355     16 14 33.78256944  -35 43 26.9832479  0.00000809 0.0002911   0.054  60018.1 59742.1 60472.1      4    161      1611-355
ICRF J161446.9+374607  1612+378     16 14 46.95811169   37 46 07.2790541  0.00001266 0.0002405   0.032  58599.7 57966.7 59816.3      6    413      1612+378
ICRF J161511.5-243059  1612-243     16 15 11.59208824  -24 30 59.6095596  0.00000829 0.0003335  -0.366  58260.3 57497.7 58942.4     10    472      1612-243
ICRF J161531.0+213011  1613+216     16 15 31.09380286   21 30 11.0869777  0.00000398 0.0001036  -0.037  57872.4 50084.5 60203.4      6    402      1613+216
ICRF J161603.7+463225  1614+466     16 16 03.76675615   46 32 25.2400628  0.00000495 0.0000648  -0.212  58637.1 53559.8 60760.8      7    760      1614+466
ICRF J161619.8+270303  1614+271     16 16 19.89286255   27 03 03.9620684  0.00003158 0.0003962  -0.031  60090.6 59742.1 60425.9      5    268      1614+271
ICRF J161630.6-710831  1611-710     16 16 30.64151602  -71 08 31.4542380  0.00001236 0.0000755   0.257  56984.8 52886.6 58821.8     52    356      1611-710
ICRF J161633.7+333043  1614+336     16 16 33.77876086   33 30 43.4358209  0.00080164 0.0055098   0.108  60484.8 60425.9 60602.5      2      6      1614+336
ICRF J161637.5+045932  1614+051     16 16 37.55682159   04 59 32.7365484  0.00000097 0.0000200  -0.056  55185.0 48102.5 59652.7    228   4433      1614+051
ICRF J161643.0-350941  1613-350     16 16 43.00525765  -35 09 41.8409710  0.00000837 0.0002992  -0.170  58194.0 54964.8 60472.1      6    284      1613-350
ICRF J161655.5+362134  1615+364     16 16 55.58011839   36 21 34.5000818  0.00000787 0.0001131  -0.108  57074.4 50241.8 58677.2      5    359      1615+364
ICRF J161705.9-112238  1614-112     16 17 05.99485654  -11 22 38.6193925  0.00000383 0.0001415  -0.057  57678.7 53572.0 58512.3      5    285      1614-112
ICRF J161713.5+040841  1614+042     16 17 13.58863027   04 08 41.6973468  0.00000550 0.0001623  -0.040  59298.1 53560.9 60799.7      7    514      1614+042
ICRF J161717.8-584807  1613-586     16 17 17.89124141  -58 48 07.8601710  0.00000359 0.0000384   0.317  56858.5 55888.8 58744.8     18    965      1613-586
ICRF J161720.5-253723  1614-255     16 17 20.57094114  -25 37 23.6564556  0.00000595 0.0001830  -0.147  57725.3 54558.7 58942.4      7    404      1614-255
ICRF J161727.0-194132  1614-195     16 17 27.09307013  -19 41 32.0145725  0.00000359 0.0001338  -0.260  58698.8 53152.3 60834.1     12    918      1614-195
ICRF J161744.4+515054  1616+519     16 17 44.42302777   51 50 54.2273008  0.00002209 0.0002796  -0.091  60262.5 59894.2 60472.1      3    177      1616+519
ICRF J161749.2-771718  1610-771     16 17 49.27646334  -77 17 18.4676203  0.00000473 0.0000172   0.011  53434.3 47625.5 60296.7    447   6049      1610-771
ICRF J161749.9+024643  1615+029     16 17 49.90812051   02 46 43.1046463  0.00000142 0.0000299   0.028  57683.7 49913.7 60810.8    203   3263      1615+029
ICRF J161902.4+303051  1617+306     16 19 02.49395109   30 30 51.5863643  0.00001228 0.0002667  -0.209  58568.0 57966.7 59405.2      5    314      1617+306
ICRF J161903.6+061302  1616+063     16 19 03.68768065   06 13 02.2426262  0.00000086 0.0000143  -0.070  58191.6 48193.8 60849.7    282   7337      1616+063
ICRF J161914.8+224747  1617+229     16 19 14.82460166   22 47 47.8509485  0.00000050 0.0000089  -0.121  57533.7 50084.5 60845.8    531  24399      1617+229
ICRF J161916.6-181721  1616-181     16 19 16.68110128  -18 17 21.6997171  0.00000378 0.0000832  -0.061  57907.6 53559.8 58942.4      8    548      1616-181
ICRF J161942.3+525613  1618+530     16 19 42.38873469   52 56 13.3981287  0.00000990 0.0001244  -0.002  58548.9 57932.8 59460.3      5    468      1618+530
ICRF J162031.2+490153  1619+491     16 20 31.22519363   49 01 53.2564659  0.00000537 0.0000836  -0.198  56880.0 50305.3 58645.7      8    494      1619+491
ICRF J162043.5-193958  1617-195     16 20 43.56556024  -19 39 59.0004910  0.00002860 0.0010318  -0.809  59700.3 58644.9 60485.9      7    218      1617-195
ICRF J162159.6-400334  1618-399     16 21 59.68934196  -40 03 34.4881538  0.00001157 0.0004004  -0.065  58751.4 55041.8 60472.1     11    246      1618-399
ICRF J162233.9+142620  1620+145     16 22 33.99580346   14 26 20.5976005  0.00000577 0.0001334   0.071  58225.0 53133.5 60799.7      7    641      1620+145
ICRF J162304.5+662401  1622+665     16 23 04.52165954   66 24 01.0786925  0.00000964 0.0000553  -0.130  57106.9 49826.5 58829.4      5    541      1622+665
ICRF J162307.6+390932  1621+392     16 23 07.62240845   39 09 32.4106998  0.00000833 0.0001389  -0.380  56536.0 50241.8 58677.2      5    419      1621+392
ICRF J162343.2+011516  1621+013     16 23 43.25311821   01 15 16.6394668  0.00000997 0.0002950   0.159  58237.1 56808.7 59586.9      5    422      1621+013
ICRF J162358.2+074130  1621+078     16 23 58.25191247   07 41 30.5508031  0.00000338 0.0001060  -0.355  57715.8 49913.7 58746.6      6    438      1621+078
ICRF J162407.7+054324  1621+058     16 24 07.73390138   05 43 24.2448792  0.00000402 0.0001397  -0.324  57185.8 53125.1 58794.6      5    479      1621+058
ICRF J162418.4-680912  1619-680  D  16 24 18.43700158  -68 09 12.4966691  0.00000394 0.0000272   0.085  56875.4 47625.5 60641.5     88   1646      1619-680
ICRF J162422.3-301252  1621-300     16 24 22.30129014  -30 12 52.2035982  0.00000901 0.0003392  -0.085  60054.8 59405.2 60485.9      5    171      1621-300
ICRF J162422.4-351631  1621-351     16 24 22.45187155  -35 16 31.2053234  0.00000871 0.0003473  -0.304  58283.7 54942.7 60259.3      7    264      1621-351
ICRF J162424.8+574116  1623+578  D  16 24 24.80756808   57 41 16.2809414  0.00000135 0.0000103   0.010  58462.3 49576.0 60852.8    567  16302      1623+578
ICRF J162432.1+565228  1623+569     16 24 32.17949275   56 52 28.0012376  0.00000597 0.0000779  -0.048  57058.2 49576.0 58540.2      5    451      1623+569
ICRF J162432.9-064949  1621-067     16 24 32.92674852  -06 49 49.6266048  0.00000456 0.0001405   0.189  57550.0 50575.3 60554.7     11    674      1621-067
ICRF J162439.0+234512  1622+238     16 24 39.08373823   23 45 12.2227794  0.00002217 0.0006862   0.008  59378.8 58245.2 60472.1      8    119      1622+238
ICRF J162459.6-321324  1621-321     16 24 59.61961783  -32 13 24.4383559  0.00000726 0.0002542  -0.025  58510.9 55412.8 60760.8      8    395      1621-321
ICRF J162546.8-252738  1622-253     16 25 46.89164289  -25 27 38.3268375  0.00000038 0.0000066   0.007  54076.8 46839.8 60852.8   3019  61933      1622-253
ICRF J162553.3+434713  1624+438     16 25 53.30714866   43 47 13.8418125  0.00000820 0.0001523  -0.154  60246.8 59911.6 60497.5      3    257      1624+438
ICRF J162555.5-310808  1622-310     16 25 55.50394215  -31 08 08.5792315  0.00000735 0.0002419   0.163  57296.5 54964.8 58871.4      6    275      1622-310
ICRF J162557.6+413440  1624+416     16 25 57.66971523   41 34 40.6291890  0.00000230 0.0000345  -0.043  51763.0 46363.9 59016.7     56   1480      1624+416
ICRF J162606.0-295126  1622-297     16 26 06.02083842  -29 51 26.9713579  0.00000163 0.0000317   0.025  54673.5 46839.8 59280.1    104   2083      1622-297
ICRF J162637.2+580917  1625+582     16 26 37.23655497   58 09 17.6668404  0.00000678 0.0000832  -0.342  57753.5 49576.0 58540.2      5    423      1625+582
ICRF J162700.0-242640  1623-243     16 27 00.00621613  -24 26 40.4623456  0.00001190 0.0004009  -0.319  59078.9 58386.0 59358.6      8    212      1623-243
ICRF J162815.2+224757  1626+229     16 28 15.23977820   22 47 57.3190208  0.00000830 0.0002214  -0.573  57907.6 50084.5 58803.0      6    392      1626+229
ICRF J162819.9+162707  1626+165     16 28 19.97174060   16 27 07.4425600  0.00002553 0.0006382   0.180  60158.0 59693.1 60472.1      4    178      1626+165
ICRF J162833.0+770649  1630+772     16 28 33.05172915   77 06 49.9271576  0.00003997 0.0001245   0.131  58238.3 56817.4 59508.8      5    428      1630+772
ICRF J162837.5+473410  1627+476     16 28 37.50515147   47 34 10.4248047  0.00002290 0.0002402  -0.073  57843.3 50305.3 58803.0      6    338      1627+476
ICRF J162838.2+393304  1626+396     16 28 38.24470083   39 33 04.2338885  0.00001981 0.0002174  -0.073  57957.5 51296.8 58677.2      6    350      NGC6166 
ICRF J162846.6-141541  1625-141     16 28 46.61975218  -14 15 41.8868684  0.00000530 0.0001846  -0.166  56773.4 50575.3 58512.3      5    307      1625-141
ICRF J162848.4-004139  1626-005     16 28 48.46777492  -00 41 39.7033666  0.00000809 0.0002582   0.208  58386.9 53522.9 60834.1      8    491      1626-005
ICRF J162854.6-615236  1624-617  D  16 28 54.68980521  -61 52 36.3980863  0.00000408 0.0000382   0.175  57621.1 52779.7 60641.5     72   1187      1624-617
ICRF J162903.0-202655  1626-203     16 29 03.03020451  -20 26 55.1008284  0.00003633 0.0011063   0.269  58524.9 56878.0 60485.9      8    249      1626-203
ICRF J162916.7-172042  1626-172     16 29 16.76910319  -17 20 42.7593707  0.00000335 0.0001243  -0.038  58952.1 53559.8 60834.1      7    492      1626-172
ICRF J162951.8+675714  1629+680     16 29 51.83806206   67 57 14.9821697  0.00002678 0.0001887  -0.025  57745.9 49826.5 58829.4      6    302      1629+680
ICRF J163011.2+213134  1628+216     16 30 11.23056075   21 31 34.3081906  0.00000494 0.0001163  -0.169  57918.9 50853.6 58803.0      5    414      1628+216
ICRF J163034.7-115714  1627-118     16 30 34.71160207  -11 57 14.9791627  0.00001138 0.0003426   0.173  59837.3 59405.2 60203.4      5    294      1627-118
ICRF J163041.8+070109  1628+071     16 30 41.81725239   07 01 09.1070578  0.00000271 0.0000889  -0.243  58617.1 53560.9 60834.1      7    587      1628+071
ICRF J163055.4+001539  1628+003     16 30 55.45015943   00 15 39.5854511  0.00000866 0.0002827  -0.109  58224.3 56808.7 59742.1      6    431      1628+003
ICRF J163113.0+434841  1629+439     16 31 13.03653705   43 48 41.3548785  0.00000499 0.0001065  -0.027  60251.0 59911.6 60497.5      3    271      1629+439
ICRF J163116.5+492739  1629+495     16 31 16.53993897   49 27 39.5149004  0.00000416 0.0000567  -0.142  57674.7 50305.3 60675.9      6    509      1629+495
ICRF J163230.7-225856  1629-228     16 32 30.76107122  -22 58 56.6676501  0.00000832 0.0001173   0.055  58248.3 57609.7 58669.6      9    363      1629-228
ICRF J163231.9+823216  1637+826     16 32 31.96991459   82 32 16.3998987  0.00000442 0.0000072  -0.220  57240.4 50687.3 60852.8    476  18566      NGC6251 
ICRF J163246.7-455801  1629-458     16 32 46.75573445  -45 58 01.7325870  0.00011645 0.0023534   0.285  59040.6 57154.7 60472.1     10     94      1629-458
ICRF J163250.1-105231  1630-107     16 32 50.10981465  -10 52 31.9970212  0.00000861 0.0002429  -0.369  58942.9 53560.9 60683.7     10    368      1630-107
ICRF J163257.6-003321  1630-004     16 32 57.68122186  -00 33 21.0704633  0.00000580 0.0002275  -0.392  57569.1 53559.8 58899.4      6    364      1630-004
ICRF J163258.1+161557  1630+163     16 32 58.10663823   16 15 57.0598157  0.00000382 0.0001096  -0.043  58653.7 57098.3 60645.2      6    604      1630+163
ICRF J163327.7+650042  1633+651     16 33 27.75633244   65 00 42.4187366  0.00001424 0.0000961  -0.325  59485.8 59037.7 59981.8      5    455      1633+651
ICRF J163328.8-255735  1630-258     16 33 28.89061295  -25 57 35.4792106  0.00000396 0.0001420  -0.045  58672.8 53572.0 60834.1      8    592      1630-258
ICRF J163412.7+320335  1632+321     16 34 12.78981643   32 03 35.4246189  0.00000537 0.0001335   0.169  58485.3 53125.1 60710.7      8    680      1632+321
ICRF J163430.3-205825  1631-208     16 34 30.32375804  -20 58 25.9379600  0.00000372 0.0001020   0.178  58585.7 53551.8 60834.1     12    681      1631-208
ICRF J163433.8+624535  1634+628     16 34 33.80639886   62 45 35.8967412  0.00005950 0.0004526  -0.012  58956.9 52408.7 60406.0     10    286      3C343   
ICRF J163515.4+380804  1633+382     16 35 15.49298030   38 08 04.5005916  0.00000059 0.0000083  -0.048  51872.8 44446.0 60704.8    644  24425      1633+38 
ICRF J163530.7-185937  1632-188     16 35 30.73120314  -18 59 37.5146464  0.00004383 0.0010886   0.728  59032.9 57596.8 60485.9     11    228      1632-188
ICRF J163537.6+595515  1634+600     16 35 37.64877013   59 55 15.0765138  0.00000663 0.0000673  -0.211  57646.8 54111.8 58540.2      5    437      1634+600
ICRF J163537.6+601956  1634+604     16 35 37.65503720   60 19 56.7503655  0.00001391 0.0001445   0.253  58086.8 49576.0 60203.4      6    451      1634+604
ICRF J163539.1+183103  1633+186     16 35 39.15824122   18 31 03.6988954  0.00000837 0.0002394  -0.042  57974.2 54087.1 58631.3      5    361      1633+186
ICRF J163615.8-131532  1633-131     16 36 15.86092180  -13 15 32.6945971  0.00000788 0.0002457  -0.289  58373.5 53559.8 60406.0      7    355      1633-131
ICRF J163638.1+211255  1634+213     16 36 38.18346016   21 12 55.5940182  0.00000356 0.0000877  -0.162  56577.3 50084.5 60162.4      9    659      1634+213
ICRF J163655.3-410200  1633-409     16 36 55.37549926  -41 02 00.5110418  0.00005030 0.0024692   0.181  58712.6 54852.8 60485.9     11    145      1633-409
ICRF J163736.5-330904  1634-330     16 37 36.53598534  -33 09 04.8408329  0.00001417 0.0004216  -0.142  58399.7 53152.3 60497.5      8    279      1634-330
ICRF J163745.1+471733  1636+473  D  16 37 45.13055861   47 17 33.8311028  0.00000064 0.0000086  -0.036  57974.7 50305.3 60852.8    400  20055      1636+473
ICRF J163813.4+572023  1637+574     16 38 13.45630246   57 20 23.9789572  0.00000095 0.0000096   0.033  53558.0 44342.5 60807.7    436  15138      1637+574
ICRF J163819.2-034005  1635-035     16 38 19.25203202  -03 40 05.0869110  0.00000345 0.0001009   0.022  56658.2 50575.3 60203.4      9    665      1635-035
ICRF J163828.2+623444  1637+626     16 38 28.22499552   62 34 44.3087220  0.00010937 0.0008606   0.101  58888.3 52408.7 60406.0     13    193      3C343.1 
ICRF J163845.2-141550  1635-141     16 38 45.28496241  -14 15 50.2367336  0.00000430 0.0001606  -0.258  58421.1 50575.3 60162.4      7    404      1635-141
ICRF J163906.4+114408  1636+118     16 39 06.47208551   11 44 08.6909811  0.00002124 0.0007830  -0.475  60186.2 59693.1 60485.9      4    189      1636+118
ICRF J163925.0+863153  1654+866     16 39 25.01531187   86 31 53.1301502  0.00019910 0.0001880   0.083  57814.5 52408.7 58829.4      6    375      1654+866
ICRF J163939.8+535747  1638+540     16 39 39.84303424   53 57 47.1180196  0.00000490 0.0000637   0.053  57633.5 49576.0 60675.9      6    562      1638+540
ICRF J163942.1+163221  1637+166     16 39 42.13716354   16 32 21.7580537  0.00000595 0.0001923  -0.210  57816.1 53560.9 58631.3      5    425      1637+166
ICRF J164010.5-001147  1637-001     16 40 10.58613564  -00 11 47.5427169  0.00000316 0.0001082  -0.022  57601.6 53559.8 58899.4      5    346      1637-001
ICRF J164029.6+394646  1638+398     16 40 29.63277223   39 46 46.0284170  0.00000031 0.0000045   0.082  53895.1 44342.5 60856.7   2068 161813      NRAO512 
ICRF J164041.0-372727  1637-373     16 40 41.08735623  -37 27 27.5083028  0.00007851 0.0032340   0.196  58504.2 53152.3 60485.9     12    128      1637-373
ICRF J164047.9+122002  1638+124     16 40 47.93882764   12 20 02.0790530  0.00000275 0.0000735  -0.175  56412.7 49913.7 58634.5      5    546      1638+124
ICRF J164058.8+114404  1638+118     16 40 58.89259932   11 44 04.2122366  0.00000478 0.0001320  -0.251  57835.4 53572.0 58634.5      5    455      1638+118
ICRF J164125.2+225704  1639+230     16 41 25.22756818   22 57 04.0327277  0.00000038 0.0000076  -0.028  57818.0 50084.5 60824.8    811  32369      1639+230
ICRF J164130.2+700310  1641+701     16 41 30.23573780   70 03 10.3824648  0.00004876 0.0002910   0.132  60495.2 60323.7 60715.1      2    105      1641+701
ICRF J164202.1-062123  1639-062  D  16 42 02.17771518  -06 21 23.6950941  0.00000029 0.0000050   0.069  58317.5 53125.1 60852.8    961  61192      1639-062
ICRF J164205.2-200724  1639-200     16 42 05.29090233  -20 07 24.8493893  0.00000447 0.0000749   0.154  58654.8 54600.8 60834.1     13    836      1639-200
ICRF J164207.8+685639  1642+690  D  16 42 07.84851680   68 56 39.7563170  0.00000115 0.0000070   0.043  53969.3 44088.7 60799.7    302  22690      1642+690
ICRF J164221.9+665549  1642+670     16 42 21.92726003   66 55 49.4913030  0.00011197 0.0002606  -0.005  58592.3 57932.8 60323.7      7    266      1642+670
ICRF J164240.4+252307  1640+254     16 42 40.41182880   25 23 07.6823080  0.00000219 0.0000517  -0.130  57654.6 50218.8 60645.2      6    693      1640+254
ICRF J164257.3-810835  1633-810     16 42 57.34559100  -81 08 35.0702023  0.00002949 0.0000931   0.197  56796.5 52860.2 58821.8     46    258      1633-810
ICRF J164258.8+394836  1641+399     16 42 58.80997667   39 48 36.9939742  0.00000073 0.0000112  -0.067  47620.9 44088.7 60696.7   1242  50941      3C345   
ICRF J164259.3-284957  1639-287     16 42 59.37308791  -28 49 57.9434359  0.00001800 0.0006726  -0.393  58500.4 53560.9 60497.5      9    242      1639-287
ICRF J164301.0+322104  1641+324     16 43 01.06064609   32 21 04.0570869  0.00001461 0.0002900  -0.265  60579.6 60442.8 60770.3      3    175      1641+324
ICRF J164326.5-040253  1640-039     16 43 26.52165312  -04 02 53.7479048  0.00000275 0.0000966  -0.035  58689.4 56874.5 59816.3      6    601      1640-039
ICRF J164333.3-231607  1640-231     16 43 33.39048846  -23 16 07.8585098  0.00000483 0.0001699  -0.232  58333.0 53991.8 60602.5      7    421      1640-231
ICRF J164346.6-164547  1640-166     16 43 46.65130184  -16 45 47.4864608  0.00000719 0.0000664   0.250  58304.4 57924.7 58576.8      7    318      1640-166
ICRF J164347.0+073217  1641+076     16 43 47.09547971   07 32 17.3967711  0.00000463 0.0001453   0.128  59756.8 58602.7 60485.9      6    367      1641+076
ICRF J164348.5+171549  1641+173     16 43 48.59972248   17 15 49.4317387  0.00000510 0.0000980  -0.154  59119.9 58602.7 59693.1      5    276      1641+173
ICRF J164410.5-031329  1641-031     16 44 10.58406643  -03 13 29.7473644  0.00000653 0.0002134   0.138  60416.6 60354.8 60554.7      2    152      1641-031
ICRF J164416.1-771548  1637-771     16 44 16.12017501  -77 15 48.8126980  0.00004675 0.0002457  -0.417  56713.8 52886.6 58884.8      7     56      1637-771
ICRF J164416.3+072033  1641+074     16 44 16.32974754   07 20 33.7585134  0.00000358 0.0001244  -0.353  58582.7 49913.7 60834.1      8    634      1641+074
ICRF J164435.7-180432  1641-179     16 44 35.74673274  -18 04 32.4573768  0.00000525 0.0002033  -0.378  57924.2 53152.3 58677.2      6    256      1641-179
ICRF J164452.0-074343  1642-076     16 44 52.05851570  -07 43 43.1776558  0.00000269 0.0000990  -0.133  58519.6 55775.7 59867.7      6    600      1642-076
ICRF J164452.4+181317  1642+183     16 44 52.43236426   18 13 17.2385264  0.00000553 0.0001669  -0.594  56420.5 50084.5 58634.5      6    392      1642+183
ICRF J164456.0+051837  1642+054     16 44 56.08264546   05 18 37.0536605  0.00000550 0.0001371   0.255  60578.5 60354.8 60834.1      3    315      1642+054
ICRF J164459.0+253630  1642+256     16 44 59.06078643   25 36 30.5881539  0.00000353 0.0000768  -0.245  57401.5 50218.8 58829.4      5    545      1642+256
ICRF J164516.7-331817  1642-332     16 45 16.73362790  -33 18 17.7673623  0.00001512 0.0005296  -0.049  60157.2 59981.8 60497.5      4    136      1642-332
ICRF J164558.5+633010  1645+635     16 45 58.55267932   63 30 10.9227816  0.00000474 0.0000350   0.013  58012.5 49826.5 60715.1      7    715      1645+635
ICRF J164606.9+004227  1643+007     16 46 06.97226403   00 42 27.2795227  0.00000377 0.0001271  -0.112  58355.8 56874.5 59776.7      6    534      1643+007
ICRF J164615.1+741910  1647+744     16 46 15.17266635   74 19 11.0709315  0.00009011 0.0005409   0.013  58772.0 53522.9 60033.6      9    285      1647+744
ICRF J164656.8+405917  1645+410     16 46 56.85870382   40 59 17.1721878  0.00000301 0.0000540  -0.168  56686.1 50241.8 58803.0      5    474      1645+410
ICRF J164723.2-031720  1644-032     16 47 23.25013621  -03 17 20.6084975  0.00004757 0.0008106  -0.195  60168.0 59867.7 60497.5      4    153      1644-032
ICRF J164733.5+270558  1645+271     16 47 33.59838121   27 05 58.2933613  0.00000416 0.0000926   0.055  58688.7 50218.8 60645.2      7    633      1645+271
ICRF J164734.9+495000  1646+499     16 47 34.91189398   49 50 00.5878501  0.00000675 0.0000894  -0.250  57539.4 50305.3 58829.4      5    418      1646+499
ICRF J164737.7-643800  1642-645     16 47 37.74143181  -64 38 00.2687809  0.00000922 0.0000811   0.183  58605.7 58009.8 59065.7     11    226      1642-645
ICRF J164741.8+172011  1645+174     16 47 41.83950846   17 20 11.8596709  0.00000593 0.0001751   0.110  58245.5 54313.8 60219.1      6    260      1645+174
ICRF J164753.7-192619  1644-193     16 47 53.77833989  -19 26 19.4459309  0.00000719 0.0002744  -0.090  58627.3 57609.7 60602.5      7    337      1644-193
ICRF J164757.8-291244  1644-291     16 47 57.87469505  -29 12 44.4548104  0.00000768 0.0001582   0.127  58512.6 57596.8 60602.5      6    343      1644-291
ICRF J164801.5+222433  1645+224     16 48 01.53554211   22 24 33.1479291  0.00000105 0.0000225  -0.099  59426.9 50084.5 60852.8     97   2988      1645+224
ICRF J164817.0+214105  1646+217     16 48 17.06921075   21 41 05.9103705  0.00001327 0.0003904  -0.389  59290.4 56833.8 60162.4     10    320      1646+217
ICRF J164829.2+410405  1646+411     16 48 29.25803302   41 04 05.5526102  0.00000372 0.0000603  -0.198  56949.7 50241.8 58829.4      5    442      1646+411
ICRF J164842.3-330148  1645-329     16 48 42.35111558  -33 01 48.9318915  0.00000538 0.0001704   0.111  57637.3 54488.8 58871.4      9    367      1645-329
ICRF J164904.3-262008  1645-262     16 49 04.31532332  -26 20 08.6143391  0.00000635 0.0002251   0.092  58111.8 53559.8 60602.5      7    401      1645-262
ICRF J164924.9+523514  1648+526     16 49 24.99152705   52 35 14.9964512  0.00001058 0.0001353  -0.218  60546.1 60472.1 60715.1      2    174      1648+526
ICRF J164927.6+041203  1646+042     16 49 27.67944471   04 12 03.9877143  0.00000288 0.0000880  -0.186  57045.3 49913.7 59776.7      7    546      1646+042
ICRF J164940.9+744244  1651+747     16 49 40.95360109   74 42 44.6213678  0.00002379 0.0000929   0.198  58617.4 53551.8 60770.3      7    711      1651+747
ICRF J164950.4+062653  1647+065     16 49 50.49136619   06 26 53.4487638  0.00000298 0.0000878  -0.118  57113.1 49913.7 58803.0      5    472      1647+065
ICRF J165005.4+414032  1648+417     16 50 05.48004273   41 40 32.4253061  0.00001083 0.0002361  -0.344  60231.1 59951.1 60497.5      3    189      1648+417
ICRF J165016.6-504448  1646-506     16 50 16.62706188  -50 44 48.2100880  0.00001369 0.0001181   0.103  58475.7 52860.2 60163.6     20    190      1646-506
ICRF J165037.5+082452  1648+084     16 50 37.56272032   08 24 52.2313105  0.00000251 0.0000766  -0.114  57773.7 49913.7 58803.0      6    388      1648+084
ICRF J165038.0-124853  1647-127     16 50 38.03456331  -12 48 53.5419125  0.00000470 0.0001745  -0.406  59923.4 59405.2 60162.4      6    433      1647-127
ICRF J165039.5-294346  1647-296  D  16 50 39.54410750  -29 43 46.9545445  0.00000116 0.0000209   0.101  59151.0 48345.5 60683.7    212   5562      1647-296
ICRF J165103.6+012923  1648+015     16 51 03.66237200   01 29 23.4578390  0.00000267 0.0000867  -0.316  56332.8 49913.7 58803.0      5    525      1648+015
ICRF J165122.8+580542  1650+581     16 51 22.86558393   58 05 42.4428399  0.00041826 0.0016966  -0.261  59417.0 58326.5 60425.9      9     61      1650+581
ICRF J165137.5+400218  1649+401     16 51 37.52606624   40 02 18.9719007  0.00001564 0.0002820  -0.410  58608.4 57966.7 59508.8      5    337      1649+401
ICRF J165137.8+213524  1649+216     16 51 37.84412068   21 35 24.6538328  0.00000643 0.0001573  -0.065  58185.0 53560.9 60645.2      7    426      1649+216
ICRF J165201.4+061855  1649+063     16 52 01.40007236   06 18 55.3537076  0.00000234 0.0000715  -0.149  57367.4 49913.7 58803.0      5    450      1649+063
ICRF J165258.5+390249  1651+391     16 52 58.50958420   39 02 49.8221765  0.00000082 0.0000129  -0.007  56233.9 50241.8 60733.8    109   6352      1651+391
ICRF J165329.9+310756  1651+312     16 53 29.91066171   31 07 56.8723009  0.00000280 0.0000582  -0.090  56387.7 50218.8 59405.2      6    436      1651+312
ICRF J165334.2-155129  1650-157     16 53 34.20642556  -15 51 29.8879780  0.00000350 0.0001013  -0.020  59023.0 54852.8 60760.8     11    616      1650-157
ICRF J165352.2+394536  1652+398     16 53 52.21668473   39 45 36.6088605  0.00000075 0.0000114  -0.062  55501.4 45996.8 60807.7    462  11942      DA426   
ICRF J165503.2-183131  1652-184     16 55 03.20662427  -18 31 31.0377425  0.00000383 0.0001275   0.054  59314.6 57973.7 60710.7      7    497      1652-184
ICRF J165518.7+423339  1653+426     16 55 18.79496170   42 33 39.8231043  0.00000587 0.0000985  -0.333  57473.2 53572.0 58829.4      5    496      1653+426
ICRF J165543.5+194847  1653+198     16 55 43.56736251   19 48 47.1078700  0.00000891 0.0002521  -0.123  58698.2 58237.7 59440.3      4    345      1653+198
ICRF J165616.8-330210  1653-329     16 56 16.86108476  -33 02 10.7957378  0.00001598 0.0006030   0.140  59236.6 55412.8 60770.3     13    367      1653-329
ICRF J165634.0+182626  1654+185     16 56 34.08914008   18 26 26.3467397  0.00000538 0.0001216  -0.113  56618.9 50084.5 58562.8      6    363      1654+185
ICRF J165639.6+532148  1655+534     16 56 39.62425256   53 21 48.7711169  0.00000947 0.0001064   0.158  57978.7 54087.1 60715.1      6    513      1655+534
ICRF J165648.2+601216  1656+602     16 56 48.24497025   60 12 16.4344802  0.00000746 0.0000639  -0.118  57469.0 53559.8 58899.4      5    508      1656+602
ICRF J165656.1-020649  1654-020     16 56 56.11823323  -02 06 49.5187634  0.00000443 0.0001516  -0.141  57117.5 50575.3 58921.9      5    326      1654-020
ICRF J165720.7+570553  1656+571     16 57 20.70896335   57 05 53.5037053  0.00000422 0.0000432  -0.119  56449.1 49576.0 58551.2      5    524      1656+571
ICRF J165733.3-200434  1654-199     16 57 33.33473341  -20 04 34.9835267  0.00000622 0.0002097   0.065  57480.5 53502.7 58712.2      7    467      1654-199
ICRF J165746.8+480833  1656+482     16 57 46.87894729   48 08 33.0409626  0.00000282 0.0000388  -0.176  57531.3 50305.3 58871.4      6    602      1656+482
ICRF J165801.4+344328  1656+348     16 58 01.41922062   34 43 28.4018485  0.00000367 0.0000556  -0.100  54306.1 48852.8 60135.7     22    776      1656+348
ICRF J165802.7+473749  1656+477     16 58 02.77959512   47 37 49.2307492  0.00000218 0.0000320  -0.069  53184.6 49183.9 59016.7     29   1430      1656+477
ICRF J165809.0+074127  1655+077     16 58 09.01146546   07 41 27.5404192  0.00000124 0.0000294  -0.108  54398.5 47782.6 59378.0     83   1506      1655+077
ICRF J165833.4+051516  1656+053     16 58 33.44732954   05 15 16.4439205  0.00000182 0.0000325   0.013  52857.9 44772.8 60135.7    100   2156      1656+053
ICRF J165844.0-073917  1656-075     16 58 44.06197035  -07 39 17.6945305  0.00000098 0.0000194   0.015  57708.8 52305.8 60849.7    270   8142      1656-075
ICRF J165850.1-145129  1655-147     16 58 50.15466288  -14 51 29.3262244  0.00002098 0.0005271   0.406  59905.5 59440.3 60162.4      6    307      1655-147
ICRF J165924.1+262936  1657+265     16 59 24.14945510   26 29 36.9430712  0.00000351 0.0000565   0.081  57705.3 50218.8 60535.7     12    619      1657+265
ICRF J165944.9+021307  1657+022     16 59 44.99727254   02 13 07.0438512  0.00000423 0.0001490  -0.301  57620.5 53572.0 58829.4      5    453      1657+022
ICRF J170009.2+683006  1700+685     17 00 09.29287250   68 30 06.9590556  0.00000856 0.0000533  -0.200  57702.7 49826.5 58899.4      5    429      1700+685
ICRF J170023.9+052244  1657+054     17 00 23.95598969   05 22 44.0952451  0.00000292 0.0001006  -0.230  57316.1 53133.5 58829.4      5    530      1657+054
ICRF J170053.1-261051  1657-261  D  17 00 53.15406171  -26 10 51.7254139  0.00000044 0.0000070  -0.113  58011.5 46874.8 60856.7   1351  43766      1657-261
ICRF J170109.7-295439  1657-298     17 01 09.86258311  -29 54 40.4810255  0.00017437 0.0036869  -0.175  59432.4 57973.7 60530.8     15     79      1657-298
ICRF J170121.3+033851  1658+037     17 01 21.37819347   03 38 51.1752144  0.00000270 0.0000925  -0.175  58660.5 54087.1 60834.1      7    705      1658+037
ICRF J170124.6+395437  1659+399  D  17 01 24.63481855   39 54 37.0915411  0.00000171 0.0000280   0.057  58309.8 53522.9 60770.3     86   3632      1659+399
ICRF J170126.8-190331  1658-189     17 01 26.89413525  -19 03 31.5732822  0.00000427 0.0001505   0.066  57832.3 53559.8 58712.2      6    337      1658-189
ICRF J170144.8-562155  1657-562     17 01 44.85812358  -56 21 55.9026559  0.00000272 0.0000426   0.066  57453.7 52751.7 60415.7     99   1060      1657-562
ICRF J170214.2-241508  1659-241     17 02 14.24220368  -24 15 08.7443650  0.00000942 0.0002842  -0.186  58094.5 57609.7 58746.6      6    301      1659-241
ICRF J170221.7+150206  1700+151     17 02 21.71797138   15 02 06.0789319  0.00000691 0.0001824   0.064  57612.5 50084.5 58644.9      6    396      1700+151
ICRF J170232.6+315752  1700+320     17 02 32.61008824   31 57 52.3620462  0.00002417 0.0008630  -0.525  58728.2 56462.8 60442.8     10    260      1700+320
ICRF J170324.0+143021  1701+145     17 03 24.07711664   14 30 21.6047471  0.00009517 0.0015674  -0.679  60212.9 59693.1 60485.9      4    102      1701+145
ICRF J170336.5-621240  1659-621     17 03 36.54122231  -62 12 40.0084333  0.00000431 0.0000403   0.439  57005.0 52779.7 58609.6     65    834      1659-621
ICRF J170405.0-131634  1701-132     17 04 05.08682533  -13 16 34.2364262  0.00000399 0.0001334   0.057  58663.0 53152.3 60406.0      7    359      1701-132
ICRF J170407.4+013408  1701+016     17 04 07.48915349   01 34 08.4739362  0.00000596 0.0001670  -0.090  57750.5 53560.9 58829.4      5    446      1701+016
ICRF J170446.9+713817  1705+717     17 04 46.97723738   71 38 17.6070142  0.00004895 0.0001934  -0.281  59075.3 57427.7 60770.3      7    498      1705+717
ICRF J170501.2-244509  1701-246     17 05 01.28220462  -24 45 09.7564654  0.00001767 0.0005823  -0.658  58319.7 57011.1 60485.9      7    246      1701-246
ICRF J170525.2+775601  1707+779     17 05 25.23896107   77 56 01.2930411  0.00005297 0.0001517   0.114  58260.2 57134.8 59405.2      5    531      1707+779
ICRF J170526.4+510935  1704+512     17 05 26.41357561   51 09 35.3959438  0.00000825 0.0001100  -0.036  57733.5 50305.3 60118.4      6    361      1704+512
ICRF J170537.5-283810  1702-285     17 05 37.50507071  -28 38 10.1518052  0.00000751 0.0002791  -0.091  59891.2 59440.3 60530.8      6    214      1702-285
ICRF J170620.4+120859  1704+122     17 06 20.49744883   12 08 59.7943519  0.00000510 0.0001266   0.205  58005.8 53559.8 60602.5      6    504      1704+122
ICRF J170636.7+095359  1704+099     17 06 36.72731551   09 53 59.6377070  0.00000381 0.0001109  -0.200  57861.1 53572.0 58871.4      6    585      1704+099
ICRF J170716.5-175616  1704-178     17 07 16.59127505  -17 56 16.1538791  0.00001327 0.0005434  -0.211  58530.3 58212.7 58746.6      5    266      1704-178
ICRF J170717.7+453610  1705+456     17 07 17.75342201   45 36 10.5528219  0.00000263 0.0000337  -0.047  54631.5 48433.8 60485.9     26   1423      1705+456
ICRF J170720.3-141523  1704-141     17 07 20.39055089  -14 15 23.1269164  0.00000337 0.0001196  -0.056  56858.6 53502.7 58540.2      5    285      1704-141
ICRF J170731.5+164844  1705+168     17 07 31.54840105   16 48 44.7122856  0.00000447 0.0001370  -0.095  60325.2 60059.7 60675.9      3    283      1705+168
ICRF J170732.4+112200  1705+114     17 07 32.48016526   11 22 00.7074044  0.00000355 0.0001071  -0.178  60130.6 59707.7 60497.5      4    362      1705+114
ICRF J170734.4+014845  1705+018  D  17 07 34.41527164   01 48 45.6992295  0.00000044 0.0000077   0.058  57666.4 48193.8 60852.8    574  22708      1705+018
ICRF J170745.6+133105  1705+135     17 07 45.63727379   13 31 05.2328896  0.00000346 0.0000609   0.057  54633.2 50084.5 58764.7     17    422      1705+135
ICRF J170753.7+184639  1705+188     17 07 53.74748022   18 46 39.0216025  0.00000386 0.0001073  -0.394  57330.7 53560.9 58669.6      5    418      1705+188
ICRF J170801.2+334646  1706+338     17 08 01.25145177   33 46 46.3765052  0.00000697 0.0001610  -0.037  57623.9 54087.1 58712.2      5    483      1706+338
ICRF J170844.6+003509  1706+006     17 08 44.64743412   00 35 09.5150928  0.00000316 0.0001131  -0.202  57750.1 49913.7 58871.4      6    546      1706+006
ICRF J170914.0-255754  1706-259     17 09 14.02117708  -25 57 54.3024010  0.00005492 0.0014919   0.182  60099.2 59816.3 60530.8      4     92      1706-259
ICRF J170918.6-352522  1705-353     17 09 18.66631429  -35 25 22.2030625  0.00003010 0.0010277   0.317  59402.3 54488.8 60770.3     13    270      1705-353
ICRF J170928.2-222650  1706-223     17 09 28.28739098  -22 26 50.5399727  0.00002534 0.0009344  -0.737  58742.3 57011.1 60497.5      7    134      1706-223
ICRF J170934.3-172853  1706-174  D  17 09 34.34538724  -17 28 53.3650393  0.00000122 0.0000243  -0.152  57780.0 48092.0 60852.8    345   5466      1706-174
ICRF J170941.0+431844  1708+433     17 09 41.08658294   43 18 44.5325453  0.00000302 0.0000472  -0.129  57487.7 54075.8 58871.4      6    687      1708+433
ICRF J171017.2-035550  1707-038     17 10 17.20537339  -03 55 50.1288871  0.00000381 0.0001249   0.269  57380.5 50575.3 60602.5      6    482      1707-038
ICRF J171058.8-141603  1708-142     17 10 58.84197669  -14 16 03.1737967  0.00001000 0.0003608  -0.023  59882.6 59402.8 60162.4      6    280      1708-142
ICRF J171119.9+301917  1709+303     17 11 19.92087570   30 19 17.8599312  0.00016955 0.0012000   0.087  60245.4 59867.7 60442.8      3     60      1709+303
ICRF J171120.5-374415  1707-376     17 11 20.51356039  -37 44 15.8829792  0.00004019 0.0017882   0.376  59430.1 58304.5 60485.9      9    155      1707-376
ICRF J171123.1-250901  1708-250     17 11 23.10227458  -25 09 01.5627470  0.00000309 0.0001137  -0.123  58928.7 57011.1 60623.9     15    919      1708-250
ICRF J171140.5+541145  1710+542     17 11 40.50474746   54 11 45.1344390  0.00000665 0.0000721  -0.128  57196.4 53572.0 58551.2      5    490      1710+542
ICRF J171148.9-333841  1708-335     17 11 48.99324018  -33 38 41.0660378  0.00004284 0.0016808   0.396  58748.6 53551.8 60323.7     10    197      1708-335
ICRF J171231.6-182002  1709-182     17 12 31.69730877  -18 20 02.7680729  0.00000357 0.0001337  -0.098  57843.6 53560.9 58794.6      6    495      1709-182
ICRF J171302.3+111705  1710+113     17 13 02.34322052   11 17 05.4778909  0.00000373 0.0001199  -0.050  60311.1 60059.7 60602.5      3    249      1710+113
ICRF J171306.0-081659  1710-082     17 13 06.04537355  -08 16 59.5732387  0.00026829 0.0058288  -0.855  60204.0 59867.7 60425.9      4     56      1710-082
ICRF J171309.9-341829  1709-342     17 13 09.94160946  -34 18 29.4277935  0.00002915 0.0012642   0.355  59304.1 58121.7 60323.7     11    212      1709-342
ICRF J171331.2-265852  1710-269     17 13 31.27559718  -26 58 52.5265519  0.00000347 0.0001174  -0.017  56680.1 50631.3 59320.9     11    645      1710-269
ICRF J171335.1+491632  1712+493     17 13 35.14762626   49 16 32.5367957  0.00000552 0.0000751  -0.059  57534.8 50305.3 58871.4      6    592      1712+493
ICRF J171350.7-322612  1710-323     17 13 50.79023485  -32 26 12.2089488  0.00000852 0.0002382  -0.213  58272.9 54488.8 59928.8     16    383      1710-323
ICRF J171432.5-205354  1711-208     17 14 32.51304380  -20 53 54.2898051  0.00000605 0.0002076  -0.326  57997.2 53522.9 59280.1      9    565      1711-208
ICRF J171440.2-210041  1711-209     17 14 40.26197869  -21 00 41.3542953  0.00001097 0.0003422   0.190  58170.4 54852.8 60623.9      7    326      1711-209
ICRF J171447.8-251434  1711-251     17 14 47.84869683  -25 14 35.1537208  0.00117453 0.0183154  -0.211  58786.8 57596.8 60675.9     12     24      1711-251
ICRF J171456.5-055820  1712-059     17 14 56.57371955  -05 58 20.5942865  0.00000303 0.0001048  -0.103  57180.2 53502.7 58942.4      5    346      1712-059
ICRF J171521.2+214531  1713+218     17 15 18.86936755   21 46 20.9747732  0.00000433 0.0001179  -0.366  59032.3 58278.8 59542.8      6    400      1713+218
ICRF J171607.5-164242  1713-166     17 16 07.51722627  -16 42 42.0943318  0.00001076 0.0004084  -0.170  59937.3 59402.8 60497.5      6    224      1713-166
ICRF J171609.8-190933  1713-191     17 16 09.87828648  -19 09 33.8458983  0.00002006 0.0006953  -0.648  58797.3 58212.7 60497.5      7    284      1713-191
ICRF J171611.1+215213  1714+219     17 16 11.19071670   21 52 13.6676277  0.00000476 0.0001064  -0.261  57109.0 50084.5 60219.1      6    426      1714+219
ICRF J171613.9+683638  1716+686     17 16 13.93799701   68 36 38.7450441  0.00000826 0.0000510  -0.154  56358.3 49826.5 58899.4      5    555      1716+686
ICRF J171626.4-045211  1713-048     17 16 26.48807179  -04 52 11.9453846  0.00000238 0.0000775  -0.025  58688.1 53551.8 60602.5      7    667      1713-048
ICRF J171653.6+230553  1714+231     17 16 53.65629693   23 05 53.3186093  0.00001020 0.0002491  -0.104  58666.7 57645.8 60675.9      6    426      1714+231
ICRF J171701.1+191740  1714+193     17 17 01.16594397   19 17 40.6559197  0.00000360 0.0001025  -0.253  57058.1 53560.9 58669.6      5    465      1714+193
ICRF J171719.2+422659  1715+425     17 17 19.20964325   42 26 59.8454382  0.00001344 0.0002012   0.322  60059.0 59693.1 60530.8      4    190      1715+425
ICRF J171736.0-334208  1714-336     17 17 36.02941526  -33 42 08.8284612  0.00004968 0.0013574   0.200  58589.1 53133.5 60323.7     14    158      1714-336
ICRF J171738.6-394852  1714-397     17 17 38.59883423  -39 48 52.6651091  0.00021562 0.0069431  -0.127  58512.4 53522.9 60497.5     13     46      1714-397
ICRF J171814.9-112044  1715-112     17 18 14.94808559  -11 20 44.9758793  0.00000627 0.0002116  -0.121  57539.9 53152.3 58540.2      6    339      1715-112
ICRF J171849.3-285041  1715-287     17 18 49.37971463  -28 50 41.0992980  0.00000993 0.0003285   0.240  58165.0 53572.0 60406.0      7    299      1715-287
ICRF J171902.0-142019  1716-142     17 19 02.01995010  -14 20 19.0105441  0.00000318 0.0001211  -0.130  57130.1 53551.8 58540.2      5    435      1716-142
ICRF J171910.9+065815  1716+070     17 19 10.93337969   06 58 15.7461379  0.00000246 0.0000782  -0.066  57590.0 53125.1 58871.4      6    658      1716+070
ICRF J171913.0+174506  1717+178  D  17 19 13.04848456   17 45 06.4371578  0.00000071 0.0000138   0.106  57189.0 47010.4 60704.8    166   8259      1717+178
ICRF J171914.4+485849  1717+490     17 19 14.49260043   48 58 49.4257740  0.00000613 0.0000901  -0.040  58257.4 57046.0 58871.4      5    399      1717+490
ICRF J171938.2+480412  1718+481     17 19 38.24955381   48 04 12.2489917  0.00004503 0.0005745  -0.251  57142.3 53559.8 60485.9     10    179      1718+481
ICRF J171952.2+081703  1717+083     17 19 52.20622248   08 17 03.5538922  0.00000214 0.0000658  -0.014  56771.7 49913.7 58871.4      6    707      1717+083
ICRF J172010.3+382556  1718+384     17 20 10.33479159   38 25 56.1644132  0.00000401 0.0000730  -0.113  57732.7 54111.8 59271.2      6    543      1718+384
ICRF J172043.5-225824  1717-229     17 20 43.55698798  -22 58 24.8382721  0.00001027 0.0004291  -0.263  58449.2 57098.3 60675.9      6    397      1717-229
ICRF J172053.7-233939  1717-236     17 20 53.79906169  -23 39 39.4320638  0.00004713 0.0016809   0.077  59200.6 58592.8 60497.5      6     95      1717-236
ICRF J172059.6-083217  1718-084     17 20 59.68600978  -08 32 17.3182347  0.00000568 0.0001927  -0.228  57762.3 53152.3 58942.4      5    317      1718-084
ICRF J172109.4+354216  1719+357     17 21 09.49105413   35 42 16.0635351  0.00000444 0.0001008  -0.124  56960.2 50241.8 58746.6      5    568      1719+357
ICRF J172134.6-162855  1718-164     17 21 34.65583121  -16 28 55.5311011  0.00000474 0.0001702  -0.225  59460.3 57973.7 60675.9      7    312      1718-164
ICRF J172139.0-615443  1717-618     17 21 39.01657487  -61 54 43.0181207  0.00003972 0.0004305  -0.354  58539.7 57987.7 58974.7      6     26      1717-618
ICRF J172155.9-255840  1718-259  D  17 21 55.97915872  -25 58 40.6930987  0.00000565 0.0001859  -0.165  59045.1 54600.8 60770.3     54   1417      1718-259
ICRF J172203.5-050325  1719-050     17 22 03.53849078  -05 03 25.0058561  0.00000352 0.0001171  -0.106  57275.4 53502.7 58942.4      5    358      1719-050
ICRF J172213.8-143500  1719-145     17 22 13.85027881  -14 35 00.4305501  0.00000465 0.0001806  -0.122  59777.5 59402.8 60219.1      5    267      1719-145
ICRF J172236.7+585622  1721+589     17 22 36.72660115   58 56 22.2606487  0.00000749 0.0000642  -0.049  57524.6 49576.0 60715.1      7    460      1721+589
ICRF J172240.0+610559  1722+611     17 22 40.05937306   61 05 59.7872652  0.00000673 0.0000596  -0.216  58397.4 49576.0 60770.3      9    636      1722+611
ICRF J172242.1+281500  1720+282     17 22 42.16158691   28 15 00.0761551  0.00000262 0.0000625  -0.111  57662.1 50218.8 60675.9      7    737      1720+282
ICRF J172244.5+101335  1720+102     17 22 44.58278747   10 13 35.7737019  0.00000298 0.0000852  -0.085  57069.9 53133.5 58669.6      5    488      1720+102
ICRF J172252.9+245834  1720+250     17 22 52.98996801   24 58 34.6924300  0.00000380 0.0001028  -0.108  57883.5 50218.8 58871.4      6    560      1720+250
ICRF J172314.1+654746  1723+658     17 23 14.13804416   65 47 46.1790746  0.00001171 0.0000833  -0.122  57765.7 53559.8 58899.4      5    467      1723+658
ICRF J172320.7+341757  1721+343     17 23 20.79590395   34 17 57.9658832  0.00000624 0.0001444  -0.342  58946.7 54124.8 60770.3      9    634      1721+343
ICRF J172339.7+523648  1722+526     17 23 39.74646779   52 36 48.3955485  0.00000744 0.0000713  -0.163  57631.6 49576.0 60715.1      9    480      1722+526
ICRF J172341.0-650036  1718-649     17 23 41.02930620  -65 00 36.6103969  0.00000953 0.0000755  -0.008  55749.5 48110.0 58107.8     28    234      1718-649
ICRF J172359.4+765311  1726+769     17 23 59.44512824   76 53 11.5519939  0.00001421 0.0000420   0.181  58119.8 49826.5 60715.1      8   1120      1726+769
ICRF J172405.4+400436  1722+401     17 24 05.42881509   40 04 36.4570566  0.00000327 0.0000493  -0.186  56296.0 50241.8 58640.8      8    391      1722+401
ICRF J172414.1+330303  1722+330     17 24 14.19782792   33 03 03.9390611  0.00000145 0.0000282  -0.102  57381.7 50218.8 60793.7    146   2792      1722+330
ICRF J172421.4+164818  1722+168     17 24 21.40001342   16 48 18.9643847  0.00000709 0.0002091  -0.324  60343.1 60059.7 60675.9      3    286      1722+168
ICRF J172428.9+022448  1721+024     17 24 28.99504635   02 24 48.6706757  0.00002320 0.0005196  -0.072  58399.1 56878.0 60530.8     10    244      1721+024
ICRF J172441.4+605555  1724+609     17 24 41.41511100   60 55 55.7272550  0.00001159 0.0000862  -0.155  57824.0 49576.0 60203.4      6    395      1724+609
ICRF J172446.9-144359  1721-146     17 24 46.96654568  -14 43 59.7606559  0.00000316 0.0001197  -0.190  56909.2 53551.8 58551.2      5    415      1721-146
ICRF J172504.3+115215  1722+119     17 25 04.34090074   11 52 15.4712812  0.00000454 0.0001359  -0.125  58503.5 57645.8 60602.5      6    531      1722+119
ICRF J172529.6+770805  1727+771     17 25 29.65532959   77 08 05.2167388  0.00002585 0.0000883  -0.128  58178.5 53780.1 58530.3      6    584      1727+771
ICRF J172535.0+585139  1724+589     17 25 35.02167604   58 51 39.9966057  0.00001851 0.0001645  -0.266  58718.4 58340.4 59693.1      5    363      1724+589
ICRF J172550.0-203643  1722-205     17 25 50.06312984  -20 36 43.0004940  0.00005104 0.0019269  -0.121  60490.3 59867.7 60675.9      4     58      1722-205
ICRF J172550.6+772623  1728+774     17 25 50.64778252   77 26 23.7730360  0.00011260 0.0004884  -0.110  58087.4 57427.7 58540.2      5    269      1728+774
ICRF J172624.7+050442  1723+051     17 26 24.78343907   05 04 42.6771351  0.00000471 0.0001526  -0.223  57938.0 53559.8 58899.4      5    377      1723+051
ICRF J172635.1+321323  1724+322     17 26 35.12465331   32 13 23.0223355  0.00000290 0.0000603  -0.228  57478.0 53572.0 58746.6      5    511      1724+322
ICRF J172644.9+063918  1724+066     17 26 44.94528221   06 39 18.5099170  0.00000342 0.0001101  -0.076  57386.9 53560.9 58899.4      5    475      1724+066
ICRF J172649.6-552940  1722-554     17 26 49.62674926  -55 29 40.4654969  0.00006093 0.0005106   0.292  58988.5 57673.7 60019.8     10     56      1722-554
ICRF J172657.8-642752  1722-644     17 26 57.82604593  -64 27 52.7056515  0.00009846 0.0003637   0.073  58390.3 57987.7 59065.7      5     34      1722-644
ICRF J172658.9-225801  1723-229     17 26 58.90451990  -22 58 01.5458852  0.00000350 0.0001171   0.014  57736.1 53502.7 58829.4      6    502      1723-229
ICRF J172719.9-195146  1724-198     17 27 19.97644342  -19 51 46.6614528  0.00000908 0.0003207  -0.615  58420.1 56903.8 60675.9      7    324      1724-198
ICRF J172723.4+551053  1726+552     17 27 23.46933211   55 10 53.5354057  0.00000582 0.0000642  -0.183  57051.7 49576.0 58556.9      5    600      1726+552
ICRF J172727.6+453039  1726+455     17 27 27.65080402   45 30 39.7312517  0.00000039 0.0000048   0.089  54364.6 48719.9 60831.8   1734  96410      1726+455
ICRF J172807.0+121539  1725+123     17 28 07.05121699   12 15 39.4854866  0.00000068 0.0000141  -0.125  58021.3 49913.7 60642.8    209   8079      1725+123
ICRF J172818.6+501310  1727+502     17 28 18.62403452   50 13 10.4701627  0.00000856 0.0000992  -0.115  55695.7 47458.8 60135.7     19    472      1727+502
ICRF J172824.9+042704  1725+044  D  17 28 24.95272388   04 27 04.9138425  0.00000119 0.0000182  -0.059  56792.9 47930.6 60849.7     71   3277      1725+044
ICRF J172850.2-035050  1726-038     17 28 50.23513678  -03 50 50.4353217  0.00000342 0.0001135   0.009  58270.2 50575.3 60162.4      7    624      1726-038
ICRF J172859.1+383826  1727+386     17 28 59.14139550   38 38 26.4486039  0.00000366 0.0000624  -0.053  57455.6 53133.5 58746.6      5    514      1727+386
ICRF J172908.2-265750  1726-269     17 29 08.21634467  -26 57 50.7446348  0.00001525 0.0005644   0.019  58340.4 54087.1 59378.0     11    389      1726-269
ICRF J172945.0+793509  1733+796     17 29 45.04628817   79 35 09.6016979  0.00002997 0.0000860  -0.228  60119.1 59867.7 60497.5      4    429      1733+796
ICRF J173033.0-051508  1727-052     17 30 33.07576712  -05 15 08.0699007  0.00000708 0.0002572  -0.096  58752.5 54111.8 60162.4      7    515      1727-052
ICRF J173034.9+002438  1728+004     17 30 34.99946970   00 24 38.6913971  0.00000228 0.0000746  -0.103  58922.4 53125.1 60683.7      8    680      1728+004
ICRF J173047.0+371455  1729+372     17 30 47.04482823   37 14 55.1310144  0.00001249 0.0002463  -0.187  60077.1 59981.8 60530.8      4    234      1729+372
ICRF J173052.7+602516  1730+604     17 30 52.71338331   60 25 16.7244656  0.00001213 0.0001090  -0.062  59011.2 57218.8 60770.3      7    600      1730+604
ICRF J173302.7-130449  1730-130  D  17 33 02.70579093  -13 04 49.5482049  0.00000036 0.0000083   0.056  53669.4 45258.0 60697.8    974  36850      NRAO530 
ICRF J173315.1-372232  1729-373     17 33 15.19307284  -37 22 32.3986919  0.00001892 0.0006522   0.038  57848.8 49649.7 60497.5     13    224      1729-373
ICRF J173340.7-793555  1725-795     17 33 40.70026083  -79 35 55.7165662  0.00001466 0.0000538   0.161  57066.2 52886.6 59414.7     44    520      1725-795
ICRF J173420.5+385751  1732+389     17 34 20.57853854   38 57 51.4430723  0.00000054 0.0000073   0.028  57886.3 46976.9 60818.8    309  21582      1732+389
ICRF J173458.3+092658  1732+094     17 34 58.37695360   09 26 58.2617325  0.00000338 0.0000971  -0.154  56239.0 49913.7 58921.9      5    289      1732+094
ICRF J173510.4+080831  1732+081     17 35 10.44547129   08 08 31.0630412  0.00000237 0.0000722  -0.011  58846.9 53559.8 60710.7      7    673      1732+081
ICRF J173526.7-055950  1732-059     17 35 26.78435297  -05 59 50.2105496  0.00000542 0.0002021  -0.530  58084.3 53560.9 60219.1      6    407      1732-059
ICRF J173548.0+361645  1734+363     17 35 48.08663423   36 16 45.6115516  0.00000344 0.0000537   0.021  53734.5 49938.8 58794.6     15    601      1734+363
ICRF J173549.0+504911  1734+508     17 35 49.00518948   50 49 11.5659649  0.00000333 0.0000457  -0.077  54914.5 49428.9 60135.7      8    675      1734+508
ICRF J173628.5+063147  1734+065     17 36 28.58371795   06 31 47.5267909  0.00000260 0.0000874  -0.237  59125.2 55775.7 60760.8      7    741      1734+065
ICRF J173642.2-194434  1733-197     17 36 42.28283871  -19 44 34.0516636  0.00000872 0.0003182  -0.381  58168.6 56903.8 58871.4      7    425      1733-197
ICRF J173657.8-340030  1733-339     17 36 57.82452534  -34 00 30.4521049  0.00008100 0.0024994   0.440  58856.8 56817.4 60406.0     11    144      1733-339
ICRF J173702.0-225155  1734-228     17 37 02.03372848  -22 51 55.3926842  0.00001166 0.0003675   0.237  58078.7 54111.8 58871.4      7    361      1734-228
ICRF J173713.7+062103  1734+063     17 37 13.72903118   06 21 03.5722376  0.00000358 0.0000591  -0.051  55609.6 49913.7 58749.7     11    415      1734+063
ICRF J173719.6-592141  1732-593     17 37 19.67256116  -59 21 41.8916812  0.00001309 0.0002205   0.427  58179.1 57987.7 59192.8      3     61      1732-593
ICRF J173735.7-563403  1733-565     17 37 35.77046922  -56 34 03.1564542  0.00028690 0.0016563   0.786  50219.0 48387.4 52877.7      6     19      1733-565
ICRF J173754.3-161520  1735-162     17 37 54.36232820  -16 15 20.3115480  0.00001944 0.0007464  -0.103  59373.1 58212.7 60530.8      9    116      1735-162
ICRF J173811.6-150300  1735-150     17 38 11.63549502  -15 03 00.5955888  0.00000425 0.0001514  -0.226  57097.9 53572.0 58551.2      5    344      1735-150
ICRF J173840.5+322409  1736+324     17 38 40.50182497   32 24 09.0255215  0.00000190 0.0000350  -0.015  57529.0 50218.8 60770.3     61   2653      1736+324
ICRF J173927.3+495503  1738+499     17 39 27.39050309   49 55 03.3683497  0.00000143 0.0000168   0.114  57288.4 49421.9 60856.7    121   4775      1738+499
ICRF J173935.3+335808  1737+339     17 39 35.36254673   33 58 08.1935762  0.00000745 0.0001368  -0.307  56406.1 50218.8 58794.6      5    556      1737+339
ICRF J173938.1+224031  1737+227     17 39 38.11756435   22 40 31.0558539  0.00000602 0.0001320   0.102  60467.5 59996.7 60715.1      3    174      1737+227
ICRF J173957.1+473758  1738+476     17 39 57.12907544   47 37 58.3615164  0.00000116 0.0000147   0.121  56983.8 47287.8 60849.7    122   6556      1738+476
ICRF J174001.5-081114  1737-081  D  17 40 01.56620120  -08 11 14.7819411  0.00000163 0.0000443  -0.052  58742.0 53522.9 60602.5     36   1521      1737-081
ICRF J174005.8+221100  1737+222     17 40 05.86288348   22 11 00.9733839  0.00000225 0.0000570   0.056  57182.5 50084.5 60715.1      7    542      1737+222
ICRF J174006.3+450650  1738+451     17 40 06.37263402   45 06 50.3707917  0.00000514 0.0000949  -0.460  57072.6 50305.3 58899.4      5    510      1738+451
ICRF J174026.9+194319  1738+197     17 40 26.97050763   19 43 19.6798063  0.00000398 0.0001042  -0.159  57713.0 54087.1 58677.2      5    471      1738+197
ICRF J174036.9+521143  1739+522     17 40 36.97785082   52 11 43.4073559  0.00000039 0.0000040   0.086  52175.2 44342.5 60704.8   2395 223798      1739+522
ICRF J174037.1+031147  1738+032     17 40 37.19900237   03 11 47.8399526  0.00000735 0.0001949  -0.231  58154.7 53502.7 60135.7      6    423      1738+032
ICRF J174048.9+434816  1739+438     17 40 48.95054492   43 48 16.1505709  0.00000435 0.0000663  -0.267  57856.6 50241.8 60770.3      7    668      1739+438
ICRF J174122.8+722451  1742+724     17 41 22.85798943   72 24 51.9692372  0.00003100 0.0001054  -0.266  59192.7 57427.7 60770.3      8    687      1742+724
ICRF J174134.8+475132  1740+478     17 41 34.82192827   47 51 32.5365769  0.00000642 0.0000754   0.012  57325.2 50305.3 58899.4      5    502      1740+478
ICRF J174203.6-334134  1738-336     17 42 03.68935218  -33 41 34.4136138  0.00008513 0.0025274   0.233  58765.9 56817.4 60406.0     11     90      1738-336
ICRF J174211.6-151729  1739-152     17 42 11.66285368  -15 17 29.1587573  0.00000372 0.0001398  -0.139  57857.7 53551.8 59320.9      8    408      1739-152
ICRF J174232.0+594506  1741+597     17 42 32.00011873   59 45 06.7318383  0.00001048 0.0000875  -0.145  58456.3 57218.8 59522.9      5    585      1741+597
ICRF J174259.5-190308  1740-190     17 42 59.54915569  -19 03 08.5599077  0.00000906 0.0003141   0.185  57980.8 53502.7 58871.4      7    448      1740-190
ICRF J174303.4+132636  1740+134     17 43 03.49204627   13 26 36.1145286  0.00010669 0.0010923   0.252  58390.5 56808.7 60259.3      9     48      1740+134
ICRF J174306.2-165815  1740-169     17 43 06.21832501  -16 58 15.9672672  0.00000383 0.0001318   0.076  58669.1 53152.3 60715.1      7    533      1740-169
ICRF J174317.8-305818  1740-309     17 43 17.88714861  -30 58 18.6537179  0.00025446 0.0035349   0.322  58639.0 52305.8 60715.1     11     41      1740-309
ICRF J174347.6+374753  1742+378     17 43 47.64631575   37 47 53.8297720  0.00000347 0.0000616  -0.228  56967.7 50241.8 58794.6      5    510      1742+378
ICRF J174356.4+275250  1741+279     17 43 56.43736334   27 52 50.3489572  0.00000350 0.0000753  -0.148  58256.1 56462.8 58871.4      5    508      1741+279
ICRF J174357.8+193509  1741+196     17 43 57.83266761   19 35 09.0194498  0.00000469 0.0001132  -0.225  57659.2 53572.0 58677.2      5    441      1741+196
ICRF J174358.8-035004  1741-038  D  17 43 58.85613529  -03 50 04.6167602  0.00000018 0.0000043   0.067  55180.1 44772.8 60856.7   5336 318026      1741-038
ICRF J174423.5-311636  1741-312     17 44 23.57835158  -31 16 36.2927779  0.00022574 0.0032603   0.017  59045.7 53125.1 60770.3     15     33      1741-312
ICRF J174425.0+401448  1742+402     17 44 25.09575904   40 14 48.1412370  0.00001639 0.0001980   0.082  57557.2 50241.8 58921.9      5    328      1742+402
ICRF J174425.4-514443  1740-517     17 44 25.45517688  -51 44 43.7352154  0.00001998 0.0001867   0.270  57215.2 48765.9 58618.8     17    146      1740-517
ICRF J174447.6-084914  1742-088     17 44 47.60184481  -08 49 14.3310474  0.00000636 0.0002045   0.048  57930.5 54111.8 60219.1      6    395      1742-088
ICRF J174456.6+554217  1744+557     17 44 56.60707008   55 42 17.1610135  0.00000431 0.0000383   0.183  53891.5 50302.8 59981.8     31   1316      NGC6454 
ICRF J174504.6+225248  1742+228     17 45 04.66886131   22 52 48.0772673  0.00000457 0.0001257  -0.124  55891.9 50084.5 59460.3      6    422      1742+228
ICRF J174527.1-075303  1742-078     17 45 27.10494893  -07 53 03.9481616  0.00000210 0.0000773   0.076  57281.2 52305.8 59320.9     10    583      1742-078
ICRF J174535.2+172001  1743+173     17 45 35.20817974   17 20 01.4233527  0.00000085 0.0000141  -0.043  56776.4 46976.9 60704.8    147   5101      1743+173
ICRF J174554.3+670349  1745+670     17 45 54.35774415   67 03 49.2983518  0.00001219 0.0000815   0.104  58186.0 49826.5 58921.9     10    652      1745+670
ICRF J174555.9+181450  1743+182     17 45 55.92738226   18 14 50.4176662  0.00000412 0.0001174  -0.270  57471.0 50084.5 60259.3      6    475      1743+182
ICRF J174606.6+642149  1745+643     17 46 06.67799930   64 21 49.6601277  0.00001954 0.0001445   0.104  58748.6 58143.4 59816.3      5    379      1745+643
ICRF J174614.0+622654  1745+624  D  17 46 14.03413197   62 26 54.7382692  0.00000084 0.0000065   0.117  53404.1 48915.8 60856.7   1047  35608      1745+624
ICRF J174648.2+260320  1744+260     17 46 48.27888303   26 03 20.3546997  0.00000512 0.0001250  -0.340  57458.0 53559.8 58899.4      5    510      1744+260
ICRF J174656.8+112718  1744+114     17 46 56.86670237   11 27 18.2266994  0.00000621 0.0001809  -0.208  60314.1 60059.7 60623.9      3    253      1744+114
ICRF J174712.4+275939  1745+280     17 47 12.42896661   27 59 39.8207843  0.00000535 0.0001251  -0.207  60304.3 59996.7 60448.8      2    147      1745+280
ICRF J174724.4-545021  1743-548     17 47 24.43511512  -54 50 21.5760618  0.00001000 0.0001547   0.198  58189.9 58009.8 58247.7      2    107      1743-548
ICRF J174726.6+465850  1746+470  D  17 47 26.64727746   46 58 50.9262426  0.00000088 0.0000119  -0.013  58231.2 49421.9 60852.8    146   9578      1746+470
ICRF J174739.3+030449  1745+030     17 47 39.31500903   03 04 49.7898731  0.00003180 0.0010955  -0.238  58770.4 56878.0 60530.8     11     81      1745+030
ICRF J174750.0+232439  1745+234     17 47 50.04857922   23 24 39.6853209  0.00000825 0.0001701   0.074  60484.1 59996.7 60715.1      3    195      1745+234
ICRF J174805.8+340401  1746+340     17 48 05.81967876   34 04 01.1805944  0.00000310 0.0000644  -0.214  56417.7 50218.8 58794.6      5    563      1746+340
ICRF J174806.2+083219  1745+085     17 48 06.26039707   08 32 19.2855842  0.00000592 0.0002007  -0.340  57957.9 54087.1 58942.4      5    324      1745+085
ICRF J174832.8+700550  1749+701     17 48 32.84033390   70 05 50.7688153  0.00000498 0.0000254  -0.106  53392.6 44202.9 59280.1     40   1608      1749+701
ICRF J174838.9-233520  1745-235     17 48 38.97650883  -23 35 20.3783711  0.00007365 0.0022465   0.292  58739.9 58237.7 59951.1      6     86      1745-235
ICRF J174900.3+432151  1747+433     17 49 00.36038200   43 21 51.2873141  0.00000313 0.0000502  -0.169  56889.5 50241.8 58921.9      5    537      1747+433
ICRF J174905.4+194408  1746+197     17 49 05.47366449   19 44 08.8382463  0.00000406 0.0001033  -0.004  57702.9 50084.5 60497.5      7    476      1746+197
ICRF J175131.6+471322  1750+472     17 51 31.63274806   47 13 22.5060828  0.00004881 0.0005247  -0.672  58339.1 57497.7 60497.5      6    258      1750+472
ICRF J175132.8+093900  1749+096  D  17 51 32.81857438   09 39 00.7283762  0.00000019 0.0000042   0.085  55488.6 44446.0 60856.7   4049 272557      1749+096
ICRF J175141.3-195047  1748-198     17 51 41.34374062  -19 50 47.5045397  0.00002030 0.0005991   0.155  58317.3 57098.3 60530.8      9    232      1748-198
ICRF J175142.6+292050  1749+293     17 51 42.68393830   29 20 50.2021317  0.00000303 0.0000626  -0.274  58326.9 53125.1 60715.1      7    685      1749+293
ICRF J175151.2-252400  1748-253     17 51 51.26256733  -25 24 00.0637698  0.00002258 0.0006495   0.273  57115.8 48110.0 60425.9     11    273      1748-253
ICRF J175211.6+731120  1753+731     17 52 11.69249653   73 11 20.5451749  0.00002451 0.0000841   0.309  57436.2 53559.8 58540.2      5    417      1753+731
ICRF J175214.6+061148  1749+062     17 52 14.66874548   06 11 48.1553193  0.00000322 0.0001075  -0.213  57423.6 53572.0 58942.4      5    465      1749+062
ICRF J175230.9-300106  1749-300     17 52 30.95011673  -30 01 06.6832213  0.00003370 0.0012583   0.167  59849.4 57973.7 60425.9      7    114      1749-300
ICRF J175233.1-295644  1749-299     17 52 33.10804546  -29 56 44.9183141  0.00003630 0.0012157  -0.030  58745.0 53551.8 60425.9     13    192      1749-299
ICRF J175236.9-101144  1749-101     17 52 36.97412083  -10 11 44.7308794  0.00000694 0.0002148  -0.257  56985.7 50575.3 58556.9      5    316      1749-101
ICRF J175246.0+173420  1750+175     17 52 46.00290383   17 34 20.3499853  0.00000245 0.0000671  -0.015  56562.0 50084.5 60497.5      7    644      1750+175
ICRF J175300.0-193438  1750-195     17 53 00.04546161  -19 34 38.7856159  0.00001772 0.0007069  -0.558  58968.0 58373.8 60323.7      8    247      1750-195
ICRF J175301.3+275059  1751+278     17 53 01.34590322   27 50 59.0181950  0.00001416 0.0002709   0.027  60363.6 59996.7 60448.8      2    122      1751+278
ICRF J175309.0-184338  1750-187     17 53 09.08863559  -18 43 38.5227034  0.00000644 0.0002287  -0.062  57593.7 53502.7 58921.9      7    450      1750-187
ICRF J175322.6+440945  1751+441     17 53 22.64789324   44 09 45.6861951  0.00000214 0.0000280  -0.040  54277.1 47930.6 60770.3     29   2032      1751+441
ICRF J175342.4+284804  1751+288  D  17 53 42.47364611   28 48 04.9389576  0.00000026 0.0000042   0.106  58516.3 47004.8 60852.8   1129 160898      1751+288
ICRF J175407.5+645202  1753+648     17 54 07.58997922   64 52 02.6307934  0.00001450 0.0000921  -0.079  57524.2 49826.5 58921.9      5    438      1753+648
ICRF J175417.5+045939  1751+050     17 54 17.52375172   04 59 39.5992468  0.00001321 0.0002791  -0.243  58609.7 53133.5 60152.8      6    283      1751+050
ICRF J175439.3-165801  1751-169     17 54 39.33520460  -16 58 01.7395463  0.00001687 0.0005090  -0.099  58592.2 57835.8 60259.3      6    264      1751-169
ICRF J175456.7-303144  1751-305     17 54 56.76847945  -30 31 44.1230206  0.00003817 0.0014998   0.063  60053.1 59522.9 60442.8      6    115      1751-305
ICRF J175511.2+335059  1753+338     17 55 11.24486897   33 50 59.7968420  0.00001221 0.0002690  -0.190  58148.2 57808.9 58803.0      5    299      1753+338
ICRF J175526.2-223210  1752-225     17 55 26.28455428  -22 32 10.6157173  0.00002218 0.0005878   0.205  58618.8 53133.5 60323.7     14    222      1752-225
ICRF J175535.5+202357  1753+204  D  17 55 35.52096740   20 23 57.1373933  0.00000147 0.0000396  -0.261  59136.2 50084.5 60760.8     26   1844      1753+204
ICRF J175548.4+623644  1755+626     17 55 48.43619236   62 36 44.1397907  0.00020574 0.0013023   0.374  58995.0 55370.8 60425.9     14    155      1755+626
ICRF J175551.1+045452  1753+049     17 55 51.15168930   04 54 52.5785616  0.00000910 0.0002577  -0.159  58552.6 52939.7 59816.3      7    396      1753+049
ICRF J175559.7+182021  1753+183     17 55 59.78218430   18 20 17.6671352  0.00000779 0.0001870   0.242  57574.9 50302.8 58677.2      7    306      NGC6500 
ICRF J175603.6+574847  1755+578     17 56 03.62831358   57 48 47.9972279  0.00001211 0.0000841   0.144  57659.4 49576.0 58592.8      7    386      1755+578
ICRF J175605.2+291416  1754+292     17 56 05.25148539   29 14 16.0580893  0.00000615 0.0001149  -0.134  58050.3 55453.7 59405.2      5    486      1754+292
ICRF J175625.8-142709  1753-144     17 56 25.86240107  -14 27 09.5639063  0.00000883 0.0003378  -0.070  57651.1 54087.1 58556.9      5    260      1753-144
ICRF J175633.7+155343  1754+159     17 56 33.72560947   15 53 43.8329668  0.00000298 0.0000702  -0.127  55648.4 50084.5 58633.8     21    508      1754+159
ICRF J175653.1+153520  1754+155  D  17 56 53.10214297   15 35 20.8264804  0.00000077 0.0000140   0.036  57429.0 52305.8 60670.8    338  10443      1754+155
ICRF J175715.6-414918  1753-418     17 57 15.67142659  -41 49 18.6833845  0.00001258 0.0004504   0.085  58491.8 55167.8 60497.5     10    243      1753-418
ICRF J175728.3+475724  1756+479     17 57 28.34373225   47 57 24.4210177  0.00000831 0.0001210  -0.361  60065.6 59693.1 60497.5      4    275      1756+479
ICRF J175746.3+753916  1759+756     17 57 46.35890053   75 39 16.1799571  0.00001791 0.0000753  -0.020  57958.4 56301.8 58540.2      5    574      1759+756
ICRF J175758.8+053148  1755+055     17 57 58.82514459   05 31 48.0257112  0.00000853 0.0003336  -0.180  58275.9 53125.1 60152.8      6    481      1755+055
ICRF J175823.0-234312  1755-237     17 58 23.01760925  -23 43 12.1083201  0.00024483 0.0042698  -0.471  59640.2 58631.3 60715.1      9     25      1755-237
ICRF J175834.1+061032  1756+061     17 58 34.11764813   06 10 32.9680281  0.00000420 0.0001402  -0.321  58106.3 53572.0 60152.8      6    573      1756+061
ICRF J175843.1-175749  1755-179     17 58 43.10642604  -17 57 49.4680784  0.00001710 0.0006135  -0.273  60018.3 59508.8 60323.7      5    188      1755-179
ICRF J175858.4-482112  1755-483     17 58 58.45724837  -48 21 12.5218788  0.00001173 0.0002663   0.252  58156.8 58009.8 58275.8      3     58      1755-483
ICRF J175900.3+234346  1756+237     17 59 00.35807128   23 43 46.9528377  0.00000418 0.0000969   0.252  56102.8 50084.5 60219.1      7    400      1756+237
ICRF J175957.2-150549  1757-150     17 59 57.24676462  -15 05 49.1500724  0.00005911 0.0012954   0.015  58981.7 57046.0 60406.0     10    207      1757-150
ICRF J180024.7+384830  1758+388  D  18 00 24.76536150   38 48 30.6974295  0.00000065 0.0000095   0.004  57796.7 49428.9 60824.8    294  13761      1758+388
ICRF J180045.6+782804  1803+784     18 00 45.68391784   78 28 04.0183978  0.00000123 0.0000035   0.084  54914.9 44342.5 60845.8   3208 377087      1803+784
ICRF J180104.2+043818  1758+046     18 01 04.24184484   04 38 18.2044718  0.00000340 0.0001067  -0.002  58086.5 53133.5 60152.8      6    593      1758+046
ICRF J180132.3+440421  1800+440     18 01 32.31481953   44 04 21.9002097  0.00000072 0.0000104   0.132  56757.0 48193.8 60747.8    207  12211      1800+440
ICRF J180225.1+455734  1801+459     18 02 25.14274422   45 57 34.6361214  0.00000762 0.0001101  -0.142  57598.7 50305.3 58942.4      5    474      1801+459
ICRF J180242.6-394007  1759-396  D  18 02 42.68004484  -39 40 07.9081960  0.00000076 0.0000118   0.048  58046.2 52305.8 60856.7   1338  19919      1759-396
ICRF J180309.4-043302  1800-045     18 03 09.42755475  -04 33 02.8014219  0.00000849 0.0002880  -0.187  58335.7 53502.7 60219.1      6    373      1800-045
ICRF J180316.9-274813  1800-278     18 03 16.99223467  -27 48 13.9773318  0.00001022 0.0003911  -0.387  58974.6 58490.7 60442.8      5    257      1800-278
ICRF J180323.4-650736  1758-651     18 03 23.49664448  -65 07 36.7613750  0.00000206 0.0000152   0.294  57932.6 48043.0 60856.7    599   5383      1758-651
ICRF J180333.6+093425  1801+095     18 03 33.65174880   09 34 25.9086639  0.00000532 0.0001567  -0.015  58437.4 57011.1 60623.9      7    603      1801+095
ICRF J180335.8+760108  1805+760     18 03 35.82115306   76 01 08.8921456  0.00003046 0.0001170  -0.343  58958.5 57950.4 60760.8      7    660      1805+760
ICRF J180356.2+034107  1801+036     18 03 56.28251460   03 41 07.6071605  0.00000338 0.0001168  -0.112  57794.4 55615.8 58512.3      5    498      1801+036
ICRF J180406.8-301735  1800-302     18 04 06.86874901  -30 17 35.5128852  0.00007629 0.0026307   0.240  59334.9 58340.4 60442.8      8    160      1800-302
ICRF J180415.9+010132  1801+010     18 04 15.98448129   01 01 32.4070329  0.00000598 0.0001703  -0.322  57762.7 49913.7 59347.8     21    452      1801+010
ICRF J180431.0-074719  1801-077     18 04 31.07317117  -07 47 19.6162137  0.00003176 0.0006575   0.239  58766.1 53522.9 60425.9      9    279      1801-077
ICRF J180531.1-043809  1802-046     18 05 31.11555940  -04 38 09.7212451  0.00003211 0.0008141   0.162  58662.8 53125.1 60530.8     10    224      1802-046
ICRF J180531.2-140844  1802-141     18 05 31.23749466  -14 08 44.6853639  0.00002668 0.0006144   0.009  59112.0 53551.8 60425.9     11    249      1802-141
ICRF J180541.6-380544  1802-381     18 05 41.64820097  -38 05 44.5255287  0.00003096 0.0009497  -0.751  59011.9 58121.7 60497.5     12    219      1802-381
ICRF J180547.4+171455  1803+172     18 05 47.43633589   17 14 55.9221305  0.00000285 0.0000796  -0.170  57370.8 53559.8 58712.2      5    507      1803+172
ICRF J180619.9+614118  1805+616     18 06 19.94591342   61 41 18.3300777  0.00000579 0.0000538  -0.053  58367.8 49576.0 60162.4      7    600      1805+616
ICRF J180646.5-372234  1803-373     18 06 46.50824128  -37 22 34.9185928  0.00000856 0.0003074  -0.050  59821.6 59297.8 60530.8      7    234      1803-373
ICRF J180650.6+694928  1807+698     18 06 50.68065651   69 49 28.1084741  0.00000075 0.0000037   0.092  56487.4 44342.5 60849.7   1641 207195      3C371   
ICRF J180731.7+310621  1805+310     18 07 31.75813244   31 06 21.5770142  0.00000446 0.0000886  -0.239  57987.3 53572.0 58803.0      5    372      1805+310
ICRF J180738.8+220456  1805+220     18 07 38.80613071   22 04 56.4113332  0.00000458 0.0001035  -0.161  57410.4 53560.9 58899.4      5    396      1805+220
ICRF J180740.6-250625  1804-251     18 07 40.68773652  -25 06 25.9436974  0.00001316 0.0005168  -0.057  58152.7 53133.5 60442.8      7    256      1804-251
ICRF J180749.8+052819  1805+054     18 07 49.84815836   05 28 19.6267718  0.00001913 0.0006664  -0.613  58055.0 57011.1 60530.8      7    234      1805+054
ICRF J180754.0-641350  1803-642     18 07 54.03275553  -64 13 50.1139978  0.00001116 0.0001070   0.261  58476.7 57987.7 59065.7     10    183      1803-642
ICRF J180813.8-501153  1804-502     18 08 13.83561361  -50 11 53.6111144  0.00000807 0.0001614   0.115  58188.1 58009.8 58289.8      6    135      1804-502
ICRF J180821.8+454220  1806+456     18 08 21.88589007   45 42 20.8663914  0.00000044 0.0000058   0.079  57922.2 49421.9 60740.8    567  45826      1806+456
ICRF J180855.5-182253  1805-183     18 08 55.51542393  -18 22 53.3943236  0.00005208 0.0013963   0.222  60636.6 60395.7 60715.1      2     61      1805-183
ICRF J180911.9+275811  1807+279     18 09 11.97859581   27 58 11.7999389  0.00000278 0.0000701  -0.099  56180.0 50218.8 59440.3      5    475      1807+279
ICRF J180957.8-455241  1806-458  D  18 09 57.87174664  -45 52 41.0140200  0.00000381 0.0000618   0.026  57327.8 49628.6 60770.3    104   1134      1806-458
ICRF J181003.3+564922  1809+568     18 10 03.31903816   56 49 22.9702144  0.00000435 0.0000445  -0.087  56981.4 49576.0 58592.8      5    483      1809+568
ICRF J181050.1+160820  1808+161     18 10 50.17080670   16 08 20.7667641  0.00006439 0.0024727   0.376  60546.8 60530.8 60554.7      2     24      1808+161
ICRF J181143.1+170457  1809+170     18 11 43.18346908   17 04 57.2575760  0.00000271 0.0000705  -0.127  57748.2 53133.5 60554.7      6    620      1809+170
ICRF J181157.0+521426  1810+522     18 11 57.07948321   52 14 26.7583315  0.00008581 0.0007887  -0.745  58892.4 58363.2 60497.5      8    119      1810+522
ICRF J181215.5-313256  1809-315     18 12 15.59347871  -31 32 56.7678102  0.00007391 0.0032477   0.198  59250.1 58363.2 60448.8      9    117      1809-315
ICRF J181240.1-283626  1809-286     18 12 40.19228465  -28 36 26.9426093  0.00000896 0.0002894   0.170  57666.8 53502.7 60314.3      6    349      1809-286
ICRF J181250.9-064825  1810-068     18 12 50.94679692  -06 48 25.2867949  0.00000736 0.0002519  -0.253  58565.5 50575.3 59894.2      9    271      1810-068
ICRF J181257.6+560349  1812+560     18 12 57.66948472   56 03 49.1999574  0.00000469 0.0000552  -0.115  57942.3 49576.0 60135.7      6    509      1812+560
ICRF J181314.6+430415  1811+430     18 13 14.68947848   43 04 15.6771623  0.00000559 0.0000852   0.030  56635.8 50241.8 58942.4      5    466      1811+430
ICRF J181333.4+061542  1811+062     18 13 33.41157777   06 15 42.0339450  0.00000268 0.0000869  -0.067  57786.8 49913.7 60675.9      7    488      1811+062
ICRF J181335.2+314417  1811+317     18 13 35.20280705   31 44 17.6197707  0.00000692 0.0002173  -0.146  60195.8 59894.2 60448.8      3    233      1811+317
ICRF J181337.2+295237  1811+298     18 13 37.26682504   29 52 37.8703905  0.00000626 0.0001371  -0.332  55942.2 50218.8 58921.9      5    413      1811+298
ICRF J181418.2+092052  1811+093     18 14 18.26594640   09 20 52.7511529  0.00000443 0.0000940  -0.218  59547.2 58672.7 60203.4      6    374      1811+093
ICRF J181422.7+411305  1812+412     18 14 22.70619074   41 13 05.6083436  0.00000594 0.0000903  -0.244  55387.7 50241.8 58658.7      8    358      1812+412
ICRF J181514.8+162346  1813+163     18 15 14.85446137   16 23 46.2950374  0.00000316 0.0000950  -0.187  58203.4 55775.7 59460.3      5    566      1813+163
ICRF J181536.7+612711  1815+614     18 15 36.79228574   61 27 11.6475930  0.00000650 0.0000580   0.036  58397.1 49576.0 60162.4      7    641      1815+614
ICRF J181605.2+030908  1813+031     18 16 05.20393948   03 09 08.6761248  0.00000962 0.0002741   0.067  59520.2 58672.7 59926.0      5    305      1813+031
ICRF J181623.9+345745  1814+349     18 16 23.90100265   34 57 45.7504240  0.00002429 0.0003143  -0.042  58327.0 50218.8 60472.1      7    303      1814+349
ICRF J181640.0-742907  1810-745     18 16 40.07822424  -74 29 07.3466884  0.00001709 0.0000873   0.142  58090.5 58029.7 59353.8      2    109      1810-745
ICRF J181657.0+530744  1815+531     18 16 57.07084316   53 07 44.4995940  0.00000640 0.0000728  -0.169  57481.9 49576.0 58592.8      6    379      1815+531
ICRF J181739.1+032857  1815+034     18 17 39.11030756   03 28 57.6830740  0.00002439 0.0006922  -0.610  58177.2 57098.3 60530.8      7    242      1815+034
ICRF J181819.3-110848  1815-111     18 18 19.31404419  -11 08 48.3168727  0.00003329 0.0005334   0.273  58773.7 53125.1 60425.9     12    132      1815-111
ICRF J181830.5+501719  1817+502     18 18 30.51925066   50 17 19.7436778  0.00000708 0.0000835  -0.235  56010.8 49576.0 58600.6      5    399      1817+502
ICRF J181840.0+090346  1816+090     18 18 40.06205665   09 03 46.2208214  0.00000456 0.0001535  -0.129  60610.6 60530.8 60675.9      2    151      1816+090
ICRF J181910.0+551108  1818+551     18 19 10.08558740   55 11 08.5531505  0.00001132 0.0001254  -0.158  58137.6 57274.7 58600.6      5    439      1818+551
ICRF J181917.4-025807  1816-029     18 19 17.40893105  -02 58 07.8689027  0.00001126 0.0001899   0.299  56718.9 50575.3 58512.3      9    316      1816-029
ICRF J181926.5+384501  1817+387     18 19 26.54735630   38 45 01.7859860  0.00000386 0.0000719  -0.073  57363.2 53133.5 59271.2      6    579      1817+387
ICRF J181935.0-634548  1814-637     18 19 35.00300947  -63 45 48.2108758  0.00003591 0.0003971  -0.591  56247.3 48161.5 58884.8      9     65      1814-637
ICRF J181936.8-203631  1816-206     18 19 36.89542403  -20 36 31.5744921  0.00006754 0.0012714   0.477  58981.4 57046.0 60406.0     11    190      1816-206
ICRF J181938.2+154344  1817+157     18 19 38.28931508   15 43 44.7277299  0.00000587 0.0001674  -0.238  58246.7 54087.1 60554.7      6    474      1817+157
ICRF J181945.3-552120  1815-553  D  18 19 45.39951226  -55 21 20.7454734  0.00000383 0.0000258   0.139  53361.5 47625.5 60144.8    445   2490      1815-553
ICRF J182057.8-252812  1817-254     18 20 57.84869644  -25 28 12.5838930  0.00000266 0.0000899  -0.098  56105.4 48803.9 59378.0     38   1237      1817-254
ICRF J182111.8-050220  1818-050     18 21 11.80956573  -05 02 20.0852371  0.00000917 0.0002153   0.325  57176.0 53502.7 58530.3      5    273      1818-050
ICRF J182159.4+681843  1822+682     18 21 59.49166629   68 18 43.0090545  0.00000941 0.0000581   0.029  57825.5 49826.5 58942.4      5    438      1822+682
ICRF J182159.7+394559  1820+397     18 21 59.70062182   39 45 59.6559958  0.00001829 0.0003111  -0.429  57114.8 50241.8 58803.0      5    280      1820+397
ICRF J182203.0+825720  1828+829     18 22 03.05815074   82 57 20.6752977  0.00004781 0.0000813  -0.229  58151.9 53789.1 58871.4      6    531      1828+829
ICRF J182209.9+160014  1819+159     18 22 09.96895463   16 00 14.8435016  0.00000266 0.0000749   0.026  55884.1 50084.5 58746.6      6    392      1819+159
ICRF J182314.1+793849  1826+796     18 23 14.10833884   79 38 49.0013802  0.00001984 0.0000526   0.283  53267.3 47019.0 60295.4     31    963      1826+796
ICRF J182319.6-272626  1820-274     18 23 19.65189834  -27 26 26.4081145  0.00012175 0.0030287  -0.195  58592.0 50631.3 60448.8     15    127      1820-274
ICRF J182332.8+685752  1823+689  D  18 23 32.85390670   68 57 52.6124762  0.00000262 0.0000173   0.082  57989.2 49826.5 60799.7    138   5385      1823+689
ICRF J182402.8+104423  1821+107     18 24 02.85525027   10 44 23.7739926  0.00000137 0.0000391  -0.157  55209.8 45465.3 60852.8    104   2428      1821+107
ICRF J182403.9+112737  1821+114     18 24 03.94795713   11 27 37.7028838  0.00000428 0.0001262  -0.253  57695.7 53572.0 58746.6      5    421      1821+114
ICRF J182407.0+565101  1823+568     18 24 07.06837421   56 51 01.4908419  0.00000078 0.0000075   0.079  56240.8 44342.5 60845.8    359  19342      1823+568
ICRF J182432.0+032205  1822+033     18 24 32.06621850   03 22 05.9359067  0.00000741 0.0002476  -0.450  57591.9 54313.8 58530.3      5    352      1822+033
ICRF J182448.1+011934  1822+012     18 24 48.14343245   01 19 34.2017010  0.00000267 0.0000886  -0.330  57569.4 52939.7 59358.6     12    610      1822+012
ICRF J182455.9-324258  1821-327     18 24 55.93084890  -32 42 58.3601570  0.00001016 0.0003380   0.010  60001.1 59586.9 60448.8      6    209      1821-327
ICRF J182459.0+061350  1822+062     18 24 59.08044563   06 13 50.5901860  0.00011409 0.0014555  -0.155  60352.4 59867.7 60675.9      4     61      1822+062
ICRF J182513.8-523058  1821-525     18 25 13.80941427  -52 30 58.2818793  0.00001284 0.0002886  -0.124  58195.6 58009.8 58275.8      3     54      1821-525
ICRF J182536.5-171849  1822-173     18 25 36.53228324  -17 18 49.8471825  0.00001197 0.0003406   0.075  57688.1 51731.8 60406.0      8    281      1822-173
ICRF J182537.6-073730  1822-076     18 25 37.60954887  -07 37 30.0132215  0.00000947 0.0002356   0.247  56582.5 52305.8 58530.3      6    270      1822-076
ICRF J182541.5+575305  1824+578     18 25 41.59868762   57 53 05.9590004  0.00001599 0.0001341   0.070  58100.1 53559.8 60715.1      6    375      1824+578
ICRF J182608.1-365049  1822-368     18 26 08.13489085  -36 50 49.7263874  0.00000792 0.0002666   0.178  57552.4 53152.3 60203.4      6    250      1822-368
ICRF J182617.7+183152  1824+185     18 26 17.71021577   18 31 52.8917557  0.00001096 0.0001682   0.068  57491.9 50084.5 58746.6      6    254      1824+185
ICRF J182620.5-292424  1823-294     18 26 20.59910392  -29 24 24.9525986  0.00000533 0.0001783   0.159  56997.9 53502.7 59271.2      7    430      1823-294
ICRF J182625.0+014940  1823+017     18 26 25.06113744   01 49 40.1195270  0.00000415 0.0001226  -0.309  56942.5 53551.8 58530.3      5    407      1823+017
ICRF J182637.5+670644  1826+670     18 26 37.53830544   67 06 44.7164270  0.00003418 0.0002261   0.174  58936.6 57406.7 60799.7     10    239      1826+670
ICRF J182659.9+343114  1825+344     18 26 59.98281869   34 31 14.1199608  0.00000469 0.0000895  -0.473  56518.5 50218.8 58829.4      5    511      1825+344
ICRF J182710.2-453309  1823-455     18 27 10.23809902  -45 33 09.9661558  0.00001698 0.0006198  -0.148  58098.7 52305.8 60530.8      8    168      1823-455
ICRF J182720.1+263824  1825+266     18 27 20.13458181   26 38 24.1518490  0.00000539 0.0001269  -0.041  57824.9 54111.8 58921.9      5    355      1825+266
ICRF J182745.0-040544  1825-041     18 27 45.04054869  -04 05 44.5757658  0.00000830 0.0002252  -0.026  57120.7 50575.3 60323.7     10    477      1825-041
ICRF J182755.4+265805  1825+269     18 27 55.42495278   26 58 05.9180022  0.00000640 0.0001481  -0.224  56782.4 50218.8 58921.9      5    415      1825+269
ICRF J182809.8+643416  1827+645     18 28 09.85768678   64 34 16.0337368  0.00005351 0.0002803   0.537  57090.5 49826.5 58942.4      5    310      1827+645
ICRF J182819.4-212338  1825-214     18 28 19.48701809  -21 23 38.7701222  0.00002476 0.0005466  -0.001  58822.3 54656.8 60406.0     14    237      1825-214
ICRF J182830.6+262639  1826+264     18 28 30.64058690   26 26 39.5881213  0.00000382 0.0000881  -0.138  60463.8 60354.8 60602.5      2    225      1826+264
ICRF J182832.4+082010  1826+083     18 28 32.41328851   08 20 10.8804950  0.00001144 0.0004458  -0.308  58710.9 57098.3 60203.4      9    252      1826+083
ICRF J182840.1-053050  1825-055     18 28 40.15325558  -05 30 50.8624589  0.00002244 0.0005428  -0.364  59099.0 53991.8 60442.8     10    262      1825-055
ICRF J182843.5-304414  1825-307     18 28 43.41598258  -30 44 13.6129321  0.00021825 0.0090769  -0.634  59510.4 58363.2 60448.8      5     10      1825-307
ICRF J182912.4-581355  1824-582     18 29 12.40235715  -58 13 55.1618625  0.00000438 0.0000438   0.241  57907.6 53222.4 60499.7     82    803      1824-582
ICRF J182921.2+051813  1826+052     18 29 21.26057007   05 18 13.1457155  0.00000745 0.0002202  -0.108  57886.7 53572.0 58540.2      5    258      1826+052
ICRF J182928.9-390400  1826-391     18 29 28.90325848  -39 04 00.3814801  0.00001308 0.0004595  -0.043  58653.0 53152.3 60530.8     11    217      1826-391
ICRF J182931.7+484446  1828+487     18 29 31.78094507   48 44 46.1609036  0.00000289 0.0000388  -0.206  57318.9 53551.8 58942.4      5    514      3C380   
ICRF J182956.5+395734  1828+399     18 29 56.52018018   39 57 34.7035783  0.00000331 0.0000576  -0.175  56350.0 50241.8 58829.4      5    539      1828+399
ICRF J183000.7+132414  1827+133     18 30 00.76267720   13 24 14.3344272  0.00000615 0.0001878   0.083  60524.2 60323.7 60675.9      2    130      1827+133
ICRF J183000.8-444111  1826-447     18 30 00.86978972  -44 41 11.6772269  0.00001356 0.0005186  -0.193  58591.5 55167.8 60530.8     10    214      1826-447
ICRF J183005.9+061915  1827+062     18 30 05.93984796   06 19 15.9521853  0.00000247 0.0000783  -0.276  56287.2 49913.7 58540.2      5    408      1827+062
ICRF J183100.0-271406  1827-272     18 31 00.04477118  -27 14 06.1813474  0.00000513 0.0001810  -0.122  58090.8 53767.8 59378.0      8    503      1827-272
ICRF J183114.8+290710  1829+290     18 31 14.85962470   29 07 10.2952302  0.00002278 0.0002642   0.079  58594.4 50218.8 60259.3      9    259      1829+290
ICRF J183118.8+220012  1829+219     18 31 18.89194158   22 00 12.3321850  0.00002099 0.0003062  -0.386  57656.0 50155.3 58942.4      6    323      1829+219
ICRF J183123.1-184334  1828-187     18 31 23.14172852  -18 43 34.8458691  0.00006505 0.0009332   0.578  59453.9 58136.6 60764.6     10    225      1828-187
ICRF J183137.2-225928  1828-230     18 31 37.27112656  -22 59 28.2855309  0.00000635 0.0002300  -0.321  58246.4 57943.2 58644.9      4    272      1828-230
ICRF J183205.0+804941  1836+807     18 32 05.00816064   80 49 41.7800934  0.00014306 0.0002789   0.246  58291.5 53780.1 58871.4      7    333      1836+807
ICRF J183211.0-203948  1829-207     18 32 11.04652009  -20 39 48.2031055  0.00001048 0.0002542   0.478  56500.8 50631.3 59320.9     13    338      1829-207
ICRF J183220.8-103511  1829-106     18 32 20.83792867  -10 35 11.2341928  0.00015143 0.0019309   0.030  58091.3 51731.8 60442.8     14     24      1829-106
ICRF J183235.5+684807  1832+687     18 32 35.52290825   68 48 07.1463471  0.00010489 0.0003308  -0.595  58210.9 55482.7 60219.1      6    278      1832+687
ICRF J183240.0+011816  1830+012     18 32 40.09376114   01 18 16.4732193  0.00000571 0.0001834  -0.063  57606.4 53125.1 58540.2      5    346      1830+012
ICRF J183241.9+073155  1830+074     18 32 41.98907804   07 31 55.1265158  0.00000260 0.0000891  -0.196  56670.1 49913.7 58540.2      5    505      1830+074
ICRF J183243.4+135744  1830+139     18 32 43.47109517   13 57 44.4003680  0.00000248 0.0000730  -0.077  56226.4 50084.5 60323.7     10    619      1830+139
ICRF J183250.1+283335  1830+285     18 32 50.18562598   28 33 35.9551778  0.00000196 0.0000389  -0.353  53612.5 48356.8 59016.7     31   1568      1830+285
ICRF J183307.7+011535  1830+011     18 33 07.76084414   01 15 35.3014312  0.00000272 0.0000889  -0.142  57914.7 57046.0 58551.2      4    427      LANA    
ICRF J183326.7+472646  1832+474     18 33 26.75504525   47 26 46.2207276  0.00001363 0.0001925   0.160  60043.7 59707.7 60530.8      4    228      1832+474
ICRF J183339.8-210340  1830-211     18 33 39.88285816  -21 03 40.6213095  0.00002691 0.0008119  -0.261  57302.1 50631.3 59295.7      7     30      1830-21A
ICRF J183339.8-210341  1830-21B     18 33 39.88301826  -21 03 40.6112767  0.00003174 0.0009357  -0.428  57197.6 48803.9 59795.8      6     43      1830-21B
ICRF J                 1830-211     18 33 39.88330929  -21 03 40.6110085  0.00005536 0.0017989  -0.758  59633.8 59633.8 59633.8      1     23      1830-211
ICRF J183412.1+205140  1832+208     18 34 12.14332125   20 51 40.8385755  0.00001980 0.0003991  -0.532  58512.7 57868.7 60530.8      6    268      1832+208
ICRF J183414.0-030119  1831-030     18 34 14.07465445  -03 01 19.6272747  0.00001298 0.0002731   0.058  57630.9 53133.5 60259.3      7    271      1831-030
ICRF J183418.1+313624  1832+315     18 34 18.14499243   31 36 24.4623795  0.00000256 0.0000526  -0.018  60653.6 60354.8 60799.7      3    416      1832+315
ICRF J183419.2-123740  1831-126     18 34 19.21035595  -12 37 40.8118789  0.00026362 0.0047418  -0.674  60388.2 59867.7 60770.3      5     43      1831-126
ICRF J183427.3+050603  1831+050     18 34 27.31141960   05 06 03.9645924  0.00000419 0.0001205  -0.057  58155.9 53559.8 60675.9      6    506      1831+050
ICRF J183427.4-585636  1830-589     18 34 27.47243382  -58 56 36.2733320  0.00005162 0.0003421   0.298  58653.5 57103.0 60020.8      9     56      1830-589
ICRF J183442.2-234159  1831-237     18 34 42.28549033  -23 41 59.6701280  0.00000970 0.0003247   0.076  58527.6 58304.5 59586.9      5    251      1831-237
ICRF J183453.1-731514  1828-733     18 34 53.19782778  -73 15 14.3334830  0.00011510 0.0006381  -0.304  56498.5 54722.8 58884.8      4     18      1828-733
ICRF J183503.3+324146  1833+326     18 35 03.38960483   32 41 46.8569906  0.00000507 0.0000859   0.136  58365.5 50218.8 60799.7      8    797      1833+326
ICRF J183519.5-111559  1832-113     18 35 19.57575377  -11 15 59.3126699  0.00003104 0.0006362   0.405  58726.8 55537.7 60442.8     10    240      1832-113
ICRF J183519.6+611940  1834+612     18 35 19.67523606   61 19 40.0148921  0.00000372 0.0000389   0.042  58590.7 49576.0 60799.7      9   1080      1834+612
ICRF J183537.2-714958  1829-718     18 35 37.20385555  -71 49 58.2174781  0.00053146 0.0028465   0.457  51512.2 48765.9 57987.7      5     16      1829-718
ICRF J183546.2+240750  1833+240     18 35 46.27250951   24 07 50.8299709  0.00000391 0.0000996  -0.067  57951.4 53551.8 60602.5      7    680      1833+240
ICRF J183558.3+250645  1833+250     18 35 58.37524624   25 06 45.4072456  0.00001803 0.0003281  -0.488  58359.0 57868.7 58942.4      5    270      1833+250
ICRF J183611.7+084618  1833+087     18 36 11.72417769   08 46 18.2815334  0.00000613 0.0002086   0.039  59757.2 58672.7 60162.4      7    583      1833+087
ICRF J183621.2+313626  1834+315     18 36 21.24013601   31 36 26.7291641  0.00000566 0.0001336  -0.273  60663.7 60472.1 60799.7      3    337      1834+315
ICRF J183705.5-691733  1831-693     18 37 05.56394905  -69 17 33.3296315  0.00014151 0.0011918   0.353  54722.8 54722.8 54722.8      1      9      1831-693
ICRF J183724.5-331908  1834-333     18 37 24.50845034  -33 19 08.7612820  0.00000903 0.0003195   0.073  59381.8 58381.5 60472.1      7    218      1834-333
ICRF J183728.7-710843  1831-711  D  18 37 28.71496995  -71 08 43.5544698  0.00000359 0.0000240   0.161  57645.5 47625.5 60710.7    106   2572      1831-711
ICRF J183737.6-153244  1834-155     18 37 37.67187802  -15 32 44.0438053  0.00009509 0.0019215   0.362  58864.1 57046.0 60425.9     10    132      1834-155
ICRF J183755.4-215717  1834-219     18 37 55.44277604  -21 57 17.2065760  0.00002842 0.0007900   0.048  58552.4 56808.7 60425.9      8    294      1834-219
ICRF J183822.9+062808  1835+064     18 38 22.91210546   06 28 08.7145456  0.00000463 0.0001607  -0.170  57431.3 49913.7 58551.2      5    436      1835+064
ICRF J183828.4-342741  1835-345     18 38 28.49697600  -34 27 41.7576617  0.00000927 0.0003294   0.265  58182.2 53522.9 59742.1      7    309      1835-345
ICRF J183837.6+325351  1836+328     18 38 37.66327460   32 53 51.0368397  0.00001010 0.0001970  -0.058  60235.1 59911.6 60472.1      3    274      1836+328
ICRF J183837.6-183355  1835-186     18 38 37.69163320  -18 33 55.2595188  0.00000591 0.0002022  -0.229  58041.7 56808.7 58669.6      5    335      1835-186
ICRF J183845.1-185330  1835-189     18 38 45.10931901  -18 53 30.7007938  0.00004420 0.0012895  -0.087  58936.3 58143.4 60425.9     10    131      1835-189
ICRF J183848.8+040424  1836+040     18 38 48.82901541   04 04 24.6676752  0.00000326 0.0001004  -0.094  57269.7 49913.7 58551.2      5    411      1836+040
ICRF J183849.1+480234  1837+479     18 38 49.15502867   48 02 34.2746163  0.00002141 0.0003463  -0.124  59116.6 58272.3 60530.8      6    254      1837+479
ICRF J183854.8+092727  1836+094     18 38 54.83526134   09 27 27.8967486  0.00000338 0.0001097  -0.259  57447.1 53125.1 58556.9      5    511      1836+094
ICRF J183858.5+573539  1838+575     18 38 58.56185141   57 35 39.2856292  0.00001497 0.0001416  -0.281  58163.9 57406.7 58600.6      5    422      1838+575
ICRF J183903.6-292048  1835-293     18 39 03.60315208  -29 20 48.6241466  0.00000732 0.0002036  -0.125  58452.4 57609.7 59642.1      7    315      1835-293
ICRF J183905.8+410059  1837+409     18 39 05.80375653   41 00 59.0926462  0.00000854 0.0001198  -0.126  58200.2 54111.8 60135.7      6    491      1837+409
ICRF J184003.4+245741  1838+249     18 40 03.44282074   24 57 41.2132704  0.00000435 0.0001137  -0.151  59669.7 58756.7 60259.3      6    537      1838+249
ICRF J184022.7+312834  1838+314     18 40 22.77384944   31 28 34.7121341  0.00000471 0.0001101  -0.243  60247.2 59911.6 60472.1      3    276      1838+314
ICRF J184026.0-270359  1837-271     18 40 26.00285851  -27 03 59.5356301  0.00001605 0.0005754   0.027  59148.1 58326.5 60472.1      8    318      1837-271
ICRF J184057.1+390045  1839+389     18 40 57.15422617   39 00 45.7240779  0.00000394 0.0000694   0.049  55134.2 50241.8 58679.7      9    479      1839+389
ICRF J184057.3+545215  1839+548     18 40 57.37669760   54 52 15.9107175  0.00000783 0.0000887  -0.203  57787.7 49576.0 59358.6     10    469      1839+548
ICRF J184115.0+371151  1839+371     18 41 15.08910695   37 11 51.4079841  0.00000641 0.0001477  -0.193  60123.0 59911.6 60323.7      3    216      1839+371
ICRF J184121.7+290941  1839+291     18 41 21.72006013   29 09 41.0289584  0.00001150 0.0002704  -0.197  60538.2 60485.9 60602.5      2    203      1839+291
ICRF J184208.9+794617  1845+797     18 42 08.98986823   79 46 17.1282831  0.00001679 0.0000462  -0.344  53025.7 44202.9 59951.1     39   1027      3C390.3 
ICRF J184233.6+680925  1842+681     18 42 33.64168970   68 09 25.2277708  0.00000161 0.0000097  -0.088  56679.7 44342.5 60824.8    163  10761      1842+681
ICRF J184307.9+444951  1841+447     18 43 07.91742927   44 49 51.5221293  0.00000939 0.0001091  -0.158  58074.0 53125.1 60135.7      6    512      1841+447
ICRF J184314.6-483623  1839-486     18 43 14.61830498  -48 36 23.2003629  0.00008337 0.0010609   0.216  59198.3 58554.7 59971.8      4     12      1839-486
ICRF J184329.2+322527  1841+323     18 43 29.25773051   32 25 27.5569808  0.00000749 0.0001750  -0.247  59383.2 58756.7 59926.0      5    383      1841+323
ICRF J184407.2+131228  1841+131     18 44 07.26242012   13 12 28.0418195  0.00000382 0.0001138  -0.154  57729.3 50084.5 60323.7      7    466      1841+131
ICRF J184418.0+114024  1841+116     18 44 18.01810104   11 40 24.4170115  0.00001011 0.0003376  -0.600  57999.8 53560.9 58746.6      5    360      1841+116
ICRF J184442.6+161411  1842+161     18 44 42.60864381   16 14 11.0741028  0.00000558 0.0001598  -0.413  60415.2 60193.8 60602.5      3    239      1842+161
ICRF J184445.1-202944  1841-205     18 44 45.11382146  -20 29 44.2049601  0.00002085 0.0006432  -0.033  59186.9 57596.8 60764.6     12    310      1841-205
ICRF J184450.2-132444  1842-134     18 44 50.28162209  -13 24 44.3982900  0.00002105 0.0004958   0.204  58507.7 56808.7 60448.8      7    296      1842-134
ICRF J184450.9+013717  1842+015     18 44 50.96432389   01 37 17.5500639  0.00005058 0.0008150   0.273  58987.6 57803.9 60323.7     11    230      1842+015
ICRF J184511.1+400751  1843+400     18 45 11.13150586   40 07 51.5782430  0.00000662 0.0000904   0.139  57864.4 50021.8 60135.7      9    495      1843+400
ICRF J184535.1+354116  1843+356     18 45 35.10882370   35 41 16.7264903  0.00000400 0.0000694  -0.039  56539.1 50241.8 58829.4      5    443      1843+356
ICRF J184537.6+095345  1843+098     18 45 37.60072456   09 53 45.0027556  0.00000472 0.0001312  -0.229  60245.3 60193.8 60323.7      2    179      1843+098
ICRF J184539.9-220036  1842-220     18 45 39.90284305  -22 00 36.5789712  0.00000793 0.0002063  -0.242  57726.2 53551.8 58677.2      9    307      1842-220
ICRF J184551.3-285240  1842-289     18 45 51.36829299  -28 52 40.2763392  0.00000375 0.0000883   0.038  57319.6 53152.3 60535.7     20    629      1842-289
ICRF J184603.7-000338  1843-001     18 46 03.78229552  -00 03 38.2539936  0.00003234 0.0008871   0.338  58745.0 55412.8 60323.7     10    194      1843-001
ICRF J184604.3+203610  1843+205     18 46 04.34938640   20 36 10.3506983  0.00001059 0.0002941  -0.312  58140.8 52939.7 59460.3      6    495      1843+205
ICRF J184606.3-065127  1843-069     18 46 06.30047212  -06 51 27.7470413  0.00002425 0.0005127   0.013  58687.1 53133.5 60448.8     10    248      1843-069
ICRF J184712.6+081035  1844+081     18 47 12.66041628   08 10 35.3886492  0.00000293 0.0000876  -0.117  57065.6 49913.7 59440.3      5    497      1844+081
ICRF J184723.9-162302  1844-164     18 47 23.92780558  -16 23 02.3478398  0.00001729 0.0005611   0.182  59447.5 57973.7 60442.8      9    137      1844-164
ICRF J184822.0+321902  1846+322  D  18 48 22.08857357   32 19 02.6037456  0.00000032 0.0000049   0.040  57903.7 50218.8 60856.7   1166  78113      1846+322
ICRF J184834.3+324400  1846+326     18 48 34.36113668   32 44 00.1401275  0.00000252 0.0000510  -0.249  58073.0 50218.8 60799.7      8    834      1846+326
ICRF J184836.5+213158  1846+214     18 48 36.50347778   21 31 58.5090188  0.00001516 0.0003351  -0.269  58051.1 56874.5 59508.8      5    369      1846+214
ICRF J184847.5-271818  1845-273     18 48 47.50416513  -27 18 18.0720721  0.00000359 0.0001294  -0.029  57765.1 54600.8 59271.2      8    460      1845-273
ICRF J184916.0+670541  1849+670  D  18 49 16.07228809   67 05 41.6802659  0.00000073 0.0000043   0.037  57762.7 48648.8 60845.8    588  77737      1849+670
ICRF J184919.4-164723  1846-168     18 49 19.46603975  -16 47 23.8196132  0.00024505 0.0052332   0.257  60001.9 57973.7 60764.6      8     29      1846-168
ICRF J184920.1+302414  1847+303     18 49 20.10341099   30 24 14.2370761  0.00000291 0.0000719  -0.171  57063.6 50218.8 58871.4      6    560      1847+303
ICRF J184931.7+274800  1847+277     18 49 31.73457493   27 48 00.7225294  0.00000703 0.0001804  -0.300  60137.3 59776.7 60485.9      4    341      1847+277
ICRF J185022.2+495921  1849+499     18 50 22.24027924   49 59 21.4491150  0.00001033 0.0001214  -0.141  58268.1 50305.3 60135.7      6    361      1849+499
ICRF J185027.5+282513  1848+283     18 50 27.58985780   28 25 13.1557074  0.00000210 0.0000419  -0.138  57603.4 50218.8 58700.7      8    631      1848+283
ICRF J185051.1-255542  1847-259     18 50 51.11069369  -25 55 42.6932981  0.00000806 0.0002713  -0.307  59439.0 57609.7 60764.6     13    366      1847-259
ICRF J185134.6-395050  1848-399     18 51 34.64970594  -39 50 50.1205664  0.00008390 0.0026528   0.186  59806.9 59440.3 60323.7      7     94      1848-399
ICRF J185146.7+003532  1849+005     18 51 46.72390456   00 35 32.3532266  0.00040943 0.0059559  -0.917  58953.3 52408.7 60715.1     13     27      1849+005
ICRF J185152.3+610038  1851+609     18 51 52.36079658   61 00 38.7779588  0.00000789 0.0000684  -0.041  58759.4 49576.0 60834.1      8    713      1851+609
ICRF J185228.5+485547  1851+488     18 52 28.54781084   48 55 47.4812751  0.00000111 0.0000140   0.072  59616.8 50305.3 60852.8    213   6328      1851+488
ICRF J185230.3+401906  1850+402     18 52 30.37256323   40 19 06.6084565  0.00000387 0.0000584  -0.036  56054.6 50241.8 58512.3      5    441      1850+402
ICRF J185247.8-243343  1849-246     18 52 47.81450939  -24 33 43.1996868  0.00001746 0.0005704  -0.391  58185.7 56808.7 60442.8      8    240      1849-246
ICRF J185250.5+142639  1850+143     18 52 50.58049187   14 26 39.6993278  0.00000498 0.0001689  -0.582  57757.8 54087.1 58794.6      5    430      1850+143
ICRF J185317.9-362842  1849-365     18 53 17.92002362  -36 28 42.1688809  0.00001944 0.0005949   0.497  58104.3 52305.8 60323.7      9    280      1849-365
ICRF J185326.7+331056  1851+331     18 53 26.78714747   33 10 56.1342016  0.00000446 0.0000982  -0.370  57980.4 53560.9 58871.4      6    495      1851+331
ICRF J185327.6+234435  1851+236     18 53 27.62799180   23 44 35.5301961  0.00000466 0.0001361  -0.383  58160.3 53522.9 60295.4      6    592      1851+236
ICRF J185330.7+534818  1852+537     18 53 30.72924627   53 48 18.6834208  0.00010387 0.0012194   0.028  60069.0 59693.1 60530.8      4     79      1852+537
ICRF J185404.3-153913  1851-157     18 54 04.33205487  -15 39 13.2012898  0.00000648 0.0002237   0.079  56972.7 53551.8 60118.4      6    382      1851-157
ICRF J185416.4-161138  1851-162     18 54 16.46644521  -16 11 38.6228782  0.00000717 0.0002476  -0.418  57849.8 55041.8 58621.5      5    276      1851-162
ICRF J185457.2+735119  1856+737     18 54 57.29992383   73 51 19.9069798  0.00000666 0.0000333   0.100  54087.4 47010.4 60406.0     32   1060      1856+736
ICRF J185527.7+374256  1853+376     18 55 27.70680427   37 42 56.9660922  0.00000597 0.0001340  -0.469  57082.9 50241.8 58871.4      6    525      1853+376
ICRF J185535.4+025119  1853+027     18 55 35.43648183   02 51 19.5649010  0.00001654 0.0003507   0.244  58805.5 52305.8 60406.0     13    259      1853+027
ICRF J185536.2-272707  1852-275     18 55 36.25942171  -27 27 07.5502169  0.00002137 0.0007906   0.124  58746.7 53152.3 60472.1     10    291      1852-275
ICRF J185554.4-120957  1853-122     18 55 54.44545800  -12 09 57.9672535  0.00000489 0.0001638   0.194  58124.9 53502.7 60770.3     11    685      1853-122
ICRF J185556.3-175442  1853-179     18 55 56.37867246  -17 54 42.9361312  0.00001218 0.0004033   0.006  58342.1 53152.3 60448.8      9    290      1853-179
ICRF J185631.8+061016  1854+061     18 56 31.83879627   06 10 16.7659462  0.00001648 0.0003451   0.382  58602.0 52305.8 60406.0     11    223      1854+061
ICRF J185636.4-223616  1853-226     18 56 36.46348230  -22 36 16.7212636  0.00001027 0.0002302   0.155  58189.8 53522.9 58746.6     10    347      1853-226
ICRF J185700.4-532500  1852-534     18 57 00.45231226  -53 25 00.3798151  0.00002914 0.0002672   0.454  57784.9 50988.8 58653.8     16    114      1852-534
ICRF J185715.6-205828  1854-210     18 57 15.67549658  -20 58 28.8100899  0.00000837 0.0001587   0.070  58370.2 57596.8 58746.6      7    357      1854-210
ICRF J185725.5+162455  1855+163     18 57 25.59556616   16 24 55.8404742  0.00000409 0.0001148   0.072  57848.3 54111.8 58794.6      5    472      1855+163
ICRF J185802.3+031316  1855+031     18 58 02.35275628   03 13 16.3012795  0.00003071 0.0005148  -0.434  58185.2 53977.8 60406.0     11    140      1855+031
ICRF J185819.0-251050  1855-252     18 58 19.07778236  -25 10 50.7155930  0.00000414 0.0001475  -0.062  58747.3 53152.3 60770.3      9    606      1855-252
ICRF J185905.0-250947  1856-252     18 59 05.03809788  -25 09 47.1091346  0.00000421 0.0000814   0.056  58124.5 54817.8 58794.6     10    532      1856-252
ICRF J185940.3-012148  1857-014     18 59 40.37329769  -01 21 48.3613115  0.00002066 0.0004951  -0.182  58455.0 56817.4 60406.0      6    304      1857-014
ICRF J190034.6+272230  1858+273     19 00 34.67732694   27 22 30.9159476  0.00000490 0.0001225   0.103  58044.5 50218.8 60295.4      6    526      1858+273
ICRF J190048.5+270157  1858+269     19 00 48.51391860   27 01 57.5713005  0.00000391 0.0000904  -0.058  57423.2 50218.8 58512.3      5    457      1858+269
ICRF J190104.4-211201  1858-212     19 01 04.45395328  -21 12 01.1656066  0.00000418 0.0001561  -0.112  58113.8 56808.7 58794.6      5    395      1858-212
ICRF J190106.0-173841  1858-177     19 01 06.02513042  -17 38 41.1246207  0.00000496 0.0001603  -0.204  58425.5 57659.8 58794.6      6    318      1858-177
ICRF J190110.3+862353  1915+863     19 01 10.34780159   86 23 53.8767619  0.00083486 0.0008973   0.088  58564.9 57950.4 60530.8      8    233      1915+863
ICRF J190132.1-252814  1858-255     19 01 32.12634822  -25 28 14.2284530  0.00000578 0.0001433   0.002  57929.3 53502.7 58794.6     10    484      1858-255
ICRF J190146.1-141626  1858-143     19 01 46.14685170  -14 16 26.6842074  0.00037065 0.0067806  -0.494  59273.8 58203.3 60448.8     10     47      1858-143
ICRF J190226.5-045802  1859-050     19 02 26.55701717  -04 58 02.3540786  0.00001792 0.0004705  -0.064  57942.8 56817.4 58540.2      5    262      1859-050
ICRF J190255.9+315941  1901+319     19 02 55.93890118   31 59 41.7017067  0.00000137 0.0000212  -0.175  53584.9 48102.5 60549.7     89   3216      3C395   
ICRF J190311.6+554038  1902+556     19 03 11.60740984   55 40 38.4489411  0.00000858 0.0000971   0.036  59129.2 49576.0 60554.7      8    683      1902+556
ICRF J190353.0+014526  1901+016     19 03 53.06321420   01 45 26.3087768  0.00001100 0.0002405   0.023  57277.8 54075.8 58592.8      5    285      1901+016
ICRF J190414.3+153638  1901+155     19 04 14.36113589   15 36 38.4513570  0.00000419 0.0000960  -0.055  56787.4 50084.5 58794.6     31    342      1901+155
ICRF J190511.9-253803  1902-257     19 05 11.98442299  -25 38 03.5303894  0.00000632 0.0000895   0.094  58558.3 58141.7 58803.0      6    391      1902-257
ICRF J190528.5-115332  1902-119     19 05 28.58786547  -11 53 32.4146932  0.00000426 0.0001325   0.165  58659.5 53502.7 60770.3      7    483      1902-119
ICRF J190536.4+194308  1903+196     19 05 36.47210245   19 43 08.0451434  0.00000347 0.0000922  -0.247  57593.8 53551.8 59230.1      7    570      1903+196
ICRF J190539.8+095208  1903+097     19 05 39.89896327   09 52 08.4071576  0.00000720 0.0002017  -0.156  57744.9 56637.8 58592.8      5    310      1903+097
ICRF J190711.9+012708  1904+013     19 07 11.99615493   01 27 08.9615168  0.00000838 0.0001832  -0.027  57617.6 49913.7 59358.6      9    346      1904+013
ICRF J190806.2+222234  1905+222     19 08 06.21083105   22 22 34.1474560  0.00000294 0.0000754  -0.057  57517.9 53560.9 60530.8     10    934      1905+222
ICRF J190829.4-294216  1905-297     19 08 29.43325158  -29 42 16.9427764  0.00000767 0.0001584   0.093  57708.3 54558.7 58576.8      9    344      1905-297
ICRF J190848.4-250929  1905-252     19 08 48.43923715  -25 09 29.3721164  0.00001362 0.0005327   0.159  58911.4 53152.3 60770.3     10    397      1905-252
ICRF J190849.5+423528  1907+425     19 08 49.55673763   42 35 28.9001318  0.00001381 0.0002549  -0.135  58010.2 53125.1 58512.3      5    363      1907+425
ICRF J190918.9+781329  1911+781     19 09 18.96052380   78 13 29.8603246  0.00028934 0.0010901  -0.079  58892.9 57970.2 60530.8     10    234      1911+781
ICRF J190945.1-213935  1906-217     19 09 45.15454704  -21 39 35.3993373  0.00000419 0.0000651   0.087  58086.9 54087.1 58803.0     10    581      1906-217
ICRF J190946.5+483431  1908+484  D  19 09 46.56271713   48 34 31.8201822  0.00000563 0.0000577   0.145  57955.0 50305.3 60554.7     58   1413      1908+484
ICRF J191015.5-244745  1907-248     19 10 15.50964200  -24 47 45.3669581  0.00000601 0.0001191  -0.041  58732.1 58556.9 59405.2      5    280      1907-248
ICRF J191034.1+480211  1909+479     19 10 34.19491031   48 02 11.8261219  0.00001073 0.0001330  -0.236  59320.5 58756.7 59971.0      5    388      1909+479
ICRF J191036.2-191130  1907-192     19 10 36.25095253  -19 11 30.9819369  0.00002052 0.0006238  -0.708  59077.8 58203.3 60448.8      7    406      1907-192
ICRF J191045.1+230558  1908+230     19 10 45.12721895   23 05 58.6118294  0.00000984 0.0002477  -0.278  57577.6 50155.3 58512.3      5    341      1908+230
ICRF J191057.5-222329  1907-224     19 10 57.55715302  -22 23 29.3223338  0.00000720 0.0001078   0.204  58224.8 55041.8 58829.4      8    450      1907-224
ICRF J191109.6-200655  1908-201  D  19 11 09.65289137  -20 06 55.1090160  0.00000037 0.0000089   0.082  56394.1 46839.8 60852.8   1800  43896      1908-201
ICRF J191135.0+265813  1909+268     19 11 35.07737271   26 58 13.7628793  0.00000356 0.0000832   0.025  57134.6 50218.8 58512.3      5    375      1909+268
ICRF J191153.9-210243  1908-211     19 11 53.93740892  -21 02 43.8026418  0.00000355 0.0000961  -0.093  57887.6 53125.1 59367.7      9    492      1908-211
ICRF J191156.5-192150  1909-194     19 11 56.51920371  -19 21 50.9628575  0.00000476 0.0001639  -0.100  57866.5 53572.0 58829.4      6    495      1909-194
ICRF J191158.2+161146  1909+161  D  19 11 58.25740273   16 11 46.8651485  0.00000055 0.0000124   0.043  57499.0 50084.5 60852.8    518  15377      1909+161
ICRF J191207.1-080421  1909-081     19 12 07.12880294  -08 04 21.9024217  0.00000509 0.0001756  -0.023  58260.8 53152.3 60770.3      7    541      1909-081
ICRF J191211.9-150457  1909-151     19 12 11.93964547  -15 04 57.5441078  0.00000392 0.0001239   0.056  58079.9 53522.9 60770.3      7    574      1909-151
ICRF J191225.1+374036  1910+375     19 12 25.12361542   37 40 36.6449592  0.00000334 0.0000676  -0.190  55931.8 50241.8 59460.3      6    509      1910+375
ICRF J191229.5-122300  1909-124     19 12 29.51456516  -12 23 00.8362549  0.00000369 0.0001320  -0.072  60057.6 59631.6 60448.8      5    418      1909-124
ICRF J191240.0-801005  1903-802     19 12 40.01909883  -80 10 05.9465764  0.00002213 0.0000527   0.096  55971.1 47625.5 58144.8     25    244      1903-802
ICRF J191254.2+051800  1910+052     19 12 54.25766611   05 18 00.4212074  0.00001337 0.0002249   0.015  56764.4 50918.8 60406.0      7    273      1910+052
ICRF J191320.8-363019  1910-365     19 13 20.88942469  -36 30 19.4311190  0.00000894 0.0003028   0.353  58170.9 56301.8 60323.7      7    280      1910-365
ICRF J191339.1-015147  1911-019     19 13 39.12561846  -01 51 47.0371769  0.00003473 0.0009376  -0.300  58869.7 53133.5 60406.0      9    272      1911-019
ICRF J191346.5-450311  1910-451     19 13 46.51085848  -45 03 11.5696408  0.00000816 0.0001676   0.241  58064.4 57596.8 58744.8     11    272      1910-451
ICRF J191403.6-294744  1910-298     19 14 03.63403444  -29 47 44.7721329  0.00000554 0.0001007  -0.002  58341.9 57673.7 58771.7     10    461      1910-298
ICRF J191414.4+163639  1911+165     19 14 14.45952015   16 36 39.0263642  0.00000401 0.0001229  -0.262  58070.2 52305.8 58803.0      5    382      1911+165
ICRF J191414.5+012426  1911+013     19 14 14.55346936   01 24 26.3039477  0.00000589 0.0001823  -0.266  57935.7 53559.8 58600.6      5    371      1911+013
ICRF J191457.6-255201  1911-259     19 14 57.66698782  -25 52 01.5745860  0.00000587 0.0000994   0.098  58656.6 58141.7 58871.4      7    398      1911-259
ICRF J191523.8+654846  1915+657     19 15 23.81906135   65 48 46.3881873  0.00001034 0.0000758   0.113  57884.1 49826.5 60219.1      6    683      1915+657
ICRF J191619.8-270832  1913-272     19 16 19.86269876  -27 08 32.2591908  0.00000398 0.0001275  -0.061  58088.1 54852.8 59795.8     11    536      1913-272
ICRF J191652.5-151900  1914-154     19 16 52.51099663  -15 19 00.0713935  0.00000366 0.0001323  -0.100  56535.1 53502.7 59140.5      6    467      1914-154
ICRF J191708.6-211030  1914-212     19 17 08.64420533  -21 10 30.7637640  0.00000567 0.0001911  -0.162  58064.8 53559.8 58871.4      7    349      1914-212
ICRF J191744.8-192131  1914-194     19 17 44.81929469  -19 21 31.6078022  0.00000303 0.0001144  -0.293  57762.0 53572.0 58871.4      7    620      1914-194
ICRF J191810.7+552038  1917+552     19 18 10.75007116   55 20 38.6092902  0.00000538 0.0000572  -0.245  56479.3 49576.0 59522.9      6    615      1917+552
ICRF J191845.5+493756  1917+495     19 18 45.57961184   49 37 56.0335619  0.00001135 0.0001620  -0.399  57314.1 53560.9 58512.3      5    449      1917+495
ICRF J191917.3+061942  1916+062     19 19 17.35038579   06 19 42.7755193  0.00001224 0.0003365  -0.513  57803.9 52305.8 58600.6      6    316      1916+062
ICRF J191956.4-215724  1916-220     19 19 56.43422828  -21 57 24.2335101  0.00009403 0.0022818  -0.427  60134.8 59707.7 60448.8      4     88      1916-220
ICRF J192014.4-244505  1917-248     19 20 14.43098530  -24 45 05.7990547  0.00000479 0.0000822  -0.091  58043.3 53572.0 58899.4     10    545      1917-248
ICRF J192029.1+265148  1918+267     19 20 29.10818939   26 51 48.0020626  0.00000535 0.0001582  -0.454  58047.5 52939.7 59508.8      6    390      1918+267
ICRF J192043.0-383106  1917-386     19 20 43.00961434  -38 31 06.0541708  0.00001937 0.0005436  -0.050  58845.5 53502.7 60323.7     10    265      1917-386
ICRF J192043.2-023611  1918-026     19 20 43.26216921  -02 36 11.6061654  0.00000329 0.0001049   0.033  57697.2 53551.8 60425.9     10    723      1918-026
ICRF J192106.4+020434  1918+019     19 21 06.42306616   02 04 34.0773583  0.00001023 0.0002875  -0.248  58087.6 56874.5 59460.3      5    392      1918+019
ICRF J192109.9+433341  1919+434     19 21 09.93476181   43 33 41.8360349  0.00001053 0.0001146  -0.238  57818.5 54087.1 58512.3      5    364      1919+434
ICRF J192154.2+450626  1920+450     19 21 54.20492608   45 06 26.8869851  0.00000950 0.0001100  -0.129  57703.1 50305.3 58530.3      5    351      1920+450
ICRF J192218.6+084157  1919+086     19 22 18.63367329   08 41 57.3754357  0.00000546 0.0001736  -0.351  57753.2 50699.6 58621.5      5    411      1919+086
ICRF J192234.6+153010  1920+154     19 22 34.69933896   15 30 10.0324541  0.00002214 0.0002919   0.218  58035.7 50084.5 60323.7     11    160      1920+154
ICRF J192234.7-163253  1919-166     19 22 34.76655989  -16 32 53.5506612  0.00001268 0.0004239  -0.612  59017.4 57596.8 60448.8      9    296      1919-166
ICRF J192324.6-632045  1918-634     19 23 24.60603689  -63 20 45.7658986  0.00003054 0.0002163   0.096  57082.3 54722.8 58884.8      4     49      1918-634
ICRF J192327.2+475416  1922+478     19 23 27.22978882   47 54 16.8180376  0.00000501 0.0000794   0.001  57165.3 50305.3 59522.9      6    468      1922+478
ICRF J192332.1-210433  1920-211     19 23 32.18981237  -21 04 33.3331879  0.00000068 0.0000132  -0.075  56743.0 47940.3 60726.8    426   9331      1920-211
ICRF J192411.8-154902  1921-159     19 24 11.82432612  -15 49 02.0469473  0.00000431 0.0001554  -0.148  58246.4 57900.9 58631.3      5    327      1921-159
ICRF J192417.4+332929  1922+333     19 24 17.48051139   33 29 29.7377578  0.00000851 0.0001506   0.170  58344.6 52305.8 60203.4      6    255      1922+333
ICRF J192439.4+154043  1922+155     19 24 39.45586623   15 40 43.9414572  0.00000284 0.0000698  -0.050  54387.7 50084.5 60323.7      9    788      1922+155
ICRF J192451.0-291430  1921-293  D  19 24 51.05594878  -29 14 30.1209815  0.00000032 0.0000063   0.174  54988.3 45258.0 60856.7   3179  91275      1921-293
ICRF J192517.0-340101  1922-341     19 25 17.02023098  -34 01 01.5342556  0.00000497 0.0001822   0.148  58817.0 53125.1 60770.3      8    458      1922-341
ICRF J192539.7-221935  1922-224     19 25 39.79018608  -22 19 35.1127287  0.00000259 0.0000709   0.010  56945.4 53522.9 60770.3     22   1988      1922-224
ICRF J192540.8+122738  1923+123     19 25 40.81705710   12 27 38.0867242  0.00000319 0.0000923  -0.161  57587.5 53133.5 58803.0      5    476      1923+123
ICRF J192559.6+210626  1923+210     19 25 59.60535469   21 06 26.1620098  0.00000041 0.0000060   0.104  55421.0 45137.9 60835.7   1300  46421      1923+210
ICRF J192606.3+505257  1924+507     19 26 06.32167184   50 52 57.0173490  0.00000533 0.0000848  -0.070  55956.2 49576.0 58621.5      5    481      1924+507
ICRF J192626.9-100551  1923-101     19 26 26.96680714  -10 05 51.9611373  0.00000639 0.0001932   0.089  57541.4 53559.8 58631.3      5    280      1923-101
ICRF J192631.0+420958  1924+420     19 26 31.05326450   42 09 58.9888908  0.00001113 0.0001582   0.232  58029.4 56817.4 59522.9      5    297      1924+420
ICRF J192631.1+770631  1928+770     19 26 31.19111871   77 06 31.4965364  0.00002995 0.0000646  -0.070  57636.6 53572.0 58551.2      5    459      1928+770
ICRF J192730.4+611732  1926+611     19 27 30.44256451   61 17 32.8791182  0.00000391 0.0000347  -0.094  56902.4 49576.0 60259.3      6    759      1926+611
ICRF J192748.4+735801  1928+738     19 27 48.49514499   73 58 01.5700427  0.00000249 0.0000115  -0.051  54051.7 44342.5 60696.7    182   6535      1928+738
ICRF J192809.1-203543  1925-206     19 28 09.18335014  -20 35 43.7850946  0.00000345 0.0001135  -0.146  58433.9 54558.7 60770.3     12    793      1925-206
ICRF J192820.5+681459  1928+681     19 28 20.54597489   68 14 59.2709367  0.00003868 0.0002452  -0.167  58100.4 57835.8 58512.3      5    273      1928+681
ICRF J192821.3+441201  1926+440     19 28 21.35164556   44 12 01.8565071  0.00001564 0.0002280   0.172  57429.7 50305.3 58530.3      6    293      1926+440
ICRF J192840.8+084848  1926+087     19 28 40.85551141   08 48 48.4125838  0.00000353 0.0001187  -0.397  54322.3 49540.7 58621.5     18    769      1926+087
ICRF J192904.5+232529  1926+233     19 29 04.57586658   23 25 29.2784097  0.00000412 0.0000834   0.060  57684.1 50084.5 60323.7      7    542      1926+233
ICRF J192919.9+050757  1926+050     19 29 19.94791274   05 07 57.5920961  0.00000372 0.0001081  -0.178  57610.6 49913.7 58621.5      5    408      1926+050
ICRF J192944.9+254316  1927+256     19 29 44.91813277   25 43 16.2457752  0.00000211 0.0000523  -0.001  57957.9 50218.8 60602.5     11    999      1927+256
ICRF J192947.8+091003  1927+090     19 29 47.86328506   09 10 03.6442031  0.00000472 0.0001461  -0.431  58062.5 53560.9 58631.3      5    377      1927+090
ICRF J193006.1-605609  1925-610  D  19 30 06.16008521  -60 56 09.1841374  0.00000342 0.0000346   0.095  57537.7 47625.5 60641.5     95   1295      1925-610
ICRF J193010.4-205305  1927-209     19 30 10.45215565  -20 53 05.4978369  0.00000678 0.0002533  -0.455  58446.4 57609.7 58899.4      6    356      1927-209
ICRF J193036.5+594808  1929+596     19 30 36.53863687   59 48 08.9121127  0.00001329 0.0001278  -0.349  58918.8 58425.2 59981.8      5    319      1929+596
ICRF J193049.5-221359  1927-223     19 30 49.51162324  -22 13 59.0939224  0.00000816 0.0001726  -0.001  58690.3 58141.7 59115.8      9    290      1927-223
ICRF J193052.7+153234  1928+154     19 30 52.76698825   15 32 34.4272035  0.00000113 0.0000262  -0.054  59084.2 52305.8 60418.8     80   2391      1928+154
ICRF J193108.6+312233  1929+312     19 31 08.67378175   31 22 33.3966907  0.00000636 0.0001272  -0.272  57629.7 50218.8 58899.4      5    423      1929+312
ICRF J193116.5+474341  1929+476     19 31 16.54757586   47 43 41.2039050  0.00000713 0.0000862   0.071  58265.8 56833.8 59560.6      5    393      1929+476
ICRF J193124.9+224331  1929+226  D  19 31 24.91676978   22 43 31.2585021  0.00000055 0.0000096  -0.106  57621.9 48613.0 60838.8    343  19546      1929+226
ICRF J193210.7+445422  1930+447     19 32 10.79122172   44 54 22.5491665  0.00008747 0.0007601   0.253  60078.9 59707.7 60323.7      4    102      1930+447
ICRF J193235.4-292842  1929-295     19 32 35.45380006  -29 28 42.0489418  0.00000399 0.0001430  -0.023  58348.2 53551.8 60799.7      7    517      1929-295
ICRF J193244.8-453637  1929-457  D  19 32 44.88774856  -45 36 37.9288696  0.00000498 0.0000742   0.159  58945.2 53222.4 60799.7     52    849      1929-457
ICRF J193253.6-024719  1930-028     19 32 53.66541571  -02 47 17.7005774  0.00004045 0.0016116  -0.112  59714.2 58456.2 60425.9      5     48      1930-028
ICRF J193321.8+150446  1931+149     19 33 21.80500250   15 04 46.4008523  0.00000498 0.0001332  -0.298  57840.8 52305.8 58803.0      5    430      1931+149
ICRF J193331.1-694258  1928-698     19 33 31.15992238  -69 42 58.9140370  0.00001742 0.0000989   0.341  58248.0 53222.4 58884.8     10    199      1928-698
ICRF J193357.3+654016  1933+655     19 33 57.33727484   65 40 16.8285028  0.00000603 0.0000425  -0.056  56619.6 49826.5 59522.9      6    638      1933+655
ICRF J193435.0+104340  1932+106     19 34 35.02549855   10 43 40.3649598  0.00000560 0.0001750  -0.348  58500.8 51168.7 60406.0      6    474      1932+106
ICRF J193440.6+613841  1934+615     19 34 40.68335403   61 38 41.6229606  0.00000819 0.0000678  -0.093  57402.3 53572.0 58512.3      5    524      1934+615
ICRF J193450.2+173214  1932+174     19 34 50.20440487   17 32 14.1377198  0.00000811 0.0001802  -0.140  58238.5 57427.7 58829.4      5    329      1932+174
ICRF J193452.8-241624  1931-243     19 34 52.84874768  -24 16 24.3552138  0.00000607 0.0001852  -0.220  57812.8 53152.3 58921.9      7    464      1931-243
ICRF J193510.4+203154  1932+204     19 35 10.47290644   20 31 54.1542129  0.00000200 0.0000471  -0.105  54101.9 48803.9 60406.0     31   1544      1932+204
ICRF J193522.7+813014  1939+813     19 35 22.72306531   81 30 14.5528681  0.00003406 0.0000668  -0.219  57222.4 50687.3 58871.4      7    542      1939+813
ICRF J193533.1-223510  1932-226     19 35 33.11183956  -22 35 10.1323905  0.00001388 0.0004667   0.030  60053.8 59405.2 60472.1      5    263      1932-226
ICRF J193535.7-160232  1932-161     19 35 35.79526175  -16 02 32.3746484  0.00000475 0.0001546  -0.155  58370.9 54111.8 60472.1      6    330      1932-161
ICRF J193600.9+235731  1933+238     19 36 00.92485504   23 57 31.9758674  0.00000579 0.0001565  -0.403  60148.1 59776.7 60406.0      4    248      1933+238
ICRF J193603.5+713131  1936+714     19 36 03.56083638   71 31 31.7850172  0.00000796 0.0000409   0.132  57734.4 49826.5 60406.0     12   1006      1936+714
ICRF J193627.8+364234  1934+365     19 36 27.81666433   36 42 34.9818761  0.00001095 0.0001614  -0.037  57021.1 50241.8 58899.4      5    380      1934+365
ICRF J193629.3+224625  1934+226     19 36 29.30469436   22 46 25.8558817  0.00000798 0.0001885  -0.135  57903.0 52305.8 58530.3      5    305      1934+226
ICRF J193630.3+014252  1933+016     19 36 30.32645298   01 42 52.3552927  0.00000835 0.0002303  -0.487  58135.1 52939.7 59508.8      6    459      1933+016
ICRF J193648.0+205136  1934+207     19 36 48.03274155   20 51 36.4785297  0.00000432 0.0001202  -0.272  59492.7 58425.2 60314.3      6    559      1934+207
ICRF J193653.7-040245  1934-041     19 36 53.74584256  -04 02 45.4727428  0.00000335 0.0000877  -0.021  59931.9 59129.8 60425.9      7    408      1934-041
ICRF J193702.7+744054  1938+745     19 37 02.73339303   74 40 54.3260840  0.00001286 0.0000569  -0.117  60183.9 59875.5 60406.0      4    444      1938+745
ICRF J193716.2-395801  1933-400     19 37 16.21736194  -39 58 01.5532695  0.00000137 0.0000246  -0.042  56784.9 47639.0 60578.8    169   3264      1933-400
ICRF J193719.9-062728  1934-065     19 37 19.99231607  -06 27 28.0844873  0.00000762 0.0002860  -0.173  57575.9 53502.7 58551.2      5    281      1934-065
ICRF J193731.4+360735  1935+360     19 37 31.43661836   36 07 35.8416832  0.00000449 0.0000808  -0.097  57277.2 53133.5 59378.0      8    575      1935+360
ICRF J193739.6+835629  1944+838     19 37 39.65277046   83 56 29.0069984  0.00003695 0.0000516  -0.036  58035.6 53789.1 58899.4      6    659      1944+838
ICRF J193804.9-174920  1935-179     19 38 04.95823969  -17 49 20.3868742  0.00000264 0.0000981  -0.175  58624.3 53559.8 60799.7      8    701      1935-179
ICRF J193816.1+630717  1937+630     19 38 16.16561031   63 07 17.7869277  0.00001054 0.0000860  -0.052  59040.8 58245.2 59981.8      6    518      1937+630
ICRF J193825.3+664853  1938+666     19 38 25.30802038   66 48 53.2265205  0.00025181 0.0029059   0.698  58484.0 58245.2 58981.5      4     34      1938+666
ICRF J193830.6+044811  1936+046  D  19 38 30.66955420   04 48 11.6146015  0.00000155 0.0000439  -0.225  59052.9 49913.7 60715.1     48   2405      1936+046
ICRF J193843.6+094219  1936+095     19 38 43.60622510   09 42 20.0788360  0.00000822 0.0002290  -0.330  58026.4 54087.1 58631.3      5    339      1936+095
ICRF J193925.0-634245  1934-638     19 39 25.02298579  -63 42 45.6218598  0.00007457 0.0004045   0.057  55063.0 48765.9 59065.7      8     36      1934-638
ICRF J193926.6-152543  1936-155  D  19 39 26.65775720  -15 25 43.0585685  0.00000039 0.0000065  -0.042  58656.2 47175.5 60824.8    828  37390      1936-155
ICRF J193933.5+381735  1937+381     19 39 33.56687629   38 17 35.3883527  0.00000502 0.0000759  -0.020  57776.3 53125.1 58899.4      5    420      1937+381
ICRF J193951.8+371330  1938+371     19 39 51.80649991   37 13 30.4880975  0.00000567 0.0000791  -0.126  56911.5 50241.8 58921.9      5    414      1938+371
ICRF J193957.2-100241  1937-101  D  19 39 57.25660372  -10 02 41.5200296  0.00000130 0.0000402  -0.053  57754.9 48110.0 60799.7     73   2820      1937-101
ICRF J194025.5-690756  1935-692  D  19 40 25.52814686  -69 07 56.9719125  0.00000588 0.0000451   0.169  56731.2 47625.5 60641.5     85    953      1935-692
ICRF J194049.3+430424  1939+429     19 40 49.31999985   43 04 24.6580112  0.00000757 0.0001008   0.279  57500.9 53572.0 58540.2      5    402      1939+429
ICRF J194057.3-200650  1938-202     19 40 57.30529890  -20 06 50.9142407  0.00000686 0.0001609  -0.288  58574.3 57973.7 58921.9      8    307      1938-202
ICRF J194110.2-300720  1938-302     19 41 10.24247436  -30 07 20.4391140  0.00000546 0.0002043  -0.069  58245.3 53502.7 60259.3      6    291      1938-302
ICRF J194121.7-621121  1936-623     19 41 21.76859970  -62 11 21.0563722  0.00000823 0.0000847   0.123  57752.8 48161.5 58884.8     22    300      1936-623
ICRF J194126.9+722142  1942+722     19 41 26.98479446   72 21 42.2235328  0.00003316 0.0001033  -0.002  57943.3 53559.8 58551.2      5    486      1942+722
ICRF J194134.0-293301  1938-296     19 41 34.08049455  -29 33 01.1979351  0.00002293 0.0007218  -0.166  58532.2 56874.5 60485.9      8    269      1938-296
ICRF J194147.0-051132  1939-053     19 41 47.00861385  -05 11 32.3838787  0.00000325 0.0001119  -0.233  59014.2 53522.9 60799.7      8    676      1939-053
ICRF J194240.9-313014  1939-316     19 42 40.91404806  -31 30 14.6107788  0.00000827 0.0002935  -0.083  56889.9 53522.9 58540.2      5    261      1939-316
ICRF J194258.6+412923  1941+413     19 42 58.63810705   41 29 23.0601540  0.00000511 0.0000806   0.086  56917.3 53133.5 58540.2      5    437      1941+413
ICRF J194431.5+544807  1943+546     19 44 31.51156662   54 48 07.0623212  0.00000621 0.0000694  -0.073  56845.8 49576.0 58621.5      5    322      1943+546
ICRF J194457.8-370709  1941-372     19 44 57.83563537  -37 07 09.8724257  0.00001222 0.0004660   0.027  60183.4 59776.7 60406.0      4    179      1941-372
ICRF J194515.9+095259  1942+097     19 45 15.92280698   09 52 59.5626566  0.00000559 0.0001999  -0.134  56801.9 49913.7 58631.3      5    450      1942+097
ICRF J194522.8-015321  1942-020     19 45 22.82077250  -01 53 21.8307753  0.00000196 0.0000678  -0.133  58618.9 53551.8 60799.7     10    888      1942-020
ICRF J194524.2-552048  1941-554     19 45 24.22882782  -55 20 48.8366856  0.00003084 0.0006613   0.887  58087.7 57154.7 59695.7     13     85      1941-554
ICRF J194553.5+705548  1946+708     19 45 53.51978244   70 55 48.7294368  0.00002804 0.0001156   0.218  57473.4 49826.5 58556.9      5    373      1946+708
ICRF J194557.5-304849  1942-309     19 45 57.55903012  -30 48 49.3912273  0.00000673 0.0002333  -0.018  60020.4 59440.3 60485.9      5    212      1942-309
ICRF J194559.3-311138  1942-313     19 45 59.36939562  -31 11 38.3576803  0.00000385 0.0001323  -0.111  59159.0 54942.7 60799.7      9    507      1942-313
ICRF J194606.2+230004  1943+228     19 46 06.25137203   23 00 04.4146855  0.00000434 0.0001128  -0.331  56227.4 48796.8 60118.4     11    513      1943+228
ICRF J194719.5+124855  1944+126     19 47 19.52663887   12 48 55.4197900  0.00000354 0.0000969  -0.067  58151.5 50084.5 60406.0      7    629      1944+126
ICRF J194743.7-010324  1945-011     19 47 43.78372526  -01 03 24.5272146  0.00000319 0.0000721  -0.045  57853.7 53502.7 59795.8      9    494      1945-011
ICRF J194804.5+355620  1946+358     19 48 04.52011166   35 56 20.6710932  0.00001353 0.0001785  -0.078  57532.4 50241.8 60406.0      7    284      1946+358
ICRF J194825.2-322806  1945-325     19 48 25.24924051  -32 28 06.4469198  0.00001239 0.0004012  -0.385  57655.1 55615.8 60497.5      6    247      1945-325
ICRF J194835.7+394352  1946+396     19 48 35.77020692   39 43 52.0684874  0.00000823 0.0001140  -0.085  57997.7 54087.1 58921.9      5    440      1946+396
ICRF J194933.1+242118  1947+242     19 49 33.14290083   24 21 18.2504156  0.00000780 0.0001312   0.234  57823.9 52305.8 58530.3      5    357      1947+242
ICRF J194935.2+725242  1950+727     19 49 35.23104465   72 52 42.9706956  0.00001679 0.0000650  -0.058  57831.6 49826.5 58556.9      5    560      1950+727
ICRF J194943.4+504131  1948+505     19 49 43.49228397   50 41 31.9728936  0.00000523 0.0000672  -0.003  56958.8 49576.0 60152.8      9    720      1948+505
ICRF J194953.4-195713  1946-200     19 49 53.42019064  -19 57 13.3300819  0.00000291 0.0001041  -0.023  56417.7 50631.3 59320.9      9    660      1946-200
ICRF J195005.5+080713  1947+079     19 50 05.53995038   08 07 13.9809978  0.00000612 0.0001255  -0.207  51578.6 47004.8 58721.7     40    501      1947+079
ICRF J195037.4-580439  1946-582     19 50 37.40163823  -58 04 39.7492634  0.00002451 0.0004099   0.480  55445.1 54722.8 59065.7      3     22      1946-582
ICRF J195044.0-043611  1948-047     19 50 44.05529878  -04 36 11.8435330  0.00000806 0.0002280  -0.291  58088.5 50575.3 60442.8      6    344      1948-047
ICRF J195106.9+572717  1950+573     19 51 06.98267028   57 27 17.1766139  0.00000715 0.0000659   0.002  57449.4 49576.0 58631.3      5    382      1950+573
ICRF J195128.1-183047  1948-186     19 51 28.18922271  -18 30 47.6800095  0.00000374 0.0001320  -0.167  59065.6 56874.5 60799.7      8    623      1948-186
ICRF J195136.0+013442  1949+014     19 51 36.01845704   01 34 42.7140314  0.00000283 0.0000949  -0.172  57538.9 53125.1 60715.1      6    569      1949+014
ICRF J195146.6-240349  1948-241     19 51 46.68061182  -24 03 49.1594407  0.00003804 0.0011266  -0.166  59423.8 58440.3 60472.1      9    305      1948-241
ICRF J195147.4-050943  1949-052  D  19 51 47.46845633  -05 09 43.9626095  0.00000129 0.0000293  -0.043  59510.9 53522.9 60799.7     36   1969      1949-052
ICRF J195235.8+495813  1951+498     19 52 35.81274673   49 58 13.9725447  0.00001135 0.0001045  -0.052  58154.3 56833.8 59560.6      5    391      1951+498
ICRF J195248.2+252653  1950+253     19 52 48.29396975   25 26 53.4842767  0.00000290 0.0000721   0.070  57058.7 52408.7 58530.3      5    449      1950+253
ICRF J195302.1-203632  1950-207     19 53 02.19298312  -20 36 32.5347111  0.00001263 0.0002761   0.188  58431.5 57596.8 58942.4      6    291      1950-207
ICRF J195330.8+353759  1951+355  D  19 53 30.87570146   35 37 59.3591822  0.00000260 0.0000575   0.394  58346.1 48918.9 60834.1     61   2138      1951+355
ICRF J195347.8-265406  1950-270     19 53 47.90462372  -26 54 02.9565432  0.00007427 0.0030710  -0.377  59104.4 58456.2 60152.8      5     48      1950-270
ICRF J195441.1-112322  1951-115     19 54 41.15572124  -11 23 22.6424015  0.00000299 0.0001082  -0.088  56902.0 53522.9 58634.5      5    394      1951-115
ICRF J195455.9+615358  1954+617     19 54 55.98966187   61 53 58.2978433  0.00005539 0.0005686  -0.636  58462.4 56878.0 60033.6      7    272      1954+617
ICRF J195510.7-611519  1950-613     19 55 10.77065517  -61 15 19.1368112  0.00002117 0.0001796   0.517  57040.7 48765.9 59065.7     16    130      1950-613
ICRF J195511.5+135816  1952+138     19 55 11.57140232   13 58 16.2410005  0.00000203 0.0000544  -0.060  58771.7 50084.5 60824.8     44   1013      1952+138
ICRF J195542.7+513148  1954+513     19 55 42.73826168   51 31 48.5460869  0.00000110 0.0000121  -0.117  55841.8 45774.8 60569.7    142   8313      1954+513
ICRF J195623.8-195742  1953-200     19 56 23.89767690  -19 57 42.1089895  0.00000777 0.0001928   0.313  59112.6 57609.7 60799.7      7    423      1953-200
ICRF J                 1954+188     19 56 30.81607296   18 56 02.1343431  0.00021869 0.0036879   0.316  57011.1 57011.1 57011.1      1     17      1954+188
ICRF J195630.8+185602  1954+187     19 56 30.81634029   18 56 02.1319604  0.00011927 0.0015599  -0.055  58454.8 57868.7 60406.0     10    135      1954+187
ICRF J195638.2-123517  1953-127     19 56 38.22317570  -12 35 17.8998632  0.00000384 0.0001498  -0.262  59994.2 59405.2 60472.1      5    364      1953-127
ICRF J195646.0+282057  1954+282     19 56 46.04046427   28 20 57.9770722  0.00000384 0.0000731   0.023  56976.9 52408.7 58710.8      8    405      1954+282
ICRF J195659.4-322546  1953-325     19 56 59.45527865  -32 25 46.0068578  0.00000421 0.0001446  -0.048  57612.8 52305.8 59378.0     12    623      1953-325
ICRF J195734.4+342754  1955+343     19 57 34.45482342   34 27 54.6308375  0.00001336 0.0002401  -0.318  57935.1 54291.7 58942.4      5    352      1955+343
ICRF J195740.5+333827  1955+335     19 57 40.54990258   33 38 27.9431349  0.00000565 0.0001004  -0.264  56148.3 49097.6 60203.4      8    477      1955+335
ICRF J195759.8-384506  1954-388  D  19 57 59.81927403  -38 45 06.3559546  0.00000040 0.0000066   0.016  57130.4 48765.9 60852.8   2331  65730      1954-388
ICRF J195848.7-205247  1955-210     19 58 48.77321096  -20 52 47.0116256  0.00001140 0.0004029  -0.567  58254.6 57596.8 58644.9      5    247      1955-210
ICRF J195922.0+384654  1957+386     19 59 22.03930191   38 46 54.1654224  0.00000574 0.0000815  -0.062  57680.2 53572.0 58942.4      5    430      1957+386
ICRF J195928.3+404402  1957+406     19 59 28.35658218   40 44 02.0973043  0.00001307 0.0001446   0.080  58297.1 50973.8 60406.0     10    305      CYGNUS-A
ICRF J195959.8+650854  1959+650     19 59 59.85209873   65 08 54.6522300  0.00000841 0.0000536  -0.115  57484.2 49826.5 58530.3      5    514      1959+650
ICRF J200008.5-192137  1957-194     20 00 08.56047839  -19 21 37.5247863  0.00000756 0.0001547  -0.167  58484.4 57973.7 59358.6      6    183      1957-194
ICRF J200042.1-132533  1957-135     20 00 42.14514070  -13 25 33.5325889  0.00000268 0.0000682   0.073  57450.3 53551.8 60152.8      6    511      1957-135
ICRF J200057.0-174857  1958-179     20 00 57.09043879  -17 48 57.6726539  0.00000029 0.0000057   0.055  55616.5 46874.8 60852.8   2075  73055      1958-179
ICRF J200109.2-042246  1958-045     20 01 09.26144684  -04 22 46.5714258  0.00001449 0.0004523  -0.493  60579.8 60276.7 60799.7      3    238      1958-045
ICRF J200110.6+102758  1958+103     20 01 10.64353516   10 27 58.1168315  0.00000595 0.0001418  -0.177  57471.8 49913.7 58829.4      5    433      1958+103
ICRF J200112.8+435252  1959+437     20 01 12.87377358   43 52 52.8387363  0.00002037 0.0002580   0.351  57972.9 50241.8 60152.8      6    259      1959+437
ICRF J200142.2+332344  1959+332     20 01 42.20909889   33 23 44.7661773  0.00001210 0.0002147   0.171  59377.3 58121.7 60485.9     12    272      1959+332
ICRF J200153.7+241639  1959+241     20 01 53.77788917   24 16 39.9892582  0.00000286 0.0000679   0.159  58514.9 53560.9 60770.3      9    671      1959+241
ICRF J200209.3-145531  1959-150     20 02 09.35941767  -14 55 31.7856073  0.00001484 0.0003796  -0.308  59153.9 58212.7 60152.8      9    267      1959-150
ICRF J200209.5+065115  1959+067     20 02 09.57482387   06 51 15.3900865  0.00000625 0.0001718   0.166  57725.7 54111.8 58667.8      6    431      1959+067
ICRF J200210.4+472528  2000+472  D  20 02 10.41825676   47 25 28.7736871  0.00000041 0.0000045   0.001  57806.5 50305.3 60849.7    784  97647      2000+472
ICRF J200241.9+150114  2000+148  D  20 02 41.99923426   15 01 14.5739450  0.00000080 0.0000181  -0.095  58126.9 50084.5 60831.8    170   5985      2000+148
ICRF J200243.0-164922  1959-169     20 02 43.08837043  -16 49 22.7064979  0.00000479 0.0001471  -0.163  57844.8 54087.1 58680.7      6    385      1959-169
ICRF J200252.0+450608  2001+449     20 02 52.09614034   45 06 08.3273811  0.00000519 0.0000748  -0.186  56723.2 50305.3 58551.2      5    436      2001+449
ICRF J200324.1-325145  2000-330     20 03 24.11633038  -32 51 45.1327507  0.00000468 0.0000772  -0.113  54527.6 47511.2 59695.7     46    693      2000-330
ICRF J200324.9-042138  2000-045     20 03 24.97517596  -04 21 38.4272868  0.00000644 0.0002610  -0.308  57764.4 53559.8 58556.9      5    306      2000-045
ICRF J200330.2+303430  2001+304     20 03 30.24406131   30 34 30.7885131  0.00000372 0.0000781  -0.103  57215.4 52408.7 58942.4      5    525      2001+304
ICRF J200354.5+662556  2003+662     20 03 54.50951114   66 25 56.3750936  0.00002129 0.0001169   0.088  58053.8 49826.5 60259.3      6    487      2003+662
ICRF J200417.1+735506  2005+737     20 04 17.12179824   73 55 06.0098266  0.00001684 0.0000611  -0.060  57963.3 55965.8 58556.9      5    642      2005+737
ICRF J200429.2-020909  2001-022     20 04 29.21741440  -02 09 09.8525163  0.00000322 0.0001167  -0.086  60574.4 60276.7 60834.1      3    344      2001-022
ICRF J200429.4-634723  1959-639     20 04 29.47809130  -63 47 23.3108678  0.00001459 0.0001342   0.191  58316.8 57987.7 59065.7      9    173      1959-639
ICRF J200508.4+182534  2002+182     20 05 08.40235806   18 25 34.4213210  0.00000291 0.0000717  -0.292  59709.3 58602.7 60118.4      7    555      2002+182
ICRF J200517.2-182203  2002-185     20 05 17.29315372  -18 22 03.3216626  0.00000263 0.0000961  -0.097  56744.2 50631.3 58669.6      7    575      2002-185
ICRF J200530.3+103339  2003+104     20 05 30.34945385   10 33 39.8172458  0.00001193 0.0003465  -0.156  58177.2 57011.1 58829.4      5    342      2003+104
ICRF J200530.9+775243  2007+777     20 05 30.99850964   77 52 43.2475150  0.00000285 0.0000079  -0.003  49871.9 44342.5 58890.7    279  16215      2007+777
ICRF J200552.0+442855  2004+443     20 05 52.08857114   44 28 55.1204468  0.00001985 0.0003075  -0.471  58436.8 50305.3 60152.8      9    253      2004+443
ICRF J200555.0-372341  2002-375  D  20 05 55.07088976  -37 23 41.4779393  0.00000184 0.0000469   0.019  58292.9 52305.8 60834.1    142   4394      2002-375
ICRF J200556.5-231027  2002-233     20 05 56.59554628  -23 10 27.0099749  0.00000309 0.0001112  -0.214  58138.2 53152.3 60834.1      8    596      2002-233
ICRF J200608.4-022334  2003-025     20 06 08.44303516  -02 23 34.9793514  0.00003824 0.0006960  -0.061  60245.9 59693.1 60442.8      4    126      2003-025
ICRF J200617.6+642445  2005+642     20 06 17.69454451   64 24 45.4179639  0.00000443 0.0000335  -0.019  56431.9 49421.9 59016.7     14    900      2005+642
ICRF J200648.3-122255  2004-125     20 06 48.34340713  -12 22 55.2910365  0.00000283 0.0001006   0.035  58939.1 53560.9 60834.1      7    529      2004-125
ICRF J200704.3+745225  2007+747     20 07 04.38946833   74 52 25.3988218  0.00001778 0.0000521   0.012  58038.4 54087.1 58556.9      5    494      2007+747
ICRF J200711.9+063644  2004+064     20 07 11.91530742   06 36 44.5961983  0.00000269 0.0000853   0.055  56623.8 49913.7 58736.7      6    357      2004+064
ICRF J200728.7+660722  2007+659     20 07 28.77110909   66 07 22.5356111  0.00000458 0.0000303  -0.047  57422.1 49826.5 59378.0      9    949      2007+659
ICRF J200744.9+402948  2005+403     20 07 44.94479985   40 29 48.6038653  0.00000890 0.0001219   0.060  55082.7 44772.8 59052.8     30    322      2005+403
ICRF J200745.4+372202  2005+372     20 07 45.39765100   37 22 02.3093896  0.00003388 0.0003197  -0.150  58776.2 52408.7 60406.0     14    184      2005+372
ICRF J200755.1-443444  2004-447     20 07 55.18440654  -44 34 44.2772201  0.00000986 0.0003266   0.008  58537.8 52305.8 60406.0     12    284      2004-447
ICRF J200824.4-041829  2005-044     20 08 24.42920045  -04 18 29.2980007  0.00000274 0.0000907   0.034  59009.0 53767.8 60834.1     11    942      2005-044
ICRF J200846.9-471714  2005-474     20 08 46.97065490  -47 17 14.3388383  0.00005200 0.0003580  -0.049  58579.7 58009.8 58815.7      5     38      2005-474
ICRF J200900.7-281225  2005-283     20 09 00.73536812  -28 12 25.9649258  0.00000658 0.0002278  -0.097  58957.0 53559.8 60834.1      9    399      2005-283
ICRF J200925.3-484953  2005-489     20 09 25.39074731  -48 49 53.7215927  0.00001016 0.0001066   0.378  54737.3 47625.5 60856.7    109    566      2005-489
ICRF J200927.2+131814  2007+131     20 09 27.22091317   13 18 14.4307696  0.00000240 0.0000687  -0.167  59667.4 58602.7 60118.4      6    527      2007+131
ICRF J200952.3+722919  2010+723     20 09 52.30380123   72 29 19.3505110  0.00000785 0.0000381  -0.016  57550.0 49826.5 60834.1      7    751      2010+723
ICRF J200955.5+072713  2007+073     20 09 55.50743416   07 27 13.6671580  0.00000428 0.0001212  -0.160  57734.1 55915.7 58667.8      6    510      2007+073
ICRF J200957.6+354318  2008+355     20 09 57.63762122   35 43 18.0019140  0.00001841 0.0002453   0.469  59362.5 58121.7 60406.0     11    226      2008+355
ICRF J201008.1+151358  2007+150     20 10 08.19943237   15 13 58.8150504  0.00000485 0.0001275  -0.252  59735.6 58602.7 60118.4      7    582      2007+150
ICRF J201049.2+611615  2009+611     20 10 49.28860777   61 16 15.1570708  0.00001132 0.0000957  -0.345  57551.2 49576.0 60834.1      7    699      2009+611
ICRF J201049.7+332213  2008+332     20 10 49.72327657   33 22 13.8118809  0.00001409 0.0001551  -0.021  58208.1 52408.7 59951.1      8    242      2008+332
ICRF J201050.7+204235  2008+205     20 10 50.84798148   20 42 37.5847878  0.00006112 0.0022297  -0.019  59565.1 58456.2 60770.3      9     39      2008+205
ICRF J201114.2-064403  2008-068     20 11 14.21581670  -06 44 03.5555877  0.00000286 0.0000927  -0.493  54557.6 48345.5 60472.1     42   1177      OW-015  
ICRF J201115.7-154640  2008-159  D  20 11 15.71092599  -15 46 40.2537994  0.00000031 0.0000057   0.056  58266.7 46839.8 60856.7   1308  54437      2008-159
ICRF J201205.6+462855  2010+463     20 12 05.63726131   46 28 55.7786966  0.00001137 0.0001252  -0.592  58043.6 50305.3 60323.7      6    287      2010+463
ICRF J201230.1-164650  2009-169     20 12 30.17943942  -16 46 50.4673226  0.00000374 0.0001330  -0.298  58917.7 58510.3 59693.1      5    365      2009-169
ICRF J201234.7-191453  2009-193     20 12 34.72993650  -19 14 53.2556562  0.00000583 0.0002112  -0.454  59060.2 58169.7 60834.1      8    428      2009-193
ICRF J201311.6+220052  2011+218     20 13 11.68535666   22 00 52.4538653  0.00000903 0.0002105  -0.211  60424.8 60424.8 60424.8      1    117      2011+218
ICRF J201317.3-244823  2010-249     20 13 17.39463447  -24 48 23.4248340  0.00000585 0.0001096   0.039  59575.3 58562.8 60485.9      7    305      2010-249
ICRF J201350.5-262407  2010-265     20 13 50.52147152  -26 24 07.1304454  0.00000778 0.0001143   0.149  58642.7 58136.6 60530.8      7    277      2010-265
ICRF J201352.3-255124  2010-260     20 13 52.31286214  -25 51 24.4576516  0.00002695 0.0009425  -0.108  60712.9 60530.8 60834.1      3     67      2010-260
ICRF J201428.5+505909  2013+508     20 14 28.59001574   50 59 09.5287351  0.00002518 0.0001838  -0.210  57866.2 50305.3 58631.3      6    313      2013+508
ICRF J201432.0+655355  2014+657     20 14 32.04004335   65 53 55.4045865  0.00009206 0.0006088  -0.269  58976.1 49826.5 60425.9     11    213      2014+657
ICRF J201512.6+604702  2014+606     20 15 12.68203547   60 47 02.3546290  0.00001472 0.0001412  -0.250  60308.2 60193.8 60425.9      2    209      2014+606
ICRF J201513.6-125256  2012-130     20 15 13.69983292  -12 52 56.9836589  0.00000381 0.0001088   0.108  59472.6 58967.7 59971.0      7    222      2012-130
ICRF J201515.1-013732  2012-017     20 15 15.15795279  -01 37 32.5600631  0.00000302 0.0001016  -0.086  56624.4 50575.3 58556.9      5    478      2012-017
ICRF J201519.1+525359  2013+527     20 15 19.16835488   52 53 59.7181647  0.00000529 0.0000641  -0.092  57045.2 49576.0 58631.3      5    446      2013+527
ICRF J201528.7+371059  2013+370     20 15 28.72979281   37 10 59.5147958  0.00000242 0.0000416  -0.019  59000.2 52305.8 60834.1     10   1067      2013+370
ICRF J201528.8+341039  2013+340     20 15 28.83189660   34 10 39.4103444  0.00000891 0.0001254  -0.113  57340.0 50218.8 58512.3      5    254      2013+340
ICRF J201539.9+462850  2014+463     20 15 39.98589941   46 28 50.8707904  0.00013861 0.0023795  -0.687  58546.8 56105.8 60323.7     11     98      2014+463
ICRF J201544.8+172706  2013+172     20 15 44.89951917   17 27 06.8280249  0.00001326 0.0003041   0.265  60424.8 60424.8 60424.8      1     98      2013+172
ICRF J201555.3+655452  2015+657     20 15 55.36868469   65 54 52.6588669  0.00000698 0.0000425  -0.054  56349.8 49826.5 58540.2      5    553      2015+657
ICRF J201557.7-170340  2013-172     20 15 57.71878674  -17 03 40.5664880  0.00000536 0.0001326  -0.233  58691.5 58272.3 59795.8      9    309      2013-172
ICRF J201613.8+163234  2013+163     20 16 13.86003304   16 32 34.1130100  0.00000057 0.0000093  -0.046  58231.5 50084.5 60845.8    468  17039      2013+163
ICRF J201645.6+360033  2014+358     20 16 45.61865771   36 00 33.3732787  0.00001339 0.0002432   0.279  58253.1 52408.7 60425.9      8    277      2014+358
ICRF J201646.4-270848  2013-273     20 16 46.41632454  -27 08 48.1666640  0.00000872 0.0001393   0.081  57730.1 53560.9 58562.8      7    305      2013-273
ICRF J201710.7-181940  2014-184     20 17 10.78440508  -18 19 40.1369643  0.00000942 0.0004173   0.086  59248.5 58278.8 60097.9      7    419      2014-184
ICRF J201713.0+744047  2017+745  D  20 17 13.07930978   74 40 47.9999589  0.00000322 0.0000119   0.046  57289.6 47287.8 60852.8    106   6733      2017+743
ICRF J201753.0-251450  2014-254     20 17 53.00190654  -25 14 50.0786989  0.00001058 0.0001283   0.179  57473.3 53152.3 58562.8      7    308      2014-254
ICRF J201800.5+564536  2016+566     20 18 00.55288896   56 45 36.1860795  0.00000836 0.0000958  -0.036  60309.8 60193.8 60425.9      2    216      2016+566
ICRF J201811.3+083154  2015+083     20 18 11.31196737   08 31 54.5467565  0.00000242 0.0000701  -0.071  55617.4 49913.7 58667.8      6    493      2015+083
ICRF J201828.0-110955  2015-113     20 18 28.01422351  -11 09 55.4973073  0.00000397 0.0001393  -0.182  57056.0 53152.3 58634.5      5    385      2015-113
ICRF J201857.7-050929  2016-053     20 18 57.75991154  -05 09 29.3733820  0.00000210 0.0000497   0.005  59142.5 55740.7 60834.1     10    788      2016-053
ICRF J202006.5+294214  2018+295     20 20 06.56339432   29 42 14.1529286  0.00000702 0.0001161   0.055  58405.2 56878.0 59280.1      6    317      2018+295
ICRF J202018.9+674706  2019+676     20 20 18.91027181   67 47 06.3799518  0.00001407 0.0001034  -0.022  60300.5 60193.8 60425.9      2    200      2019+676
ICRF J202045.8+282659  2018+282     20 20 45.87033949   28 26 59.1963126  0.00003747 0.0003590  -0.089  58713.4 50218.8 60497.5     11    250      2018+282
ICRF J202103.4+231835  2018+231     20 21 03.48839110   23 18 35.0782218  0.00000771 0.0001801  -0.046  60424.8 60424.8 60424.8      1    108      2018+231
ICRF J202122.6-313718  2018-317     20 21 22.65137140  -31 37 18.0300246  0.00000826 0.0001877   0.050  59897.0 59129.8 60530.8      5    187      2018-317
ICRF J202135.2+051504  2019+050     20 21 35.28121210   05 15 04.7783068  0.00000257 0.0000897  -0.269  56168.9 49913.7 58634.5      5    540      2019+050
ICRF J202201.5-220142  2019-221     20 22 01.50297716  -22 01 42.2712233  0.00005032 0.0007097   0.428  58899.4 57596.8 60485.9     11    231      2019-221
ICRF J202206.6+613658  2021+614     20 22 06.68172851   61 36 58.8045389  0.00000194 0.0000158   0.040  52269.2 44342.5 58890.7     52   3558      2021+614
ICRF J202218.0-200702  2019-202     20 22 18.08314327  -20 07 02.2786684  0.00001048 0.0002992  -0.159  58197.8 57609.7 58680.7      8    329      2019-202
ICRF J202226.4-451329  2018-453     20 22 26.41305082  -45 13 29.5500063  0.00000925 0.0002873   0.188  59251.1 58009.8 60406.0     11    211      2018-453
ICRF J202235.5+761126  2023+760     20 22 35.57591858   76 11 26.1717010  0.00001411 0.0000476   0.081  56792.3 49826.5 58592.8      6    544      2023+760
ICRF J202251.3-403844  2019-408     20 22 51.32006612  -40 38 44.7424600  0.00000690 0.0002338  -0.042  59032.0 57011.1 60799.7      9    391      2019-408
ICRF J202251.5-205855  2019-211     20 22 51.50216046  -20 58 55.1952478  0.00000825 0.0003020  -0.114  58603.9 58158.9 59440.3      5    288      2019-211
ICRF J202255.1-120404  2020-122     20 22 55.15437956  -12 04 04.7523973  0.00001987 0.0005970   0.204  57683.5 53560.9 58644.9      5    235      2020-122
ICRF J202313.4-085514  2020-090     20 23 13.40207320  -08 55 14.1143874  0.00000473 0.0001798  -0.387  60430.8 60276.7 60675.9      2    215      2020-090
ICRF J202319.0+315302  2021+317     20 23 19.01734118   31 53 02.3060815  0.00000236 0.0000365  -0.013  52683.7 45774.8 59358.6     59   1530      2021+317
ICRF J202323.1+222352  2021+222     20 23 23.16023213   22 23 52.5251946  0.00000535 0.0001478  -0.439  57074.5 50084.5 59320.9      7    534      2021+222
ICRF J202332.8-012342  2020-015     20 23 32.81636507  -01 23 42.1533534  0.00000341 0.0001222  -0.197  58185.6 53559.8 60675.9      6    437      2020-015
ICRF J202346.2-365520  2020-370     20 23 46.20408594  -36 55 20.8123556  0.00001559 0.0005131   0.457  60242.2 59816.3 60425.9      3    141      2020-370
ICRF J202355.8+542735  2022+542     20 23 55.84400393   54 27 35.8291020  0.00000341 0.0000396  -0.286  56880.3 49576.0 58990.8      9    781      2022+542
ICRF J202422.7+002753  2021+003     20 24 22.71506352   00 27 53.1017389  0.00000527 0.0001629  -0.203  57355.6 52939.7 58644.9      5    400      2021+003
ICRF J202435.5-325335  2021-330     20 24 35.57646743  -32 53 35.9123441  0.00000456 0.0001508   0.141  57528.2 53125.1 58551.2      7    396      2021-330
ICRF J202451.2+273601  2022+274     20 24 51.23120299   27 36 01.6981928  0.00000452 0.0001028  -0.342  57882.1 50218.8 59508.8      6    396      2022+274
ICRF J202456.5+171813  2022+171     20 24 56.56343999   17 18 13.1976071  0.00000202 0.0000573  -0.104  55578.9 50084.5 60135.7      8    531      2022+171
ICRF J202509.6+031644  2022+031     20 25 09.63216063   03 16 44.5045453  0.00000253 0.0000750  -0.059  56550.9 49913.7 60715.1      6    541      2022+031
ICRF J202510.8+334300  2023+335     20 25 10.84211773   33 43 00.2142596  0.00000504 0.0000713  -0.112  55381.2 48222.7 60834.1     20    708      2023+336
ICRF J202524.9+502839  2023+503     20 25 24.97251759   50 28 39.5370467  0.00000529 0.0000704  -0.164  57779.4 49576.0 60710.7      7    702      2023+503
ICRF J202540.6-073552  2022-077  D  20 25 40.66040115  -07 35 52.6888864  0.00000145 0.0000280  -0.058  58710.0 50575.3 60704.8     43   1551      2022-077
ICRF J202553.6-284548  2022-289     20 25 53.61284841  -28 45 48.6982370  0.00000355 0.0001205   0.053  57991.3 53522.9 60834.1      9    654      2022-289
ICRF J202704.3-213619  2024-217     20 27 04.38714167  -21 36 19.0326861  0.00000904 0.0002736  -0.275  58260.3 57596.8 58712.2      6    386      2024-217
ICRF J202706.8-220811  2024-223     20 27 06.88043530  -22 08 11.4480743  0.00000648 0.0001253   0.014  58890.4 58530.3 59440.3      6    287      2024-223
ICRF J202709.1+112956  2024+113     20 27 09.13035360   11 29 56.4112720  0.00004951 0.0006267  -0.146  60099.0 59742.1 60425.9      4    132      2024+113
ICRF J202752.6-083155  2025-086     20 27 52.60103674  -08 31 55.8773841  0.00000277 0.0000938  -0.185  57739.7 53551.8 60675.9      6    611      2025-086
ICRF J202854.1+383247  2027+383     20 28 54.02877198   38 32 48.1507907  0.00022417 0.0046024  -0.567  59627.2 58386.0 60834.1      8     50      2027+383
ICRF J202918.9+463602  2027+464     20 29 18.93600370   46 36 02.2523646  0.00002742 0.0004321  -0.196  58020.6 50305.3 60203.4      8    259      2027+464
ICRF J202935.0-533907  2025-538     20 29 35.05515326  -53 39 07.2912423  0.00008746 0.0025706  -0.145  54722.8 54722.8 54722.8      1      8      2025-538
ICRF J202939.8+492622  2028+492     20 29 39.87461606   49 26 22.1477682  0.00003745 0.0004166   0.155  58879.1 53560.9 60323.7     10    199      2028+492
ICRF J203001.6-250636  2027-252     20 30 01.65135504  -25 06 36.6264793  0.00001180 0.0004235  -0.215  58873.5 56817.4 60645.2      8    315      2027-252
ICRF J203007.4-032512  2027-035     20 30 07.47571187  -03 25 12.5422092  0.00001109 0.0003292   0.022  57627.5 54439.8 58592.8      5    326      2027-035
ICRF J203015.1-062214  2027-065     20 30 15.13901103  -06 22 14.9332562  0.00000438 0.0001464   0.027  57315.1 54087.1 58592.8      5    410      2027-065
ICRF J203022.4-050312  2027-052     20 30 22.42839530  -05 03 12.7765084  0.00000436 0.0001487  -0.158  57433.8 53559.8 58600.6      5    396      2027-052
ICRF J203031.2+370036  2028+368     20 30 31.26708545   37 00 36.0271044  0.00009556 0.0007417   0.045  58613.3 53572.0 60425.9     12     88      2028+368
ICRF J203057.9-303924  2027-308     20 30 57.93397170  -30 39 24.3485527  0.00001030 0.0003801   0.437  58306.4 53133.5 60530.8      8    303      2027-308
ICRF J203104.2-261531  2028-264     20 31 04.28639531  -26 15 31.6664984  0.00000909 0.0002853  -0.045  58863.6 53572.0 60645.2     11    261      2028-264
ICRF J203112.7-201626  2028-204     20 31 12.74580703  -20 16 27.3363101  0.00039415 0.0101563  -0.391  59527.4 58203.3 60675.9      9     36      2028-204
ICRF J203132.3-450724  2028-452     20 31 32.33379749  -45 07 24.1624164  0.00002769 0.0006325  -0.381  59973.6 59353.8 60425.9      5    104      2028-452
ICRF J203147.2+023937  2029+024     20 31 47.25111411   02 39 37.2835043  0.00000235 0.0000368   0.020  57699.4 53767.8 60715.1     48   1446      2029+024
ICRF J203147.9+545503  2030+547     20 31 47.95853570   54 55 03.1393690  0.00000351 0.0000488  -0.115  53294.6 47284.7 58634.5     24   1290      2030+547
ICRF J203154.1+133009  2029+133     20 31 54.10422464   13 30 09.0285708  0.00001812 0.0004927  -0.345  60122.5 59776.7 60425.9      4    232      2029+133
ICRF J203154.9+121941  2029+121  D  20 31 54.99426833   12 19 41.3400274  0.00000062 0.0000123   0.000  56929.1 47019.0 60764.6    199   9139      2029+121
ICRF J203254.3-212515  2029-215     20 32 54.31557327  -21 25 15.7575275  0.00000935 0.0003369  -0.333  58639.3 56878.0 60645.2      6    426      2029-215
ICRF J203258.0+270249  2030+268     20 32 58.08040893   27 02 52.8546984  0.00001045 0.0002416  -0.528  59739.3 58136.6 60770.3      9    418      2030+268
ICRF J203332.0+214622  2031+216     20 33 32.03131241   21 46 22.4099269  0.00000378 0.0000805  -0.064  57723.5 50084.5 60135.7      6    476      2031+216
ICRF J203420.9-185826  2031-191     20 34 20.99798760  -18 58 26.3092270  0.00000584 0.0002240  -0.166  59901.5 59460.3 60497.5      4    292      2031-191
ICRF J203425.6-052331  2031-055     20 34 25.61759650  -05 23 31.9027088  0.00000559 0.0001785  -0.174  60198.3 59693.1 60472.1      3    265      2031-055
ICRF J203428.2+282039  2032+281     20 34 28.28372141   28 20 39.9893767  0.00000486 0.0001191  -0.253  58644.5 53522.9 60770.3      7    568      2032+281
ICRF J203437.1+115431  2032+117     20 34 37.10962717   11 54 31.3834913  0.00000448 0.0001415  -0.183  57561.1 49913.7 58871.4      6    444      2032+117
ICRF J203454.4-164026  2032-168     20 34 54.46441190  -16 40 26.6092681  0.00000414 0.0001457  -0.131  57897.8 53502.7 58746.6      6    434      2032-168
ICRF J203522.3+105606  2032+107     20 35 22.33330199   10 56 06.7880438  0.00000205 0.0000646  -0.083  56207.9 49913.7 60135.7     13    503      2032+107
ICRF J203523.7+582118  2034+581     20 35 23.75234447   58 21 18.7452028  0.00001577 0.0001140  -0.282  57125.3 49576.0 58634.5      5    422      2034+581
ICRF J203533.9+185705  2033+187     20 35 33.98310143   18 57 05.4548842  0.00002177 0.0003816   0.074  58499.9 52305.8 60152.8      7    263      2033+187
ICRF J203548.8-684633  2030-689     20 35 48.87649915  -68 46 33.8409113  0.00000891 0.0000564   0.122  57197.4 53222.4 58609.6     23    470      2030-689
ICRF J203637.7-283026  2033-286     20 36 37.77485619  -28 30 26.5306143  0.00000548 0.0001938  -0.133  57791.0 55041.8 59460.3      5    335      2033-286
ICRF J203640.7-062903  2034-066     20 36 40.70892146  -06 29 03.8479286  0.00000261 0.0000883  -0.123  57014.6 53522.9 58600.6      5    438      2034-066
ICRF J203651.1-214636  2033-219     20 36 51.17270615  -21 46 36.7501746  0.00000320 0.0000995  -0.230  58515.3 53551.8 60645.2     13    880      2033-219
ICRF J203656.9+222759  2034+222     20 36 56.91268189   22 27 59.2899646  0.00000429 0.0000927   0.003  59417.0 56392.8 60799.7      8    890      2034+222
ICRF J203727.9-152200  2034-155     20 37 27.93734181  -15 22 00.5027564  0.00000387 0.0000944   0.149  58116.6 53572.0 58771.7      9    532      2034-155
ICRF J203742.3+160503  2035+159     20 37 41.87643033   16 04 58.9371506  0.00006963 0.0030616   0.295  59235.9 58386.0 60425.9      8     47      2035+159
ICRF J203756.6-243832  2034-248     20 37 56.67493947  -24 38 32.5616133  0.00000599 0.0001659   0.110  57199.3 53559.8 58868.4      6    371      2034-248
ICRF J203827.7-201107  2035-203     20 38 27.79682899  -20 11 07.6869886  0.00002903 0.0010796  -0.479  59400.4 58551.2 60497.5      6    174      2035-203
ICRF J203837.0+511912  2037+511     20 38 37.03472382   51 19 12.6624577  0.00000037 0.0000037  -0.017  57441.2 45137.9 60856.7   2763 369581      3C418   
ICRF J203900.7-104641  2036-109     20 39 00.71042706  -10 46 41.8629303  0.00000300 0.0000873   0.003  58339.8 56878.0 59450.7      8    445      2036-109
ICRF J203909.9-031714  2036-034  D  20 39 09.98489094  -03 17 14.4172358  0.00000464 0.0001231   0.125  58544.4 53560.9 60675.9     18    842      2036-034
ICRF J203934.8+215209  2037+216  D  20 39 34.80831372   21 52 09.6827292  0.00000144 0.0000328  -0.232  59436.2 50084.5 60799.7     44   2288      2037+216
ICRF J204008.7-250746  2037-253  D  20 40 08.77290871  -25 07 46.6635543  0.00000238 0.0000525  -0.197  57738.0 47684.8 60675.9     90   2692      2037-253
ICRF J204014.2-383648  2036-387     20 40 14.23336742  -38 36 48.9401115  0.00001686 0.0005970   0.365  58867.0 53522.9 60425.9      9    211      2036-387
ICRF J204027.7-170703  2037-172     20 40 27.73358093  -17 07 03.1066735  0.00000475 0.0001766  -0.093  57788.4 53559.8 58794.6      6    424      2037-172
ICRF J204048.3+452717  2039+452     20 40 48.33298801   45 27 17.1453366  0.00003511 0.0004029   0.106  59277.9 58121.7 60406.0      9    167      2039+452
ICRF J204147.4-271816  2038-274     20 41 47.45327233  -27 18 16.7426974  0.00000885 0.0003280   0.218  58043.0 56878.0 59508.8      5    282      2038-274
ICRF J204150.2-373339  2038-377     20 41 50.24382122  -37 33 39.9960802  0.00005916 0.0019006  -0.411  60431.8 59508.8 60799.7      6     38      2038-377
ICRF J204214.5+035613  2039+037     20 42 14.50181377   03 56 13.9384591  0.00000669 0.0001931  -0.010  57783.4 54087.1 58644.9      5    344      2039+037
ICRF J204237.3+750802  2043+749     20 42 37.30799611   75 08 02.4452158  0.00001519 0.0000704  -0.210  57967.0 56301.8 58592.8      5    462      2043+749
ICRF J204245.6-141459  2039-144     20 42 45.66313031  -14 14 59.7903617  0.00000616 0.0002261   0.058  59128.0 58551.2 59707.7      5    350      2039-144
ICRF J204254.2-225559  2039-231     20 42 54.25406031  -22 55 59.9014974  0.00000395 0.0000783   0.216  57315.6 53551.8 58681.8      7    457      2039-231
ICRF J204257.2-222326  2040-225     20 42 57.27658486  -22 23 26.9147199  0.00001255 0.0002916   0.462  58425.0 53572.0 60675.9      8    382      2040-225
ICRF J204310.2+125513  2040+127     20 43 10.20917638   12 55 13.5690437  0.00000359 0.0001163  -0.338  57533.8 50084.5 60152.8      6    517      2040+127
ICRF J204334.4+342316  2041+342     20 43 34.45327035   34 23 16.9942498  0.00001076 0.0001490   0.152  57811.9 53559.8 58530.3      5    313      2041+342
ICRF J204442.6-094038  2042-098     20 44 42.67521203  -09 40 38.7260530  0.00000418 0.0001583  -0.340  57477.4 53152.3 58600.6      5    434      2042-098
ICRF J204446.1-063227  2042-067     20 44 46.12318291  -06 32 27.6236466  0.00001649 0.0004483  -0.436  59984.7 59115.8 60485.9      5    204      2042-067
ICRF J204523.7-185853  2042-191     20 45 23.73462719  -18 58 53.5274609  0.00000440 0.0000981   0.074  58239.8 56878.0 58803.0      8    519      2042-191
ICRF J204540.9+762510  2046+762     20 45 40.93290331   76 25 10.9839867  0.00004316 0.0001170   0.313  58603.6 53789.1 60764.6      7    496      2046+762
ICRF J204545.4+154727  2043+156     20 45 45.49404129   15 47 27.3406282  0.00000337 0.0000892   0.027  57480.1 53560.9 60152.8      8    761      2043+156
ICRF J204654.8-115247  2044-120     20 46 54.84168714  -11 52 47.7692003  0.00002582 0.0006603   0.405  58797.4 56878.0 60554.7      8    274      2044-120
ICRF J204655.7+050639  2044+049     20 46 55.77970134   05 06 39.0206052  0.00002809 0.0011943  -0.598  59969.4 59460.3 60425.9      4     60      2044+049
ICRF J204710.3-023622  2044-027     20 47 10.36646358  -02 36 22.1393006  0.00000406 0.0001476  -0.256  57752.7 52305.8 58621.5      5    391      2044-027
ICRF J204719.6-163905  2044-168     20 47 19.66701775  -16 39 05.8429344  0.00000484 0.0001575  -0.274  57440.8 50631.3 58803.0     10    561      2044-168
ICRF J204737.6-284959  2044-290     20 47 37.63968328  -28 49 59.6640679  0.00000814 0.0002663   0.076  58183.9 53560.9 60323.7      6    293      2044-290
ICRF J204737.6-184141  2044-188     20 47 37.65526263  -18 41 41.3508944  0.00000538 0.0002135   0.007  57808.5 54111.8 58803.0      6    489      2044-188
ICRF J204745.8-024604  2045-029     20 47 45.80332245  -02 46 04.1707445  0.00000977 0.0003100  -0.064  60480.4 60442.8 60554.7      2    158      2045-029
ICRF J204753.7+534332  2046+535     20 47 53.79606710   53 43 32.3994103  0.00000738 0.0000646  -0.221  57374.4 49576.0 58634.5      5    449      2046+535
ICRF J204819.5+431042  2046+429     20 48 19.52612919   43 10 42.0504013  0.00012509 0.0014045  -0.386  58091.3 52408.7 60425.9     12     45      2046+429
ICRF J204849.5-160014  2046-161     20 48 49.57098821  -16 00 14.0178431  0.00001116 0.0004155   0.373  59124.5 58556.9 60203.4      5    314      2046-161
ICRF J204858.3+123911  2046+124     20 48 58.32215635   12 39 11.2168066  0.00000387 0.0001233  -0.274  59844.7 59080.8 60442.8      5    436      2046+124
ICRF J204910.0-402031  2045-405     20 49 10.01500862  -40 20 31.1372035  0.00000777 0.0002581  -0.069  58601.6 55167.8 60442.8      8    331      2045-405
ICRF J204942.2-191504  2046-194     20 49 42.29359907  -19 15 04.7515871  0.00000555 0.0001188  -0.146  59060.0 57973.7 60675.9      8    396      2046-194
ICRF J204945.8+100314  2047+098     20 49 45.86497270   10 03 14.3974545  0.00000203 0.0000616  -0.125  56770.2 49913.7 58871.4      6    664      2047+098
ICRF J205002.2+361952  2048+361     20 50 02.28454924   36 19 52.5022113  0.00001157 0.0001899   0.034  57983.4 50241.8 59358.6      9    279      2048+361
ICRF J205006.2+040748  2047+039     20 50 06.24059879   04 07 48.8893412  0.00000223 0.0000722  -0.210  56239.3 49913.7 58644.9      5    454      2047+039
ICRF J205024.6-262818  2047-266     20 50 24.69382957  -26 28 18.0575493  0.00000399 0.0001516   0.007  56977.1 53560.9 59320.9      7    479      2047-266
ICRF J205050.7+371433  2048+370     20 50 50.73906256   37 14 33.0769293  0.00003093 0.0006147  -0.504  58924.4 56878.0 60442.8     10    179      2048+370
ICRF J205051.1+312727  2048+312     20 50 51.13146401   31 27 27.3739961  0.00000608 0.0000825  -0.040  55099.8 48193.8 59320.9     26    597      CL4     
ICRF J205112.6+195006  2048+196     20 51 12.66593679   19 50 06.3039917  0.00001443 0.0006033  -0.440  58284.4 57406.7 58899.4      5    309      2048+196
ICRF J205119.5-350001  2048-351     20 51 19.56434084  -35 00 01.2157179  0.00000844 0.0002492   0.087  59990.9 59129.8 60442.8      5    184      2048-351
ICRF J205133.7+744140  2051+745     20 51 33.73455585   74 41 40.4981995  0.00002114 0.0000595  -0.296  53529.3 47010.4 58600.6     27    472      2051+745
ICRF J205135.5+174336  2049+175     20 51 35.58294709   17 43 36.9002572  0.00000300 0.0000767   0.006  55943.0 50084.5 58736.7      6    481      2049+175
ICRF J205200.2+685815  2051+687     20 52 00.24678455   68 58 15.7169797  0.00002469 0.0001047   0.201  58301.9 57134.8 59560.6      5    495      2051+687
ICRF J205243.6+161948  2050+161     20 52 43.61985100   16 19 48.8276809  0.00000376 0.0001088   0.173  56551.6 50084.5 60203.4      6    532      2050+161
ICRF J205252.0+363535  2050+364     20 52 52.05504647   36 35 35.3002639  0.00000309 0.0000612  -0.124  56360.4 50241.8 58540.2      5    296      2050+364
ICRF J205302.5+351521  2051+350     20 53 02.54795403   35 15 21.9196948  0.00001033 0.0001795   0.048  57937.0 53559.8 58540.2      5    342      2051+350
ICRF J205306.1-162007  2050-165     20 53 06.13024698  -16 20 07.6596641  0.00000962 0.0004416  -0.324  59255.7 58592.8 60497.5      6    247      2050-165
ICRF J205309.3+224801  2050+226     20 53 09.36405504   22 48 01.4869043  0.00000597 0.0001400  -0.054  57062.6 52939.7 58551.2      6    336      2050+226
ICRF J205358.6-170226  2051-172     20 53 58.69031450  -17 02 26.3343480  0.00000515 0.0002003  -0.390  59246.9 58592.8 60203.4      5    358      2051-172
ICRF J205422.0-201616  2051-204     20 54 22.07244578  -20 16 16.8196126  0.00000286 0.0001059  -0.168  57719.2 53152.3 59378.0      9    813      2051-204
ICRF J205429.5+240733  2052+239     20 54 29.53307312   24 07 33.7654173  0.00000519 0.0001227  -0.235  59309.9 57274.7 60799.7      8    649      2052+239
ICRF J205449.6+004153  2052+005     20 54 49.61116934   00 41 53.0330282  0.00000491 0.0001572  -0.056  59838.5 59080.8 60442.8      5    393      2052+005
ICRF J205538.8+612200  2054+611     20 55 38.83834693   61 22 00.6382705  0.00000861 0.0000783  -0.187  56435.6 49576.0 59560.6      6    444      2054+611
ICRF J205550.2-041647  2053-044     20 55 50.25797891  -04 16 47.0810369  0.00000425 0.0001215   0.028  56904.0 50575.3 60118.4      9    679      2053-044
ICRF J205551.1-123444  2053-127     20 55 51.19933957  -12 34 44.2388386  0.00000314 0.0001128  -0.127  58807.5 53152.3 60683.7      9    669      2053-127
ICRF J205616.3-471447  2052-474  D  20 56 16.35980465  -47 14 47.6277459  0.00000063 0.0000079   0.046  57563.3 48161.5 60852.8   1940  46669      2052-474
ICRF J205625.0-320847  2053-323     20 56 25.07023825  -32 08 47.8006434  0.00000471 0.0001713   0.032  57440.5 53125.1 58551.2      5    282      2053-323
ICRF J205654.9-385716  2053-391     20 56 54.90260700  -38 57 16.4011646  0.00001191 0.0004334   0.088  59626.5 58856.7 60442.8      6    198      2053-391
ICRF J205721.0-071939  2054-075     20 57 21.04590112  -07 19 39.6346155  0.00000282 0.0000910  -0.172  59042.8 55517.8 60710.7      8    786      2054-075
ICRF J205741.6-373402  2054-377     20 57 41.60347593  -37 34 02.9903541  0.00000499 0.0001001   0.090  57330.3 48161.5 59450.7     24    701      2054-377
ICRF J205828.8+054251  2055+055     20 58 28.87432339   05 42 51.0323760  0.00005995 0.0011362   0.305  60184.7 59642.1 60442.8      3     95      2055+055
ICRF J205846.7-144304  2056-149     20 58 46.74720178  -14 43 04.9874045  0.00000872 0.0003653  -0.293  59276.9 58600.6 60485.9      6    306      2056-149
ICRF J205941.5-364554  2056-369     20 59 41.59692788  -36 45 54.6132601  0.00001023 0.0003507  -0.167  58188.0 54600.8 58574.7      7    326      2056-369
ICRF J210004.8+234703  2057+235     21 00 04.83474983   23 47 03.4054038  0.00000532 0.0001292  -0.436  58120.1 57274.7 58556.9      5    367      2057+235
ICRF J210039.1+261537  2058+260     21 00 39.10010184   26 15 37.0247868  0.00001583 0.0002521  -0.188  57637.3 53133.5 58556.9      5    302      2058+260
ICRF J210054.9+561236  2059+560     21 00 54.97431793   56 12 36.6569253  0.00001310 0.0001082  -0.227  57636.1 54111.8 58644.9      5    321      2059+560
ICRF J210101.6-293327  2058-297     21 01 01.65998577  -29 33 27.8364791  0.00000322 0.0000849  -0.013  57083.7 50687.3 59378.0     28    566      2058-297
ICRF J210138.8+034131  2059+034  D  21 01 38.83415156   03 41 31.3208182  0.00000031 0.0000056   0.031  57873.4 48433.8 60856.7   1421  52567      2059+034
ICRF J210159.1-421916  2058-425     21 01 59.11372444  -42 19 16.1669070  0.00001648 0.0004511  -0.054  58013.3 48161.5 60448.8     16    280      2058-425
ICRF J210217.0+470216  2100+468     21 02 17.05601618   47 02 16.2530119  0.00000818 0.0000861  -0.145  58169.0 49176.8 59378.0      8    374      2100+468
ICRF J210223.5+350301  2100+348     21 02 23.50470311   35 03 01.6284036  0.00001005 0.0001910  -0.160  60333.6 59996.7 60442.8      2    147      2100+348
ICRF J210240.2+601509  2101+600     21 02 40.21902942   60 15 09.8365850  0.00000724 0.0000563   0.036  58955.9 49576.0 60259.3      9    850      2101+600
ICRF J210243.8+675819  2102+677     21 02 43.80746551   67 58 19.8350090  0.00001130 0.0000743  -0.125  57946.6 49826.5 58540.2      5    511      2102+677
ICRF J210245.8-331316  2059-334     21 02 45.88601576  -33 13 16.2028333  0.00001404 0.0004515   0.401  58016.4 53133.5 60323.7      6    278      2059-334
ICRF J210350.8-145308  2101-150     21 03 50.80484714  -14 53 08.4650769  0.00000466 0.0001837  -0.403  59156.0 58600.6 59742.1      5    391      2101-150
ICRF J210353.2-093341  2101-097     21 03 53.24194633  -09 33 41.6527656  0.00001361 0.0005023  -0.792  57992.8 57046.0 58621.5      5    303      2101-097
ICRF J210457.0-201102  2102-203     21 04 57.06953763  -20 11 02.0822778  0.00000840 0.0002016  -0.072  59464.8 58562.8 60203.4      5    168      2102-203
ICRF J210501.1-484846  2101-490     21 05 01.15808508  -48 48 46.5229860  0.00000652 0.0001062   0.174  58439.8 57596.8 59928.8     12    243      2101-490
ICRF J210507.7+003325  2102+003     21 05 07.71539521   00 33 25.0089276  0.00000520 0.0001654  -0.036  57682.4 53559.8 58669.6      5    350      2102+003
ICRF J210543.5+292052  2103+291     21 05 43.58963670   29 20 52.7867991  0.00000499 0.0001236  -0.150  60646.3 59996.7 60799.7      4    397      2103+291
ICRF J210544.9-782534  2059-786     21 05 44.96139924  -78 25 34.5469870  0.00001966 0.0000638   0.209  55073.5 47625.5 58144.8     27    202      2059-786
ICRF J210610.8+213535  2103+213     21 06 10.81818852   21 35 35.9963701  0.00000569 0.0001535  -0.304  56760.4 50084.5 59230.1      7    326      2103+213
ICRF J210613.4+123922  2103+124     21 06 11.17949817   12 39 56.0513133  0.00000480 0.0001417  -0.350  59836.5 59080.8 60442.8      5    449      2103+124
ICRF J210628.1+023137  2103+023     21 06 28.14877901   02 31 37.8013301  0.00000342 0.0001167  -0.120  58675.0 53560.9 60764.6      7    592      2103+023
ICRF J210637.5+552041  2105+551     21 06 37.53889072   55 20 41.7158005  0.00001664 0.0001456  -0.107  58459.9 58121.7 59280.1      5    391      2105+551
ICRF J210639.7+250057  2104+248     21 06 39.75773772   25 00 57.4891137  0.00000421 0.0000922  -0.348  59295.6 58658.7 59816.3      5    359      2104+248
ICRF J210648.0+600413  2105+598     21 06 48.08562311   60 04 13.0918516  0.00002389 0.0002309   0.067  58816.2 58278.8 59867.7      5    291      2105+598
ICRF J210659.7-654743  2102-659     21 06 59.72199767  -65 47 43.5866920  0.00002889 0.0002419  -0.163  56461.2 52860.2 58701.7     19     99      2102-659
ICRF J210727.0-170810  2104-173     21 07 27.02176417  -17 08 10.3587536  0.00000332 0.0001270  -0.205  57973.8 53522.9 58871.4      7    533      2104-173
ICRF J210730.7+134738  2105+135     21 07 30.77643896   13 47 38.7331240  0.00000995 0.0002120   0.266  59515.6 58436.8 60203.4      5    292      2105+135
ICRF J210807.4-291117  2105-293     21 08 07.40065839  -29 11 17.1670000  0.00000689 0.0002380  -0.133  57433.2 53572.0 58551.2      5    280      2105-293
ICRF J210812.3-245233  2105-250     21 08 12.31978377  -24 52 33.3234666  0.00000498 0.0001770  -0.066  57595.4 53152.3 58551.2      5    326      2105-250
ICRF J210829.3-210138  2105-212     21 08 29.34177388  -21 01 38.1986131  0.00004208 0.0011801  -0.076  58957.2 57011.1 60497.5     14    131      2105-212
ICRF J210841.0+143027  2106+143     21 08 41.03214623   14 30 27.0125748  0.00000103 0.0000184  -0.040  57866.6 50084.5 60845.8    129   4448      2106+143
ICRF J210850.7-484621  2105-489     21 08 50.79703892  -48 46 21.6213304  0.00002120 0.0003914  -0.208  58537.3 58009.8 58815.7      7     67      2105-489
ICRF J210919.1+802111  2111+801     21 09 19.16454858   80 21 11.2272973  0.00004673 0.0001076  -0.098  58940.3 56301.8 60764.6      6    463      2111+801
ICRF J210928.9+161419  2107+160     21 09 28.99118796   16 14 19.4914996  0.00000578 0.0001291  -0.112  59797.6 59037.7 60162.4      6    575      2107+160
ICRF J210931.8+353257  2107+353     21 09 31.87871245   35 32 57.5972398  0.00000170 0.0000329  -0.093  58481.7 50241.8 60834.1      8   1088      2107+353
ICRF J210933.1-411020  2106-413     21 09 33.18861571  -41 10 20.6053465  0.00000290 0.0000482   0.044  56345.3 47625.5 59378.0    137   1997      2106-413
ICRF J210955.4+221215  2107+220     21 09 55.45443077   22 12 15.6510992  0.00000465 0.0001095  -0.211  59327.1 58658.7 59867.7      5    379      2107+220
ICRF J211000.9-102057  2107-105     21 10 00.97896654  -10 20 57.3193366  0.00000368 0.0001268  -0.243  56363.9 50575.3 58644.9      5    291      2107-105
ICRF J211013.8-363526  2107-367     21 10 13.86890337  -36 35 26.3366130  0.00000851 0.0003054   0.101  59626.3 58856.7 60448.8      6    250      2107-367
ICRF J211022.6-012658  2107-016     21 10 22.61904687  -01 26 58.2421746  0.00000550 0.0001694  -0.112  58178.8 53152.3 60760.8      7    533      2107-016
ICRF J211136.0-114647  2108-119     21 11 36.03332378  -11 46 47.1466997  0.00000364 0.0001424  -0.382  59344.2 58621.5 60203.4      5    486      2108-119
ICRF J211147.1-322439  2108-326     21 11 47.12055004  -32 24 39.3421121  0.00000742 0.0002866   0.069  60097.4 59867.7 60323.7      4    158      2108-326
ICRF J211329.4+401251  2111+400  D  21 13 29.48624060   40 12 51.3875930  0.00000657 0.0000810  -0.124  59062.0 53152.3 60834.1     36   1389      2111+400
ICRF J211354.7+112125  2111+111     21 13 54.71453308   11 21 25.3964888  0.00000441 0.0001486  -0.337  58735.9 56833.8 60764.6      7    464      2111+111
ICRF J211401.1+820448  2116+818     21 14 01.17110621   82 04 48.3403571  0.00002465 0.0000656  -0.234  58587.4 53789.1 59378.0     12   1207      2116+818
ICRF J211432.8+463439  2112+463     21 14 32.87566595   46 34 39.3015061  0.00000907 0.0000989  -0.152  58303.6 57011.1 59190.8      7    427      2112+463
ICRF J211440.6+171422  2112+170     21 14 40.64063293   17 14 22.3480550  0.00000404 0.0001049  -0.072  59763.4 59037.7 60162.4      6    525      2112+170
ICRF J211444.1+374225  2112+374     21 14 44.12391232   37 42 25.7186578  0.00000948 0.0001377  -0.043  59208.8 58440.3 60259.3      5    434      2112+374
ICRF J211450.4+313021  2112+312     21 14 50.45942391   31 30 21.2021150  0.00007418 0.0007052  -0.161  60164.1 59642.1 60497.5      3     96      2112+312
ICRF J211452.8+202626  2112+202     21 14 52.88445571   20 26 26.9661185  0.00000523 0.0001287  -0.053  59323.0 58658.7 59867.7      5    380      2112+202
ICRF J211458.3+283257  2112+283     21 14 58.33362070   28 32 57.1966353  0.00000253 0.0000527  -0.023  57133.9 50218.8 60135.7      9    768      2112+283
ICRF J211518.4-141643  2112-144     21 15 18.43554914  -14 16 43.3723624  0.00000186 0.0000657  -0.217  58483.0 53551.8 60602.5     15   1223      2112-144
ICRF J211529.4+293338  2113+293  D  21 15 29.41345021   29 33 38.3668892  0.00000030 0.0000055   0.005  57024.1 46976.9 60856.7   2055  93975      2113+293
ICRF J211629.8-552720  2112-556     21 16 29.81618644  -55 27 20.4448752  0.00001180 0.0001787   0.251  58446.0 58009.8 59065.7      5     76      2112-556
ICRF J211630.8-805355  2109-811  D  21 16 30.84559732  -80 53 55.2230015  0.00002379 0.0000445  -0.061  55666.2 48043.0 60598.5     41    431      2109-811
ICRF J211636.6+053617  2114+053     21 16 36.63486989   05 36 17.0457337  0.00000426 0.0001426  -0.248  57409.8 54111.8 58669.6      5    360      2114+053
ICRF J211650.7+022546  2114+022     21 16 50.74495489   02 25 46.2650205  0.00005780 0.0021074   0.160  58578.2 56878.0 60448.8     10    119      2114+022
ICRF J211720.7+050304  2114+048     21 17 20.75709030   05 03 04.1129211  0.00000255 0.0000834  -0.205  57402.9 49913.7 60770.3      7    610      2114+048
ICRF J211751.5-152241  2115-155     21 17 51.54363311  -15 22 41.7245055  0.00000556 0.0001895  -0.167  59611.2 58621.5 60162.4      6    622      2115-155
ICRF J211756.4+543132  2116+543     21 17 56.48452466   54 31 32.5020107  0.00000775 0.0000772   0.009  57792.7 53572.0 58644.9      5    461      2116+543
ICRF J211810.5-301911  2115-305     21 18 10.59807648  -30 19 11.6096191  0.00000984 0.0003340  -0.376  58588.7 48161.5 60406.0      8    301      2115-305
ICRF J211817.3+001316  2115+000     21 18 17.39852185   00 13 16.8094659  0.00000389 0.0001344  -0.039  60581.2 60448.8 60770.3      3    284      2115+000
ICRF J211834.7+203402  2116+203     21 18 34.72944982   20 34 02.0786039  0.00000544 0.0001218  -0.411  58674.1 57784.7 59867.7      6    534      2116+203
ICRF J211843.2-063617  2116-068     21 18 43.24216461  -06 36 17.9992925  0.00000403 0.0001525  -0.235  58130.4 53502.7 59378.0      8    700      2116-068
ICRF J211928.8-234029  2116-238     21 19 28.89055375  -23 40 29.7256946  0.00002130 0.0006655  -0.643  58008.7 57011.1 60530.8      6    259      2116-238
ICRF J211939.8-110614  2116-113     21 19 39.88085982  -11 06 14.6965138  0.00000267 0.0000955  -0.237  59552.5 58621.5 60162.4      6    724      2116-113
ICRF J211954.1+711036  2119+709     21 19 54.16462562   71 10 36.1019368  0.00002299 0.0000871  -0.051  57480.4 49826.5 58600.6      6    393      2119+709
ICRF J212015.3-245051  2117-250     21 20 15.39762990  -24 50 51.1137828  0.00000868 0.0003224  -0.249  58946.5 57011.1 60675.9      9    314      2117-250
ICRF J212028.5+024634  2117+025     21 20 28.52997868   02 46 34.3083543  0.00001499 0.0005341  -0.304  58121.2 56878.0 58677.2      5    257      2117+025
ICRF J212031.7+443434  2118+443     21 20 31.77424661   44 34 34.2637914  0.00003483 0.0002203  -0.173  58744.9 50305.3 60442.8     14    216      2118+443
ICRF J212041.1+053345  2118+053     21 20 41.18229144   05 33 45.0089169  0.00000287 0.0000920  -0.155  57259.7 53133.5 58677.2      5    423      2118+053
ICRF J212046.2+664220  2119+664     21 20 46.20186441   66 42 20.2333139  0.00001548 0.0000977   0.133  58585.1 49826.5 60425.9      7    521      2119+664
ICRF J212048.4-033028  2118-037     21 20 48.47353420  -03 30 28.9296062  0.00000513 0.0001674  -0.145  57667.7 53560.9 58631.3      5    431      2118-037
ICRF J212100.6+190128  2118+188     21 21 00.60664554   19 01 28.2789756  0.00000443 0.0001236  -0.223  56855.4 50084.5 58899.4      6    361      2118+188
ICRF J212104.0-611124  2117-614     21 21 04.07416505  -61 11 24.6246399  0.00002228 0.0001838   0.645  56220.8 52860.2 59192.8     28    111      2117-614
ICRF J212113.1-370308  2118-372     21 21 13.19376989  -37 03 08.9019246  0.00000655 0.0002255  -0.141  57806.6 53125.1 60448.8      6    312      2118-372
ICRF J212118.5-262853  2118-266     21 21 18.50029912  -26 28 53.9271609  0.00001050 0.0003812  -0.264  58882.1 57098.3 60162.4      9    252      2118-266
ICRF J212155.0-640430  2117-642     21 21 55.02141640  -64 04 30.0455378  0.00045923 0.0029278  -0.437  53925.0 52886.6 58974.7      5     15      2117-642
ICRF J212248.5+650645  2121+648     21 22 48.50017643   65 06 45.9666229  0.00000754 0.0000612  -0.016  60563.0 60354.8 60834.1      3    350      2121+648
ICRF J212305.3+550027  2121+547  D  21 23 05.31344687   55 00 27.3252041  0.00000433 0.0000480  -0.319  58520.9 49576.0 60402.7     39   1447      2121+547
ICRF J212313.3+100754  2120+099     21 23 13.35846400   10 07 54.9453348  0.00000343 0.0000955  -0.154  58649.9 49913.7 60770.3     11    672      2120+099
ICRF J212331.8+461422  2121+460     21 23 31.82843753   46 14 22.9606152  0.00000586 0.0000873   0.013  56836.2 50305.3 58600.6      9    598      2121+460
ICRF J212335.3-051945  2120-055     21 23 35.30419366  -05 19 45.2391933  0.00001162 0.0004329  -0.425  58089.4 57046.0 58631.3      5    285      2120-055
ICRF J212343.3+265807  2121+267     21 23 43.38893668   26 58 07.2908565  0.00005328 0.0008560   0.027  60107.1 59867.7 60530.8      3    107      2121+267
ICRF J212344.5+053522  2121+053     21 23 44.51740059   05 35 22.0929775  0.00000039 0.0000076   0.004  51357.7 44447.9 60555.7   1558  50638      2121+053
ICRF J212348.5-304605  2120-309     21 23 48.59955065  -30 46 05.4389072  0.00000609 0.0002202  -0.176  57497.3 54964.8 59280.1      5    288      2120-309
ICRF J212444.6-194143  2121-199     21 24 44.64019303  -19 41 43.3743360  0.00000466 0.0000908   0.047  58436.6 56035.8 60675.9      7    369      2121-199
ICRF J212455.3-143813  2122-148     21 24 55.34971663  -14 38 13.3199906  0.00000800 0.0002399   0.153  57834.2 53560.9 58921.9      7    395      2122-148
ICRF J212526.1+244203  2123+244     21 25 26.17069287   24 42 03.5848128  0.00000507 0.0001489  -0.187  57839.8 53125.1 58592.8      6    355      2123+244
ICRF J212527.4+642339  2124+641     21 25 27.44703205   64 23 39.3566924  0.00000928 0.0001213  -0.417  56574.5 49826.5 58551.2      5    440      2124+641
ICRF J212529.2+044135  2122+044     21 25 29.25544373   04 41 35.5217520  0.00000227 0.0000737  -0.102  57531.6 49913.7 60770.3      7    757      2122+044
ICRF J212552.1-233811  2122-238     21 25 52.12224501  -23 38 11.7394168  0.00001154 0.0004678   0.034  57585.2 54964.8 59522.9      5    261      2122-238
ICRF J212619.6-065408  2123-071     21 26 19.66022581  -06 54 08.9362567  0.00001159 0.0004177  -0.354  58433.0 57046.0 60485.9      6    255      2123-071
ICRF J212630.5-165917  2123-172     21 26 30.53785204  -16 59 17.6184331  0.00000444 0.0001063  -0.228  59029.1 58576.8 59560.6      6    335      2123-172
ICRF J212630.7-460547  2123-463     21 26 30.70426971  -46 05 47.8919197  0.00000381 0.0000687   0.129  57408.7 53222.4 60395.7     65    606      2123-463
ICRF J212632.7-011932  2123-015     21 26 32.75746798  -01 19 32.4052547  0.00000345 0.0001215  -0.317  57043.7 50575.3 58631.3      5    515      2123-015
ICRF J212808.2+023824  2125+024     21 28 08.25253545   02 38 24.7981306  0.00006600 0.0013719   0.053  60248.7 59693.1 60448.8      4     77      2125+024
ICRF J212821.8-150452  2125-152     21 28 21.89017370  -15 04 52.7204005  0.00003360 0.0008373  -0.393  59555.3 58631.3 60530.8      7    236      2125-152
ICRF J212912.1-153841  2126-158     21 29 12.17588787  -15 38 41.0422021  0.00000040 0.0000096   0.076  57479.5 47175.5 60852.8   1706  30159      2126-158
ICRF J212921.4-182122  2126-185     21 29 21.41910436  -18 21 22.7904497  0.00000315 0.0001123  -0.152  56429.5 50631.3 58921.9      8    611      2126-185
ICRF J212937.7+681949  2128+681     21 29 37.77924561   68 19 49.1483155  0.00001377 0.0001071  -0.091  58895.1 58300.8 59875.5      5    470      2128+681
ICRF J213016.2+084355  2127+085     21 30 16.24975038   08 43 55.9274318  0.00000439 0.0001457  -0.162  56739.0 52408.7 58712.2      5    569      2127+085
ICRF J213019.0-092737  2127-096     21 30 19.08826075  -09 27 37.4352348  0.00000118 0.0000187   0.062  57465.3 50575.3 60831.8    197   3811      2127-096
ICRF J213022.3+164325  2128+165     21 30 22.36702374   16 43 25.6220216  0.00000237 0.0000660  -0.240  59729.1 58436.8 60162.4      6    619      2128+165
ICRF J213029.6+333249  2128+333     21 30 29.69959379   33 32 49.0562813  0.00000979 0.0001796  -0.270  58316.1 57784.7 58551.2      5    450      2128+333
ICRF J213032.8+050217  2128+048     21 30 32.87739869   05 02 17.4745119  0.00000674 0.0001514  -0.161  55434.1 47287.8 58712.2     32    335      2128+048
ICRF J213101.4-203656  2128-208     21 31 01.47619083  -20 36 56.1570299  0.00001525 0.0003713  -0.301  58630.9 57596.8 60530.8     11    251      2128-208
ICRF J213135.2-120704  2128-123     21 31 35.26175049  -12 07 04.7961674  0.00000060 0.0000155   0.142  52270.9 45465.3 60450.7   1217  16391      2128-123
ICRF J213139.3+843011  2135+842     21 31 39.32184792   84 30 11.8174694  0.00005908 0.0001234  -0.383  58084.4 53789.1 58899.4      6    593      2135+842
ICRF J213320.3-181051  2130-184     21 33 20.30282531  -18 10 51.5102081  0.00000645 0.0002443  -0.118  59556.4 58634.5 60162.4      6    454      2130-184
ICRF J213334.0+823906  2136+824     21 33 34.07944531   82 39 06.0537706  0.00004218 0.0000890  -0.392  56565.9 50687.3 58710.8      9    434      2136+824
ICRF J213337.3+144346  2131+145     21 33 37.38927334   14 43 46.4639390  0.00000384 0.0001229  -0.285  58864.8 55775.7 60770.3      7    567      2131+145
ICRF J213401.1-421843  2130-425     21 34 01.17230939  -42 18 43.2497310  0.00001017 0.0003391  -0.058  58756.3 53133.5 60448.8      9    291      2130-425
ICRF J213410.3-015317  2131-021     21 34 10.30959103  -01 53 17.2389494  0.00000055 0.0000105   0.028  57059.6 47175.5 60842.7    317  11728      2131-021
ICRF J213412.0-041909  2131-045     21 34 12.01081443  -04 19 09.8596742  0.00000465 0.0001463  -0.170  59876.9 59402.8 60448.8      5    428      2131-045
ICRF J213424.1+405011  2132+406     21 34 24.10677213   40 50 11.3325817  0.00000601 0.0000924  -0.131  58360.8 57011.1 59776.7      6    480      2132+406
ICRF J213430.1-213032  2131-217     21 34 30.17975779  -21 30 32.8010158  0.00001773 0.0007006  -0.324  59437.1 58278.8 60323.7      7    114      2131-217
ICRF J213450.8-335114  2131-340     21 34 50.82451908  -33 51 14.7511297  0.00000761 0.0002776  -0.170  57543.5 55412.8 58592.8      5    285      2131-340
ICRF J213524.3-023551  2132-028     21 35 24.38597632  -02 35 51.4342455  0.00000545 0.0001889  -0.481  59718.1 58672.7 60472.1      6    364      2132-028
ICRF J213551.0+471022  2133+469     21 35 51.05770480   47 10 22.1731068  0.00001520 0.0002321  -0.115  57991.7 57011.1 58621.5      5    304      2133+469
ICRF J213622.3-064352  2133-069     21 36 22.30842876  -06 43 52.0983143  0.00000550 0.0000781  -0.009  59065.6 58197.7 60497.5      9    300      2133-069
ICRF J213624.0+430142  2134+428     21 36 24.00637608   43 01 42.4736803  0.00000591 0.0000844  -0.152  57628.1 53572.0 58621.5      5    438      2134+428
ICRF J213624.4-104245  2133-109     21 36 24.48119245  -10 42 45.2917839  0.00001203 0.0004960  -0.748  59215.2 58634.5 60219.1      5    299      2133-109
ICRF J213638.5+004154  2134+004     21 36 38.58633979   00 41 54.2128121  0.00000085 0.0000136  -0.128  49867.8 44088.7 60696.7   1266  28738      2134+00 
ICRF J213700.9+510136  2135+508     21 37 00.98616188   51 01 36.1290702  0.00000647 0.0000646   0.101  57375.6 52305.8 59271.2      6    517      2135+508
ICRF J213705.9+235701  2134+237     21 37 05.96619615   23 57 01.9291529  0.00001720 0.0004676  -0.561  59557.3 57784.7 60834.1     10    185      2134+237
ICRF J213744.1+345542  2135+347     21 37 44.10281597   34 55 42.0916815  0.00000363 0.0000756  -0.122  57922.2 53133.5 58551.2      5    361      2135+347
ICRF J213745.1-143255  2135-147     21 37 45.19594094  -14 32 55.6960181  0.00000457 0.0001017  -0.241  59213.2 57973.7 60602.5      8    499      2135-147
ICRF J213750.0-204231  2135-209     21 37 50.00787962  -20 42 31.6721600  0.00001684 0.0004813  -0.127  58599.2 52305.8 60323.7      9    290      2135-209
ICRF J213837.1-243954  2135-248     21 38 37.18108129  -24 39 54.4662651  0.00000319 0.0001161  -0.025  57326.3 50631.3 60162.4      7    639      2135-248
ICRF J213841.9-181044  2135-184     21 38 41.92656165  -18 10 44.3697682  0.00005402 0.0010497  -0.127  57549.1 50631.3 60323.7     21    282      2135-184
ICRF J213847.4-184930  2136-190     21 38 47.44905378  -18 49 30.6735534  0.00000661 0.0001516   0.230  57867.4 53559.8 58669.6      8    385      2136-190
ICRF J213901.3+142335  2136+141     21 39 01.30926761   14 23 35.9921555  0.00000031 0.0000055  -0.058  54097.4 45465.3 60696.7   1247  56367      2136+141
ICRF J213908.0-110418  2136-112     21 39 08.07213679  -11 04 18.4220054  0.00002191 0.0006778  -0.536  59563.6 58644.9 60497.5      5    220      2136-112
ICRF J213913.2-245415  2136-251     21 39 13.22893842  -24 54 15.0674293  0.00000791 0.0002535   0.251  58758.2 55370.8 60715.1      7    414      2136-251
ICRF J213938.1+131613  2137+130     21 39 38.14054824   13 16 13.0489985  0.00000306 0.0000866   0.006  59126.5 53560.9 60799.7      7    554      2137+130
ICRF J213942.5+012227  2137+011     21 39 42.50887356   01 22 27.1675969  0.00000608 0.0001977  -0.177  57210.2 49913.7 58712.2      5    464      2137+011
ICRF J214016.9+391144  2138+389     21 40 16.94709363   39 11 44.8546013  0.00000586 0.0000969  -0.171  57541.8 50241.8 58551.2      5    370      2138+389
ICRF J214020.1+441103  2138+439     21 40 20.10543283   44 11 03.0584753  0.00016275 0.0017443   0.163  60219.9 59776.7 60442.8      4     61      2138+439
ICRF J214046.8-192356  2137-196     21 40 46.86016591  -19 23 56.0469882  0.00000600 0.0000947   0.060  58319.6 53572.0 60715.1     10    456      2137-196
ICRF J214056.5-280459  2138-283     21 40 56.52528339  -28 04 59.9459578  0.00001391 0.0004218  -0.508  58265.3 53502.7 60406.0      6    305      2138-283
ICRF J214152.4-372912  2138-377     21 41 52.44897470  -37 29 12.9914029  0.00000944 0.0002049  -0.110  57761.3 53125.1 60084.1     24    319      2138-377
ICRF J214215.9-255126  2139-260     21 42 15.92642343  -25 51 26.5965875  0.00000896 0.0002935  -0.152  58333.3 53522.9 60760.8      7    333      2139-260
ICRF J214230.9-244438  2139-249     21 42 30.95903937  -24 44 38.8322285  0.00000426 0.0001522  -0.143  57413.7 54111.8 59320.9      7    477      2139-249
ICRF J214236.9-043743  2140-048     21 42 36.90169741  -04 37 43.5126309  0.00000263 0.0000904  -0.198  57103.3 50575.3 60135.7      9    768      2140-048
ICRF J214241.9-230338  2139-232     21 42 41.94594898  -23 03 38.4771965  0.00000586 0.0002032   0.140  58199.8 53559.8 60715.1      6    348      2139-232
ICRF J214305.0-254943  2140-260     21 43 05.05953154  -25 49 43.0303184  0.00000772 0.0002698   0.149  58507.5 57046.0 60715.1      6    371      2140-260
ICRF J214321.0-175338  2140-181     21 43 21.03208350  -17 53 38.3892724  0.00000588 0.0002084  -0.331  59769.8 58644.9 60219.1      6    427      2140-181
ICRF J214335.5+174348  2141+175     21 43 35.54456409   17 43 48.7875511  0.00000042 0.0000065  -0.013  57144.5 53125.1 60578.8    393  24388      2141+175
ICRF J214350.1+333710  2141+333     21 43 50.13583527   33 37 10.8181073  0.00000454 0.0000921  -0.054  57925.0 53560.9 58556.9      5    474      2141+333
ICRF J214451.1-331255  2141-334     21 44 51.18562852  -33 12 55.0992580  0.00000635 0.0002165  -0.138  57214.1 53133.5 58592.8      6    286      2141-334
ICRF J214501.1-335716  2142-341     21 45 01.13253859  -33 57 16.3927438  0.00001144 0.0004178  -0.141  60580.1 60406.0 60834.1      3    135      2142-341
ICRF J214518.7+111527  2142+110  D  21 45 18.77506734   11 15 27.3122707  0.00000090 0.0000235  -0.116  58154.5 49913.7 60799.7    106   5532      2142+110
ICRF J214533.3-043439  2142-048     21 45 33.38690381  -04 34 39.1878263  0.00001634 0.0005617  -0.321  59159.8 57722.8 60472.1      8    320      2142-048
ICRF J214546.9-314234  2142-319     21 45 46.94210666  -31 42 34.3825969  0.00000670 0.0002428  -0.053  59607.0 58988.7 60135.7      6    258      2142-319
ICRF J214605.7-293511  2143-298     21 46 05.75216865  -29 35 11.4115489  0.00000570 0.0002094  -0.220  58715.6 58304.5 59271.2      5    303      2143-298
ICRF J214622.9-152543  2143-156  D  21 46 22.97932425  -15 25 43.8857323  0.00000072 0.0000186  -0.051  58001.4 48196.1 60810.8    316  10290      2143-156
ICRF J214625.9+570324  2144+568     21 46 25.93690958   57 03 24.6879641  0.00017760 0.0020936  -0.339  58543.1 53125.1 60442.8     15     55      2144+568
ICRF J214630.0-775554  2140-781     21 46 30.06953844  -77 55 54.7345553  0.00004446 0.0001591   0.364  58312.9 58009.8 58701.7      3     87      2140-781
ICRF J214632.3-232634  2143-236     21 46 32.39419577  -23 26 34.0068134  0.00000826 0.0002806  -0.502  57976.9 57046.0 58621.5      5    288      2143-236
ICRF J214655.1+042725  2144+042     21 46 55.19196852   04 27 25.4776912  0.00000252 0.0000828  -0.143  57481.8 53559.8 58712.2      5    544      2144+042
ICRF J214659.9-290211  2144-292     21 46 59.90166897  -29 02 11.5077212  0.00000573 0.0002217  -0.132  59683.1 58988.7 60406.0      6    292      2144-292
ICRF J214710.1+092946  2144+092     21 47 10.16297016   09 29 46.6721889  0.00000057 0.0000088   0.061  58128.8 45996.8 60845.8    380  17364      2144+092
ICRF J214712.7-753613  2142-758  D  21 47 12.73062161  -75 36 13.2249173  0.00000302 0.0000113   0.008  57158.1 47625.5 60641.5    155   8828      2142-758
ICRF J214718.0+262950  2145+262     21 47 18.09193873   26 29 50.2753127  0.00002150 0.0004316  -0.129  57951.2 57011.1 60530.8      6    244      2145+262
ICRF J214721.8-062025  2144-065     21 47 21.88971623  -06 20 25.3415902  0.00000638 0.0000732   0.251  58454.2 56808.7 60602.5      8    446      2144-065
ICRF J214731.1-360151  2144-362     21 47 31.12592990  -36 01 51.2740385  0.00000973 0.0003206  -0.192  58342.8 53125.1 60472.1      7    307      2144-362
ICRF J214753.1-762129  2142-765     21 47 53.15120601  -76 21 29.2196292  0.00013326 0.0002217   0.763  58146.0 58029.7 58701.7      2     52      2142-765
ICRF J214755.2+083011  2145+082     21 47 55.21937893   08 30 11.8963861  0.00000255 0.0000479  -0.010  57358.5 49913.7 58975.8     55   1572      2145+082
ICRF J214805.4+065738  2145+067     21 48 05.45866734   06 57 38.6041538  0.00000025 0.0000053  -0.054  51868.3 44447.9 60704.8   2465 113673      2145+067
ICRF J214816.0+610705  2146+608     21 48 16.04230124   61 07 05.7938778  0.00000789 0.0000644   0.004  57205.4 52408.7 58551.2      5    569      2146+608
ICRF J214818.0+074922  2145+075     21 48 18.03610863   07 49 22.5355222  0.00001539 0.0003038   0.200  60160.1 59693.1 60448.8      5    336      2145+075
ICRF J214836.8-172344  2145-176     21 48 36.80084003  -17 23 44.0147052  0.00000319 0.0001129  -0.138  56451.6 50631.3 58644.9      7    360      2145-176
ICRF J214839.8+021126  2146+019     21 48 39.87700413   02 11 26.8509834  0.00000631 0.0002055  -0.543  58254.7 55453.7 59560.6      5    480      2146+019
ICRF J214935.2+075625  2147+077     21 49 35.26379178   07 56 25.3469529  0.00000599 0.0001292  -0.016  57407.8 49913.7 58746.6      8    491      2147+077
ICRF J215001.7-182226  2147-186     21 50 01.73569509  -18 22 26.1608229  0.00000485 0.0000690   0.142  58085.5 56035.8 60554.7     10    544      2147-186
ICRF J215023.6+144947  2147+145     21 50 23.60747384   14 49 47.8957209  0.00001682 0.0003465  -0.253  58926.2 52408.7 60097.9      9    320      2147+145
ICRF J215053.0-281241  2147-284     21 50 53.08793831  -28 12 41.8150255  0.00000517 0.0001747  -0.123  58228.0 54111.8 60554.7      7    440      2147-284
ICRF J215121.9-274223  2148-279     21 51 21.90507318  -27 42 23.0096159  0.00000435 0.0001577  -0.056  57209.2 54087.1 58621.5      5    344      2148-279
ICRF J215131.4+070926  2149+069     21 51 31.42929519   07 09 26.7829136  0.00000212 0.0000639  -0.035  56374.1 49913.7 58746.6      5    489      2149+069
ICRF J215137.8+055212  2149+056  D  21 51 37.87549022   05 52 12.9544653  0.00000059 0.0000153  -0.172  56622.1 45465.3 60829.7    714  17090      2149+056
ICRF J215155.5-302753  2149-307     21 51 55.52396765  -30 27 53.6981084  0.00000069 0.0000125   0.115  57105.9 47639.0 60696.7    210  11978      2149-306
ICRF J215203.1-780706  2146-783     21 52 03.15455496  -78 07 06.6392744  0.00002328 0.0000782   0.568  56443.4 47625.5 58659.7     36    292      2146-783
ICRF J215220.1+331258  2150+329     21 52 20.12290341   33 12 58.8245604  0.00055388 0.0105780   0.409  60675.9 60675.9 60675.9      1      4      2150+329
ICRF J215224.8+173437  2150+173     21 52 24.81939333   17 34 37.7950146  0.00000105 0.0000169  -0.036  55907.6 47004.8 60704.8    132   5023      2150+173
ICRF J215350.2-113614  2151-118     21 53 50.24224056  -11 36 14.1105638  0.00000401 0.0000782  -0.069  57730.8 55740.7 58644.9      7    489      2151-118
ICRF J215350.9+432254  2151+431     21 53 50.95912329   43 22 54.5007711  0.00000536 0.0000697  -0.359  57385.1 53133.5 58621.5      5    464      2151+431
ICRF J215407.4-150131  2151-152     21 54 07.43877808  -15 01 31.4691669  0.00000817 0.0002835   0.541  58133.5 53560.9 60602.5      7    499      2151-152
ICRF J215440.9+172750  2152+172     21 54 40.90047271   17 27 50.7936527  0.00000243 0.0000669  -0.095  57779.7 50084.5 60162.4      7    614      2152+172
ICRF J215445.0-382632  2151-386     21 54 45.04480475  -38 26 32.5512907  0.00000984 0.0003146  -0.028  60172.9 59875.5 60472.1      4    231      2151-386
ICRF J215506.4+225022  2152+226     21 55 06.45850523   22 50 22.2811156  0.00000346 0.0000751  -0.136  55900.5 50084.5 60152.8      8    528      2152+226
ICRF J215513.7-213702  2152-218     21 55 13.78492518  -21 37 02.4187403  0.00000633 0.0002188   0.017  60059.7 59631.6 60323.7      5    396      2152-218
ICRF J215534.4+191448  2153+190     21 55 34.43696884   19 14 48.4837351  0.00000539 0.0001558  -0.319  57922.8 53572.0 58921.9      5    335      2153+190
ICRF J215550.7-113947  2153-119     21 55 50.71834315  -11 39 47.9784043  0.00000457 0.0001589  -0.240  58029.1 53559.8 58669.6      6    384      2153-119
ICRF J215614.7-003704  2153-008     21 56 14.75792917  -00 37 04.5944524  0.00000213 0.0000723  -0.215  56779.1 50575.3 58634.5      5    517      2153-008
ICRF J215633.7-201230  2153-204     21 56 33.75581840  -20 12 30.8946663  0.00000635 0.0000758   0.091  58302.4 53559.8 60554.7     10    410      2153-204
ICRF J215650.1-033327  2154-037     21 56 50.15679420  -03 33 27.9473246  0.00000692 0.0002246  -0.362  57900.2 53572.0 58634.5      5    406      2154-037
ICRF J215657.3+833714  2159+833     21 56 57.31721440   83 37 14.7222376  0.00007935 0.0001228  -0.179  57751.5 50687.3 58921.9      5    458      2159+833
ICRF J215702.9-131902  2154-135     21 57 02.97630752  -13 19 02.9650046  0.00000345 0.0000828  -0.115  58875.8 57673.7 60623.9     13    682      2154-135
ICRF J215705.9-694123  2152-699     21 57 05.98057168  -69 41 23.6848457  0.00001823 0.0001006   0.437  57903.6 48110.0 58821.8     27    303      2152-699
ICRF J215712.8+101424  2154+100     21 57 12.86043829   10 14 24.7976920  0.00000249 0.0000712  -0.028  58089.9 49913.7 60799.7      7    697      2154+100
ICRF J215728.8+312701  2155+312  D  21 57 28.82388833   31 27 01.3517072  0.00000077 0.0000122  -0.032  57859.5 50218.8 60775.8    205   7553      2155+312
ICRF J215729.1-180702  2154-183     21 57 29.12383056  -18 07 02.8595388  0.00001206 0.0003657   0.194  58443.1 50631.3 60406.0      8    307      2154-183
ICRF J215759.2-754953  2153-760     21 57 59.22494554  -75 49 53.6073258  0.00002075 0.0000795  -0.099  58066.1 58029.7 58744.8      2    118      2153-760
ICRF J215800.8+092545  2155+091     21 58 00.88214336   09 25 45.8502840  0.00001777 0.0004170  -0.536  60156.8 59693.1 60448.8      5    277      2155+091
ICRF J215806.2-150109  2155-152     21 58 06.28188248  -15 01 09.3283481  0.00000097 0.0000139   0.146  57063.8 46834.8 60696.7    159   5563      2155-152
ICRF J215852.0-301332  2155-304  D  21 58 52.06512299  -30 13 32.1182652  0.00000248 0.0000452  -0.092  57820.5 48765.9 60554.7    107   2449      2155-304
ICRF J215910.9-284116  2156-289     21 59 10.93130857  -28 41 16.4828109  0.00037424 0.0165794   0.302  59814.0 59560.6 60675.9      3      7      2156-289
ICRF J215924.6+660652  2158+658     21 59 24.68619502   66 06 52.2966173  0.00002617 0.0001652   0.280  60457.8 60354.8 60602.5      2    214      2158+658
ICRF J215934.2-010554  2156-013     21 59 34.27571727  -01 05 54.8886126  0.00000905 0.0002448  -0.014  57773.6 53560.9 58634.5      5    422      2156-013
ICRF J215950.7-251652  2157-255     21 59 50.79223787  -25 16 52.1763870  0.00000703 0.0002758  -0.257  57606.2 54852.8 59560.6      5    298      2157-255
ICRF J220007.7-194547  2157-200     22 00 07.76194886  -19 45 47.3530050  0.00000715 0.0001038   0.083  58864.4 58141.7 60406.0      7    236      2157-200
ICRF J220007.9+103007  2157+102     22 00 07.93323331   10 30 07.9026856  0.00000304 0.0000933  -0.120  57942.6 53133.5 60219.1      6    436      2157+102
ICRF J220014.1+213757  2157+213     22 00 14.19739665   21 37 57.0389458  0.00000448 0.0001104  -0.054  57607.0 50084.5 58592.8      6    380      2157+213
ICRF J220016.3-130905  2157-133     22 00 16.36352999  -13 09 05.4495779  0.00000815 0.0003020  -0.429  59051.2 58510.3 59816.3      5    267      2157-133
ICRF J220016.9-371657  2157-375     22 00 16.96647529  -37 16 57.0508796  0.00000822 0.0002848  -0.285  58974.6 53502.7 60152.8      9    330      2157-375
ICRF J220054.8-163232  2158-167     22 00 54.87889374  -16 32 32.7030203  0.00000407 0.0000676   0.056  58392.0 53125.1 60602.5     11    573      2158-167
ICRF J220127.5+031215  2158+029     22 01 27.50869965   03 12 15.1625593  0.00000315 0.0000921   0.035  57606.1 49913.7 60799.7      7    742      2158+029
ICRF J220143.5+504856  2159+505     22 01 43.53723502   50 48 56.3890271  0.00000459 0.0000520  -0.141  54908.7 49576.0 59230.1      7    486      2159+505
ICRF J220219.2-833811  2154-838     22 02 19.23759441  -83 38 11.8287487  0.00010080 0.0002137  -0.002  58212.8 58107.8 58527.8      2     28      2154-838
ICRF J220237.1-084737  2159-090     22 02 37.17602964  -08 47 37.5546712  0.00000507 0.0001176  -0.305  59103.4 58512.3 59707.7      5    366      2159-090
ICRF J220243.2+421639  2200+420     22 02 43.29136843   42 16 39.9798647  0.00000042 0.0000062  -0.069  49975.8 44088.7 59506.7   1130  55977      VR422201
ICRF J220255.9-233510  2200-238     22 02 55.99950534  -23 35 10.2462034  0.00000442 0.0001569  -0.137  55885.0 50631.3 60219.1      6    410      2200-238
ICRF J220312.6+675047  2201+676     22 03 12.62271136   67 50 47.6737210  0.00001004 0.0000707  -0.108  58045.6 49826.5 60602.5      6    545      2201+676
ICRF J220314.9+314538  2201+315     22 03 14.97578731   31 45 38.2699366  0.00000048 0.0000076   0.058  52427.5 44447.9 60772.7   1078  31522      2201+315
ICRF J220326.8+172548  2201+171     22 03 26.89368927   17 25 48.2477465  0.00000061 0.0000089  -0.005  59619.0 50084.5 60824.8    177   9722      2201+171
ICRF J220330.4+715108  2202+716     22 03 30.46674834   71 51 08.5341766  0.00004675 0.0001190  -0.140  57932.6 49826.5 58600.6      5    355      2202+716
ICRF J220330.9+100742  2201+098     22 03 30.95259676   10 07 42.5866655  0.00000690 0.0001777  -0.368  57688.2 49913.7 58942.4      5    373      2201+098
ICRF J220359.6-613022  2200-617     22 03 59.63790159  -61 30 22.0112435  0.00000997 0.0001135   0.291  58300.9 58029.7 58701.7      4     92      2200-617
ICRF J220417.6+044002  2201+044     22 04 17.65236807   04 40 02.0223668  0.00000387 0.0001236  -0.241  57756.5 54277.7 58794.6      5    445      2201+044
ICRF J220421.1+363237  2202+363     22 04 21.10050990   36 32 37.0909000  0.00000698 0.0001357  -0.190  57721.5 50241.8 58556.9      5    472      2202+363
ICRF J220444.6-061603  2202-065     22 04 44.68183796  -06 16 03.3878061  0.00000534 0.0001997  -0.375  58455.8 56808.7 60623.9      5    359      2202-065
ICRF J220505.3+032127  2202+031     22 05 05.32385120   03 21 27.5630133  0.00004106 0.0005301   0.000  60200.0 59693.1 60472.1      4    177      2202+031
ICRF J220538.6-053532  2203-058     22 05 38.63463745  -05 35 32.5349298  0.00000732 0.0002143   0.719  59837.2 59402.8 60135.7      5    343      2203-058
ICRF J220546.5+292655  2203+292     22 05 46.50636975   29 26 55.1322685  0.00000330 0.0000755  -0.037  58425.8 53560.9 60834.1     10    839      2203+292
ICRF J220547.3+743621  2205+743     22 05 47.38895700   74 36 21.0556792  0.00002171 0.0000662  -0.199  57312.1 54277.7 58600.6      5    495      2205+743
ICRF J220610.4-183538  2203-188     22 06 10.41785206  -18 35 38.7304772  0.00005318 0.0010539  -0.103  58148.8 50631.3 60406.0     13    186      2203-188
ICRF J220641.3-211940  2203-215     22 06 41.38220535  -21 19 40.5145188  0.00000854 0.0002781   0.258  57912.0 53133.5 60602.5      6    393      2203-215
ICRF J220643.2-003102  2204-007     22 06 43.28260679  -00 31 02.4951416  0.00000193 0.0000627  -0.264  59169.1 55370.8 60834.1      9   1061      2204-007
ICRF J220719.7+004157  2204+004     22 07 19.77635638   00 41 57.3135103  0.00000205 0.0000722  -0.148  60492.3 60059.7 60834.1      4    485      2204+004
ICRF J220743.7-534633  2204-540     22 07 43.73328965  -53 46 33.8200279  0.00000212 0.0000348   0.244  56711.6 48110.0 60373.7    123   1532      2204-540
ICRF J220752.8+165217  2205+166     22 07 52.86567403   16 52 17.8154503  0.00000153 0.0000434  -0.044  57736.5 50084.5 60834.1     50   1486      2205+166
ICRF J220755.2-000215  2205-002     22 07 55.24709920  -00 02 15.0861785  0.00000679 0.0002399  -0.205  58974.8 58425.2 59358.6      6    412      2205-002
ICRF J220803.1+651938  2206+650     22 08 03.11011133   65 19 38.7879919  0.00000786 0.0000595   0.080  58653.0 49826.5 60602.5      8    674      2206+650
ICRF J220823.9+742338  2207+741     22 08 23.95464160   74 23 38.3371794  0.00002634 0.0001225  -0.032  57757.3 53559.8 58621.5      5    453      2207+741
ICRF J220824.1+180826  2206+178     22 08 24.19043256   18 08 26.8433995  0.00001671 0.0004201  -0.286  58093.8 57046.0 58942.4      5    298      2206+178
ICRF J220847.2-632547  2205-636     22 08 47.24159989  -63 25 47.4886275  0.00008222 0.0009836   0.560  55067.8 52860.2 58815.7      5     10      2205-636
ICRF J220920.1-233153  2206-237     22 09 20.16353812  -23 31 53.8907719  0.00010844 0.0021838   0.396  59436.1 58330.5 60406.0      9     94      2206-237
ICRF J220921.4+374218  2207+374     22 09 21.42508523   37 42 18.2269853  0.00000554 0.0000990   0.074  58013.5 50241.8 58616.7      7    632      2207+374
ICRF J220921.4+515801  2207+517     22 09 21.48689439   51 58 01.8340047  0.00000740 0.0000883   0.350  57675.0 49576.0 60602.5      8    559      2207+517
ICRF J220945.3+355601  2207+356     22 09 45.33433921   35 56 01.1299955  0.00000300 0.0000593  -0.237  58037.5 50241.8 58574.7      8   1020      2207+356
ICRF J221006.0+085729  2207+087     22 10 06.05013149   08 57 29.5580088  0.00000805 0.0002164   0.235  57841.2 54111.8 58794.6      5    387      2207+087
ICRF J221051.6+201324  2208+199     22 10 51.65245093   20 13 24.0549342  0.00000242 0.0000687  -0.019  58216.4 53560.9 60152.8      6    496      2208+199
ICRF J221124.0-132809  2208-137     22 11 24.09944705  -13 28 09.7240495  0.00000116 0.0000276  -0.052  57978.8 50575.3 60789.8    151   3635      2208-137
ICRF J221150.5-370704  2208-373     22 11 50.52611201  -37 07 04.9800086  0.00000929 0.0003145  -0.244  58752.8 53152.3 60152.8      9    332      2208-373
ICRF J221153.8+184149  2209+184     22 11 53.88889364   18 41 49.8618631  0.00000296 0.0000856  -0.099  58504.6 53572.0 60834.1      7    640      2209+184
ICRF J221201.5+081916  2209+080     22 12 01.58923884   08 19 16.5059068  0.00000296 0.0000938  -0.091  57734.8 53522.9 58794.6      5    402      2209+080
ICRF J221205.9+235540  2209+236  D  22 12 05.96631814   23 55 40.5438040  0.00000035 0.0000059   0.003  56639.6 48193.8 60845.8    694  41704      2209+236
ICRF J221207.9+330834  2209+328     22 12 07.97729944   33 08 34.5197045  0.00000921 0.0001639  -0.095  57239.2 50218.8 58556.9      5    466      2209+328
ICRF J221220.0-103737  2209-108     22 12 20.09513599  -10 37 37.7864379  0.00000544 0.0001360  -0.202  58462.2 57973.7 58677.2      5    292      2209-108
ICRF J221220.7-251828  2209-255     22 12 20.71659915  -25 18 28.4682816  0.00001229 0.0004316  -0.101  58243.8 56808.7 59971.0      8    229      2209-255
ICRF J221237.9+015251  2210+016     22 12 37.97370344   01 52 51.1892416  0.00001169 0.0002414   0.047  59358.7 52408.7 60485.9     10    316      2210+016
ICRF J221239.1+275938  2210+277     22 12 39.10311005   27 59 38.4497467  0.00000653 0.0001512  -0.051  57743.1 54111.8 58600.6      5    381      2210+277
ICRF J221250.8+064608  2210+065     22 12 50.83929477   06 46 08.7404871  0.00000304 0.0000975  -0.174  56313.0 49913.7 59508.8      5    533      2210+065
ICRF J221302.4-252930  2210-257  D  22 13 02.49797300  -25 29 30.0807255  0.00000220 0.0000559   0.002  57842.0 46874.8 60602.5     73   2389      2210-257
ICRF J221310.2+362355  2210+361     22 13 10.22235052   36 23 55.1834556  0.00001003 0.0001647  -0.392  57753.4 53560.9 58592.8      5    364      2210+361
ICRF J221314.6-101135  2210-104     22 13 14.62227262  -10 11 35.1914938  0.00001106 0.0004867  -0.504  59358.6 58512.3 60530.8     10    146      2210-104
ICRF J221318.1+291013  2211+289     22 13 18.17436112   29 10 13.1179967  0.00002667 0.0004842  -0.734  59411.2 57966.7 60675.9      9    332      2211+289
ICRF J221321.7+084729  2210+085     22 13 21.73612847   08 47 29.9776456  0.00000716 0.0002317  -0.322  59935.3 59080.8 60472.1      6    399      2210+085
ICRF J221353.7+091325  2211+089     22 13 53.76104645   09 13 25.2618909  0.00003071 0.0007150   0.050  60209.6 59707.7 60472.1      4    169      2211+089
ICRF J221405.6+373909  2211+374     22 14 05.69486123   37 39 09.1960431  0.00000505 0.0000717  -0.188  58828.0 58143.4 59560.6      6    543      2211+374
ICRF J221408.8+071142  2211+069     22 14 08.86159387   07 11 42.3920495  0.00000272 0.0000946  -0.300  57157.5 49913.7 58803.0      5    527      2211+069
ICRF J221426.5-125742  2211-132     22 14 26.58326410  -12 57 42.4799542  0.00000531 0.0000675   0.157  58486.0 57973.7 58712.2      7    416      2211-132
ICRF J221438.5-383545  2211-388     22 14 38.56938877  -38 35 45.0080500  0.00002218 0.0006925   0.439  58120.9 48765.9 60152.8     15    289      2211-388
ICRF J221446.4-252116  2211-256     22 14 46.40223403  -25 21 16.0759916  0.00001205 0.0004012  -0.514  57745.4 53572.0 58634.5      5    262      2211-256
ICRF J221516.0-294423  2212-299     22 15 16.03457636  -29 44 23.3313555  0.00000508 0.0001766   0.121  57472.5 50687.3 58721.7     10    294      2212-299
ICRF J221620.0+351814  2214+350  D  22 16 20.00990047   35 18 14.1799034  0.00000040 0.0000065  -0.069  57277.3 49749.8 60852.8    965  42348      2214+350
ICRF J221642.7+310235  2214+307     22 16 42.71042692   31 02 35.3640490  0.00000430 0.0000732  -0.036  56959.4 50218.8 58592.8      5    452      2214+307
ICRF J221651.4-145216  2214-151     22 16 51.47289553  -14 52 16.2078484  0.00000602 0.0001029   0.126  58573.8 58323.7 58712.2      5    289      2214-151
ICRF J221700.8+242145  2214+241     22 17 00.82117699   24 21 45.9583452  0.00000090 0.0000154   0.036  59622.3 50218.8 60856.7     99   4557      2214+241
ICRF J221702.1-190203  2214-192     22 17 02.16571753  -19 02 03.8253000  0.00000679 0.0002440  -0.150  57006.6 53133.5 58677.2      5    307      2214-192
ICRF J221715.8+202448  2214+201     22 17 15.84410317   20 24 48.9043591  0.00000891 0.0002410  -0.165  59837.0 59465.8 60203.4      5    289      2214+201
ICRF J221717.5+315649  2215+316     22 17 17.57640879   31 56 49.9956555  0.00000293 0.0000598   0.009  58620.6 50218.8 60760.8      8    906      2215+316
ICRF J221748.2+022010  2215+020     22 17 48.23795379   02 20 10.7117633  0.00000180 0.0000319  -0.048  57983.2 49913.7 60810.8     72   1224      2215+020
ICRF J221806.6+005223  2215+006     22 18 06.67698481   00 52 23.6195837  0.00000337 0.0001230  -0.261  59109.2 57427.7 60834.1      8    739      2215+006
ICRF J221810.9+152035  2215+150  D  22 18 10.91390469   15 20 35.7174025  0.00000037 0.0000062  -0.029  58243.3 53559.8 60849.7    415  31903      2215+150
ICRF J221819.0-503841  2215-508     22 18 19.02528949  -50 38 41.7307132  0.00003390 0.0004897   0.451  55666.1 52886.6 60111.8      6     33      2215-508
ICRF J221836.6-002853  2216-007     22 18 36.68349553  -00 28 53.0424660  0.00008079 0.0015792  -0.561  58927.9 56266.8 60485.9     11    137      2216-007
ICRF J221852.0-033536  2216-038  D  22 18 52.03772207  -03 35 36.8794745  0.00000060 0.0000144  -0.019  50858.7 44772.8 60715.1    560  14345      2216-038
ICRF J221907.4-122139  2216-126     22 19 07.48793649  -12 21 39.8568613  0.00000447 0.0000707   0.187  58545.8 58141.7 58712.2      6    314      2216-126
ICRF J221914.0+180635  2216+178     22 19 14.09247638   18 06 35.5807149  0.00000181 0.0000455  -0.075  58162.8 50084.5 60775.8     39   1259      2216+178
ICRF J221930.7+022945  2216+022     22 19 30.78695759   02 29 45.4928729  0.00000269 0.0000964  -0.181  60496.5 60059.7 60834.1      4    489      2216+022
ICRF J221935.3-271903  2216-275     22 19 35.32024460  -27 19 03.2948304  0.00000811 0.0002589   0.010  58701.5 54087.1 60683.7      7    426      2216-275
ICRF J221938.5+214112  2217+214     22 19 38.52160627   21 41 12.5600317  0.00001037 0.0002563  -0.020  57228.9 53572.0 58600.6      5    301      2217+214
ICRF J221944.1+212053  2217+210     22 19 44.17537474   21 20 53.1858567  0.00000397 0.0001108  -0.273  58415.6 53560.9 60675.9      6    468      2217+210
ICRF J221947.2-005132  2217-011     22 19 47.28245121  -00 51 32.5558074  0.00000355 0.0001315  -0.497  58819.6 54111.8 60834.1      8    688      2217-011
ICRF J221949.7+261327  2217+259     22 19 49.74118530   26 13 27.9465387  0.00000534 0.0001580  -0.301  57593.4 50218.8 58621.5      5    419      2217+259
ICRF J222119.1+111741  2218+110     22 21 19.15937226   11 17 41.9452488  0.00000974 0.0003109  -0.448  59269.7 58756.7 59894.2      5    293      2218+110
ICRF J222208.5-334556  2219-340     22 22 08.57974332  -33 45 56.7968425  0.00019612 0.0070622   0.496  59076.9 57098.3 60834.1     11     55      2219-340
ICRF J222236.8-282750  2219-287     22 22 36.80610780  -28 27 50.8906472  0.00001088 0.0003942  -0.043  60072.6 59867.7 60259.3      3    146      2219-287
ICRF J222245.1+134454  2220+134     22 22 45.16320384   13 44 54.4475087  0.00000310 0.0001017  -0.158  57813.5 53559.8 60219.1      6    532      2220+134
ICRF J222252.9+121349  2220+119     22 22 52.98902129   12 13 49.8085348  0.00000241 0.0000749  -0.264  57278.7 49913.7 60219.1      6    555      2220+119
ICRF J222256.0-114426  2220-119     22 22 56.00505839  -11 44 26.3762202  0.00000381 0.0000619   0.203  58181.6 53502.7 58712.2     10    580      2220-119
ICRF J222305.9-345547  2220-351  D  22 23 05.93056255  -34 55 47.1777583  0.00000206 0.0000663   0.141  58204.0 53222.4 60834.1    124   3296      2220-351
ICRF J222318.0+624933  2221+625     22 23 18.09658433   62 49 33.8053041  0.00002584 0.0002016   0.056  58091.2 52939.7 60442.8      8    284      2221+625
ICRF J222321.0+083854  2220+083     22 23 21.01415125   08 38 54.1415414  0.00000443 0.0001461  -0.290  59895.2 59080.8 60472.1      6    533      2220+083
ICRF J222321.6-313702  2220-318     22 23 21.63167184  -31 37 02.1092536  0.00000531 0.0001710   0.013  58343.8 54852.8 60834.1      9    397      2220-318
ICRF J222341.1-160705  2220-163     22 23 41.17270607  -16 07 05.1731041  0.00000571 0.0000997   0.027  58175.6 57046.0 58712.2     10    497      2220-163
ICRF J222407.9-112621  2221-116     22 24 07.96268267  -11 26 21.1070646  0.00000419 0.0000724   0.194  57586.2 50575.3 59928.8     11    564      2221-116
ICRF J222437.0+601615  2222+600     22 24 37.02443813   60 16 15.5960834  0.00009421 0.0009319  -0.143  58608.7 52408.7 60442.8     11    121      2222+600
ICRF J222443.9-383133  2221-387     22 24 43.96132907  -38 31 33.0317020  0.00001211 0.0003859  -0.252  58374.5 55167.8 60472.1      9    291      2221-387
ICRF J222538.0+211806  2223+210     22 25 38.04711518   21 18 06.4150957  0.00000203 0.0000532  -0.061  54883.5 50084.5 60203.4      7    556      2223+210
ICRF J222543.7-111340  2223-114     22 25 43.71838894  -11 13 40.6981628  0.00000592 0.0002219  -0.226  57839.2 50575.3 59378.0     14    770      2223-114
ICRF J222547.2-045701  2223-052     22 25 47.25929317  -04 57 01.3908160  0.00000024 0.0000048  -0.007  56680.4 44447.9 60852.8   2070 127102      3C446   
ICRF J222646.5+005211  2224+006     22 26 46.53701316   00 52 11.3314351  0.00000232 0.0000781  -0.176  56329.6 49913.7 59742.1      6    567      2224+006
ICRF J222705.2+035557  2224+036     22 27 05.23035297   03 55 57.2745089  0.00000456 0.0001433  -0.355  59069.3 58002.7 60645.2      6    640      2224+036
ICRF J222721.6+773319  2226+772     22 27 21.62249337   77 33 19.2361799  0.00004108 0.0001429   0.060  58573.5 53152.3 60764.6      6    539      2226+772
ICRF J222801.5+250303  2225+247     22 28 01.54171839   25 03 03.0405023  0.00000785 0.0001776  -0.251  57931.0 55965.8 59405.2      5    419      2225+247
ICRF J222805.4+333138  2225+332     22 28 05.46074173   33 31 38.2339986  0.00000683 0.0001644  -0.348  60126.6 59693.1 60323.7      4    289      2225+332
ICRF J222850.4+441908  2226+440     22 28 50.46332714   44 19 08.4423030  0.00000907 0.0001075  -0.059  57486.2 50305.3 58621.5      5    405      2226+440
ICRF J222852.6-075346  2226-081     22 28 52.60756370  -07 53 46.6423193  0.00000343 0.0001207  -0.120  58396.3 53572.0 60623.9      7    500      2226-081
ICRF J222900.1-691030  2225-694     22 29 00.17670462  -69 10 30.2734944  0.00001147 0.0001096   0.472  58207.0 58029.7 58744.8      5    170      2225-694
ICRF J222913.8+664651  2227+665     22 29 13.85098656   66 46 51.4890801  0.00001719 0.0001013   0.064  60465.1 60354.8 60602.5      2    220      2227+665
ICRF J222918.5-790708  2224-793     22 29 18.54005369  -79 07 08.5210185  0.00002771 0.0000971   0.156  58270.4 58009.8 58701.7      4    106      2224-793
ICRF J222940.0-083254  2227-088  D  22 29 40.08433377  -08 32 54.4356173  0.00000026 0.0000051   0.007  58199.1 45465.3 60842.7   1093  84216      2227-088
ICRF J222951.8+011456  2227+009     22 29 51.80191743   01 14 56.7248453  0.00000422 0.0001288   0.028  57685.3 53125.1 58803.0      5    445      2227+009
ICRF J223015.3-132542  2227-136     22 30 15.30608507  -13 25 42.9039416  0.00000216 0.0000498   0.131  58888.6 53559.8 60715.1     11    918      2227-136
ICRF J223036.4+694628  2229+695  D  22 30 36.46974218   69 46 28.0768685  0.00000074 0.0000039  -0.083  57792.7 47458.8 60849.7   1193 172524      2229+695
ICRF J223040.2-394252  2227-399     22 30 40.27857656  -39 42 52.0669858  0.00000412 0.0001183   0.168  58850.3 48161.5 60472.1     32   1128      2227-399
ICRF J223056.4-441629  2227-445     22 30 56.44290226  -44 16 29.8917758  0.00000920 0.0002197   0.157  58239.6 55370.8 60203.4     11    265      2227-445
ICRF J223117.0+592200  2229+591     22 31 17.07552001   59 22 00.8471559  0.00000749 0.0000716  -0.289  58864.8 58216.3 59707.7      6    436      2229+591
ICRF J223139.6-142222  2228-146     22 31 39.62624170  -14 22 22.9721967  0.00000436 0.0001400   0.046  57621.4 53560.9 58868.4      6    403      2228-146
ICRF J223158.2-094359  2229-099     22 31 58.23700043  -09 43 59.8530842  0.00001501 0.0005376  -0.039  58386.4 57900.9 60715.1      7    327      2229-099
ICRF J223222.5-165901  2229-172     22 32 22.56455844  -16 59 01.8919218  0.00000524 0.0001233   0.034  56658.0 50631.3 58712.2     12    349      2229-172
ICRF J223222.8+624936  2230+625     22 32 22.86350964   62 49 36.4765394  0.00024220 0.0012254   0.534  59735.7 58326.5 60442.8      7     40      2230+625
ICRF J223236.4+114350  2230+114     22 32 36.40890170   11 43 50.9039992  0.00000057 0.0000116  -0.036  55773.9 45996.8 60696.7    368  13595      CTA102  
ICRF J223332.4+424539  2231+425     22 33 32.40646588   42 45 39.9239029  0.00000561 0.0000786  -0.070  57306.7 50241.8 58631.3      5    424      2231+425
ICRF J223354.9-123034  2231-127     22 33 54.94648597  -12 30 34.3297683  0.00003124 0.0014092  -0.494  59437.9 58551.2 60530.8      9    110      2231-127
ICRF J223356.8+453241  2231+452     22 33 56.89055966   45 32 41.0291119  0.00000886 0.0001311   0.008  60259.8 60129.7 60406.0      2    255      2231+452
ICRF J223358.4+100852  2231+098     22 33 58.45031266   10 08 52.1175210  0.00000326 0.0000941   0.017  57975.3 49913.7 60219.1      6    535      2231+098
ICRF J223457.4-205503  2232-211     22 34 57.44028773  -20 55 03.2373391  0.00000470 0.0001619  -0.204  56568.9 50631.3 58644.9      6    345      2232-211
ICRF J223513.2-483558  2232-488  D  22 35 13.23657450  -48 35 58.7945509  0.00000112 0.0000132   0.217  56984.5 48161.5 60263.8    239  11197      2232-488
ICRF J223554.8-362902  2233-367     22 35 54.83242229  -36 29 02.8792462  0.00000936 0.0003295   0.061  60614.6 60485.9 60834.1      3    134      2233-367
ICRF J223555.4+341836  2233+340     22 35 55.40854953   34 18 36.9730371  0.00001810 0.0002795  -0.249  57914.0 57098.3 58600.6      5    311      2233+340
ICRF J223556.1-182612  2233-186     22 35 56.17041774  -18 26 12.5558610  0.00000672 0.0002344  -0.028  57831.5 54087.1 58712.2      5    281      2233-186
ICRF J223609.5-170621  2233-173     22 36 09.52277325  -17 06 21.9731644  0.00000351 0.0001162  -0.091  56714.7 50631.3 58746.6      6    420      2233-173
ICRF J223616.7-040619  2233-043     22 36 16.77431878  -04 06 19.6676162  0.00000253 0.0000619  -0.102  59087.9 58551.2 59742.1      5    411      2233-043
ICRF J223622.4+282857  2234+282     22 36 22.47084344   28 28 57.4131564  0.00000033 0.0000059   0.055  51182.8 45724.8 60618.7   2531  95219      2234+282
ICRF J223626.2-230926  2233-234     22 36 26.23870272  -23 09 26.5970109  0.00000436 0.0001526  -0.073  57324.0 53572.0 59320.9      8    523      2233-234
ICRF J223634.0-143322  2233-148     22 36 34.08714820  -14 33 22.1897327  0.00000363 0.0000694  -0.097  54760.8 47175.5 59695.7     38    576      2233-148
ICRF J223638.5+732252  2235+731     22 36 38.59700331   73 22 52.6622190  0.00000721 0.0000331   0.256  54190.2 49826.5 60425.9    119   1497      2235+731
ICRF J223704.2+421648  2234+420     22 37 04.20970163   42 16 48.2629280  0.00000548 0.0000901  -0.237  57466.3 54111.8 58631.3      5    439      2234+420
ICRF J223718.3-250632  2234-253     22 37 18.35551662  -25 06 32.5179409  0.00000969 0.0003327   0.446  57655.9 53559.8 58644.9      5    253      2234-253
ICRF J223810.3+072413  2235+071     22 38 10.39572060   07 24 13.9856638  0.00000455 0.0001209   0.065  57484.3 53560.9 58829.4      5    517      2235+071
ICRF J223812.8+274952  2235+275     22 38 12.87361579   27 49 52.7735437  0.00000291 0.0000663  -0.247  58342.9 53572.0 60683.7      7    723      2235+275
ICRF J223815.0+680459  2236+678     22 38 15.02923917   68 04 59.7614755  0.00001189 0.0000786  -0.158  57940.0 54087.1 60442.8     11    753      2236+678
ICRF J223834.6+124250  2236+124     22 38 34.60483172   12 42 50.7822117  0.00000306 0.0000839  -0.182  58124.7 50084.5 60645.2      8    793      2236+124
ICRF J223912.0-570100  2236-572  D  22 39 12.07589666  -57 01 00.8396190  0.00000225 0.0000274   0.185  57431.9 53222.4 60641.5     90   1956      2236-572
ICRF J223923.7-215315  2236-221     22 39 23.71687670  -21 53 15.4385159  0.00001026 0.0003601  -0.001  57583.3 53559.8 58644.9      5    256      2236-221
ICRF J223931.1-360912  2236-364     22 39 31.11965271  -36 09 12.5603201  0.00004017 0.0013629  -0.498  60240.8 59586.9 60834.1      7     69      2236-364
ICRF J223931.9+122224  2237+121     22 39 31.96391709   12 22 24.4177839  0.00000424 0.0001394  -0.093  58693.0 57218.8 60645.2      6    600      2237+121
ICRF J224013.4-083628  2237-088     22 40 13.40863988  -08 36 28.7495668  0.00000650 0.0001552  -0.204  58486.2 57924.7 58794.6      6    334      2237-088
ICRF J224019.8+513311  2238+512     22 40 19.87849941   51 33 11.7950536  0.00000634 0.0000793  -0.200  56294.1 49576.0 58669.6      5    400      2238+512
ICRF J224025.1-104421  2237-110     22 40 25.16586361  -10 44 21.9398317  0.00000441 0.0000655   0.112  58523.3 57973.7 58803.0      7    433      2237-110
ICRF J224025.9-120933  2237-124     22 40 25.90169631  -12 09 33.0064363  0.00000563 0.0000802   0.191  58878.3 58556.9 59440.3      6    357      2237-124
ICRF J224107.2+412011  2238+410     22 41 07.20524082   41 20 11.6173276  0.00000418 0.0000628  -0.152  58497.9 50241.8 60675.9      9    821      2238+410
ICRF J224148.3-355947  2238-362     22 41 48.31142416  -35 59 47.7800122  0.00000688 0.0002392  -0.104  58377.5 54942.7 60602.5      7    352      2238-362
ICRF J224149.7+095352  2239+096     22 41 49.71731274   09 53 52.4450137  0.00000184 0.0000229   0.087  56921.5 49913.7 59436.7     48   2319      2239+096
ICRF J224215.1+295543  2239+296     22 42 15.15118278   29 55 43.1189257  0.00000437 0.0000988  -0.204  58255.6 57098.3 59560.6      5    613      2239+296
ICRF J224243.6+822447  2242+821     22 42 43.63823405   82 24 47.0143877  0.00013380 0.0002658   0.070  58277.9 53789.1 58921.9      6    370      2242+821
ICRF J224247.9+174144  2240+174     22 42 47.95576776   17 41 44.1635643  0.00000455 0.0001460  -0.179  59384.1 58756.7 59951.1      5    405      2240+174
ICRF J224307.8-625057  2239-631     22 43 07.83925069  -62 50 57.3228275  0.00002184 0.0002630   0.305  55584.6 53222.4 58701.7     11     53      2239-631
ICRF J224308.7-060902  2240-064     22 43 08.76076209  -06 09 02.5678659  0.00000659 0.0002479  -0.346  58015.1 56462.8 58803.0      5    418      2240-064
ICRF J224326.4-254430  2240-260     22 43 26.40879875  -25 44 30.6878112  0.00000431 0.0001481  -0.092  56384.5 50631.3 60259.3      6    418      2240-260
ICRF J224354.7+202103  2241+200     22 43 54.74350842   20 21 03.7772277  0.00000485 0.0001491  -0.168  60160.3 59951.1 60448.8      5    433      2241+200
ICRF J224412.7+405713  2241+406     22 44 12.73114038   40 57 13.6203672  0.00000283 0.0000439  -0.239  57392.5 50241.8 58631.3      5    433      2241+406
ICRF J224435.1+260020  2242+257     22 44 35.14725620   26 00 20.7019466  0.00000604 0.0001132  -0.240  57708.7 53572.0 58631.3      5    430      2242+257
ICRF J224528.2+032408  2242+031     22 45 28.28475202   03 24 08.8640478  0.00000321 0.0001004  -0.012  56326.2 49913.7 58829.4      5    512      2242+031
ICRF J224536.1-063245  2242-068     22 45 36.17840766  -06 32 45.4819234  0.00000618 0.0002025  -0.267  59053.1 58556.9 60530.8      6    257      2242-068
ICRF J224549.0-075519  2243-081     22 45 49.00380329  -07 55 19.3821189  0.00000444 0.0001698  -0.210  57724.5 53559.8 58829.4      6    452      2243-081
ICRF J224553.6+050056  2243+047     22 45 53.65411267   05 00 56.9620663  0.00000183 0.0000482   0.002  56607.7 49913.7 60572.8     79   2074      2243+047
ICRF J224611.2-030037  2243-032     22 46 11.29103567  -03 00 37.6903633  0.00000952 0.0002305   0.131  59427.8 58592.8 60152.8      6    313      2243-032
ICRF J224613.9+634954  2244+635     22 46 13.99657026   63 49 54.5416680  0.00022873 0.0014971  -0.147  60231.8 59875.5 60448.8      3     50      2244+635
ICRF J224616.7-560745  2243-563     22 46 16.79260214  -56 07 46.0050643  0.00001614 0.0002255   0.220  58277.9 57987.7 58815.7     10     77      2243-563
ICRF J224618.2-120651  2243-123     22 46 18.23197196  -12 06 51.2776024  0.00000042 0.0000106   0.077  53294.2 44772.8 60583.7   1292  24569      2243-123
ICRF J224703.9-365746  2244-372  D  22 47 03.91732673  -36 57 46.3041093  0.00000168 0.0000377  -0.006  58399.1 52675.8 60683.7    151   3540      2244-372
ICRF J224730.1+000006  2244-002     22 47 30.19599712   00 00 06.4625148  0.00000250 0.0000836  -0.136  56882.0 50575.3 58829.4      5    491      2244-002
ICRF J224751.8+472307  2245+471     22 47 51.81686566   47 23 07.7686603  0.00000839 0.0001237  -0.152  57832.5 53133.5 58631.3      5    402      2245+471
ICRF J224752.1-085022  2245-091     22 47 52.19320927  -08 50 22.0786320  0.00000414 0.0000909   0.026  58162.7 53560.9 58829.4     10    526      2245-091
ICRF J224752.6-123719  2245-128     22 47 52.64104097  -12 37 19.7218297  0.00000260 0.0000421   0.109  57327.9 50575.3 58562.8      9    516      2245-128
ICRF J224758.6+031042  2245+029     22 47 58.68205926   03 10 42.3534462  0.00000321 0.0001030  -0.123  56218.9 49913.7 58829.4      5    491      2245+029
ICRF J224800.0-054118  2245-059     22 48 00.08057078  -05 41 18.2180521  0.00000645 0.0002389  -0.584  57106.3 50575.3 58829.4      7    436      2245-059
ICRF J224837.9+371812  2246+370     22 48 37.91049269   37 18 12.4630703  0.00000329 0.0000604  -0.256  58153.4 50241.8 60675.9      7    541      2246+370
ICRF J224838.6-323552  2245-328  D  22 48 38.68573835  -32 35 52.1883629  0.00000135 0.0000274  -0.026  58288.8 47991.5 60710.7    160   4675      2245-328
ICRF J224900.5+210702  2246+208     22 49 00.56671523   21 07 02.8354105  0.00000244 0.0000716   0.148  55584.6 50084.5 60203.4      7    506      2246+208
ICRF J224919.0-303912  2246-309     22 49 19.04187996  -30 39 12.6324165  0.00000724 0.0002268  -0.185  58228.4 53125.1 60710.7      7    424      2246-309
ICRF J224944.9+133109  2247+132     22 49 44.94754387   13 31 09.4802109  0.00000717 0.0001653  -0.003  57548.8 50084.5 58512.3      6    363      2247+132
ICRF J224954.5+113630  2247+113     22 49 54.58598648   11 36 30.8456408  0.00000425 0.0001197   0.049  57709.5 52408.7 58512.3      5    501      2247+113
ICRF J224959.6-125116  2247-131     22 49 59.61247910  -12 51 16.8244578  0.00000294 0.0000437   0.103  57630.2 50575.3 58746.6      9    579      2247-131
ICRF J225005.7+382437  2247+381     22 50 05.74820751   38 24 37.1953418  0.00001095 0.0002067  -0.283  60250.7 60084.1 60448.8      3    261      2247+381
ICRF J225025.3+141952  2247+140     22 50 25.34555495   14 19 52.0881474  0.00008614 0.0014226   0.373  59275.6 58216.3 60485.9      8    136      2247+140
ICRF J225042.8+555014  2248+555     22 50 42.85101742   55 50 14.5813259  0.00000557 0.0000646  -0.085  56109.2 49576.0 59190.8      6    516      2248+555
ICRF J225044.4-280639  2247-283     22 50 44.49238143  -28 06 39.3296306  0.00000442 0.0001582  -0.062  57073.7 54087.1 58644.9      5    344      2247-283
ICRF J225134.7+184840  2249+185     22 51 34.72752638   18 48 40.0739904  0.00003712 0.0010874   0.400  59987.6 59405.2 60448.8      6    131      2249+185
ICRF J225135.3+424217  2249+424     22 51 35.30666486   42 42 17.3844517  0.00000781 0.0001153  -0.014  60270.8 60129.7 60448.8      2    242      2249+424
ICRF J225155.5-023401  2249-028     22 51 55.57551486  -02 34 01.5010153  0.00000754 0.0003125  -0.367  59073.6 58600.6 60497.5      7    245      2249-028
ICRF J225159.7+403058  2249+402     22 51 59.77136452   40 30 58.1637234  0.00001139 0.0001801  -0.338  58082.9 57046.0 59405.2      5    415      2249+402
ICRF J225222.5-031553  2249-035     22 52 22.53053563  -03 15 53.3530811  0.00001214 0.0004517  -0.274  59070.2 58600.6 59776.7      6    300      2249-035
ICRF J225228.6-204731  2249-210     22 52 28.68053970  -20 47 31.5385467  0.00000588 0.0002001  -0.281  57480.5 53559.8 58669.6      5    312      2249-210
ICRF J225233.4-200838  2249-204     22 52 33.43236816  -20 08 38.7945215  0.00000563 0.0002045  -0.284  59264.4 58436.8 59894.2      8    251      2249-204
ICRF J225248.1+704315  2251+704     22 52 48.16033450   70 43 15.8235734  0.00002394 0.0000925   0.122  57707.3 49826.5 58621.5      5    451      2251+704
ICRF J225253.3-275136  2250-281     22 52 53.35179639  -27 51 36.6134162  0.00001288 0.0005445  -0.254  58746.8 56874.5 59981.8      8    295      2250-281
ICRF J225307.3+194234  2250+190  D  22 53 07.36917064   19 42 34.6286203  0.00000074 0.0000181  -0.126  56952.3 50084.5 60852.8    292  12441      2250+194
ICRF J225312.4+323604  2250+323     22 53 12.49981607   32 36 04.3266129  0.00000429 0.0000838  -0.207  58051.7 53560.9 60554.7      6    454      2250+323
ICRF J225321.1+023613  2250+023     22 53 21.10452058   02 36 13.0421186  0.00000674 0.0002212   0.015  58182.7 53559.8 58871.4      6    299      2250+023
ICRF J225326.5+010543  2250+008     22 53 26.58132505   01 05 43.6662515  0.00000444 0.0001464  -0.011  58209.4 56808.7 58871.4      6    490      2250+008
ICRF J225357.7+160853  2251+158     22 53 57.74794431   16 08 53.5609169  0.00000057 0.0000120  -0.061  48509.3 44088.7 60696.7   1275  39904      3C454.3 
ICRF J225404.4+005420  2251+006     22 54 04.40611994   00 54 20.9549895  0.00000299 0.0000911  -0.026  57384.2 49913.7 58871.4      6    600      2251+006
ICRF J225409.3+244523  2251+244     22 54 09.34190952   24 45 23.4230313  0.00000301 0.0000807  -0.104  56936.8 50218.8 58631.3      5    484      2251+244
ICRF J225410.4+113638  2251+113     22 54 10.42140887   11 36 38.7487894  0.00001570 0.0004307  -0.569  58745.9 57784.7 60645.2      6    375      2251+113
ICRF J225421.0+134148  2251+134     22 54 21.01622275   13 41 48.6759348  0.00000238 0.0000709  -0.086  57237.8 53133.5 58530.3      5    530      2251+134
ICRF J225425.2+620938  2252+618     22 54 25.29265260   62 09 38.7210688  0.00006983 0.0004381   0.257  58762.2 52408.7 60448.8     11    210      2252+618
ICRF J225436.6-413940  2251-419     22 54 36.69745842  -41 39 40.2541044  0.00000856 0.0001798   0.243  59496.7 58386.0 60203.4     13    265      2251-419
ICRF J225504.2-084404  2252-090     22 55 04.23979784  -08 44 04.0217379  0.00000175 0.0000375  -0.024  57018.6 48102.5 60810.8     84   1909      2252-089
ICRF J225536.7+420252  2253+417     22 55 36.70784003   42 02 52.5325978  0.00000201 0.0000321  -0.086  53315.9 47004.8 60554.7     68   1667      2253+417
ICRF J225600.1-273556  2253-278     22 56 00.15576671  -27 35 56.1195519  0.00000628 0.0002134   0.106  56272.9 50631.3 58669.6      6    271      2253-278
ICRF J225610.6+230145  2253+227     22 56 10.67512249   23 01 45.1810945  0.00001075 0.0002430  -0.342  57773.3 54111.8 58631.3      5    386      2253+227
ICRF J225641.2-201140  2254-204     22 56 41.20770979  -20 11 40.5096749  0.00000348 0.0001252   0.025  56212.7 50631.3 60259.3      6    388      2254-204
ICRF J225645.9-124955  2254-130     22 56 45.91492635  -12 49 55.7371310  0.00000450 0.0001189   0.104  59628.3 58967.7 60033.6      7    305      2254-130
ICRF J225710.6-362743  2254-367     22 57 10.60682624  -36 27 43.9961585  0.00001025 0.0003311  -0.443  58816.1 52305.8 60162.4     12    368      2254-367
ICRF J225715.5-182654  2254-187     22 57 15.51241331  -18 26 54.8874968  0.00000900 0.0003298  -0.198  59857.2 59460.3 60425.9      6    247      2254-187
ICRF J225717.3+074312  2254+074  D  22 57 17.30311640   07 43 12.3024818  0.00000066 0.0000107   0.041  57806.8 47010.4 60807.7    282  11017      2254+074
ICRF J225717.5+024317  2254+024     22 57 17.56309539   02 43 17.5116734  0.00000176 0.0000484  -0.321  56154.5 48102.5 60634.8     69   1605      2254+024
ICRF J225722.0+572030  2255+570     22 57 22.04578754   57 20 30.2066963  0.00000908 0.0000831  -0.014  58380.5 52408.7 60602.5      6    504      2255+570
ICRF J225722.0+415416  2255+416     22 57 22.07288262   41 54 16.5275908  0.00001135 0.0002543  -0.321  57027.4 50241.8 58634.5      5    327      2255+416
ICRF J225805.9-275821  2255-282     22 58 05.96287706  -27 58 21.2567316  0.00000037 0.0000069   0.291  56240.8 46874.8 60856.7   3550  79106      2255-282
ICRF J225824.6+051639  2255+050     22 58 24.60277053   05 16 39.1679268  0.00000642 0.0002102  -0.213  60430.4 60276.7 60645.2      2    223      2255+050
ICRF J225857.7+020342  2256+017     22 58 57.75270767   02 03 42.2868933  0.00000567 0.0001721  -0.408  57683.9 49913.7 58871.4      6    495      2256+017
ICRF J225857.9+571906  2256+570     22 58 57.94124058   57 19 06.4636063  0.00000851 0.0000720   0.163  57812.3 53125.1 59358.6      8    607      2256+570
ICRF J225900.6-081103  2256-084     22 59 00.68884699  -08 11 03.0456696  0.00000479 0.0001248  -0.158  58004.1 53572.0 60715.1     11    654      2256-084
ICRF J225929.9-292043  2256-296     22 59 29.93351625  -29 20 43.7989240  0.00000870 0.0002879   0.044  57259.6 52408.7 60442.8      6    293      2256-296
ICRF J230018.3+103754  2257+103     23 00 18.31257887   10 37 54.0823583  0.00000504 0.0001562  -0.234  57339.6 53559.8 58530.3      5    483      2257+103
ICRF J230025.5-264422  2257-270     23 00 25.50071248  -26 44 22.7807642  0.00000712 0.0002544  -0.184  56108.7 50631.3 58677.2      6    288      2257-270
ICRF J230040.8+033710  2258+033     23 00 40.88577934   03 37 10.8398445  0.00000296 0.0000899  -0.118  57700.2 49913.7 60675.9      6    581      2258+033
ICRF J230042.9+165514  2258+166     23 00 42.99111792   16 55 14.3915992  0.00000347 0.0000809   0.027  56661.5 52408.7 58530.3      6    390      2258+166
ICRF J230106.8-094246  2258-099     23 01 06.89111273  -09 42 46.4048672  0.00000567 0.0000897   0.063  58980.2 58141.7 60323.7      7    305      2258-099
ICRF J230107.9-015804  2258-022     23 01 07.97849099  -01 58 04.5857288  0.00000193 0.0000677  -0.170  57018.0 50575.3 58899.4      6    533      2258-022
ICRF J230114.4+351300  2258+349     23 01 14.43914225   35 13 00.8514805  0.00000851 0.0001218  -0.161  59578.9 58602.7 60295.4      6    356      2258+349
ICRF J230126.6+570625  2259+568     23 01 26.62669934   57 06 25.5069796  0.00001053 0.0000940   0.118  57626.2 49826.5 58677.2      5    338      2259+568
ICRF J230127.7+372649  2259+371     23 01 27.73738220   37 26 49.2438864  0.00000364 0.0000673  -0.319  56928.0 50241.8 58600.6      5    344      2259+371
ICRF J230153.4+060912  2259+058     23 01 53.46115816   06 09 12.8207015  0.00000257 0.0000876  -0.366  57554.4 49913.7 60485.9     10    711      2259+058
ICRF J230201.9-075735  2259-082     23 02 01.96458078  -07 57 35.1304846  0.00000702 0.0002615  -0.230  59330.1 58621.5 60152.8      6    303      2259-082
ICRF J230223.8-371806  2259-375     23 02 23.88835335  -37 18 06.8336149  0.00008095 0.0025819   0.093  58736.2 48161.5 60485.9     15    155      2259-375
ICRF J230241.3+640552  2300+638     23 02 41.31497397   64 05 52.8490360  0.00000902 0.0000799   0.116  57623.2 49826.5 60448.8      8    612      2300+638
ICRF J230259.5-145301  2300-151     23 02 59.53638351  -14 53 01.8163011  0.00001144 0.0002216  -0.201  57861.1 56808.7 58746.6      6    280      2300-151
ICRF J230302.9-184125  2300-189     23 03 02.97597553  -18 41 25.8225514  0.00000336 0.0001197   0.007  57066.5 50631.3 60259.3      6    485      2300-189
ICRF J230304.0+385348  2300+386     23 03 04.06583544   38 53 48.3660264  0.00000628 0.0001175  -0.472  58334.0 50241.8 60554.7      7    583      2300+386
ICRF J230305.8-303011  2300-307     23 03 05.82084749  -30 30 11.4734807  0.00000967 0.0003255  -0.248  58085.5 48110.0 60442.8      7    268      2300-307
ICRF J230309.9+143141  2300+142     23 03 09.95274921   14 31 41.3544311  0.00000686 0.0001847   0.159  57490.3 54111.8 58530.3      5    433      2300+142
ICRF J230321.6+344648  2300+345     23 03 21.62671844   34 46 48.4733204  0.00001023 0.0001813  -0.018  58438.0 57722.8 59586.9      5    374      2300+345
ICRF J230343.5-680737  2300-683     23 03 43.56459323  -68 07 37.4431990  0.00000290 0.0000211  -0.071  56490.6 49649.7 60852.8    307   2815      2300-683
ICRF J230357.9-100219  2301-103     23 03 57.91948162  -10 02 19.2154392  0.00000995 0.0003754  -0.127  57873.1 53560.9 58899.4      7    410      2301-103
ICRF J230428.2+062008  2301+060     23 04 28.29127692   06 20 08.3089467  0.00000446 0.0001291  -0.056  57391.2 49913.7 58770.7      8    606      2301+060
ICRF J230429.4+271031  2302+269     23 04 29.40433273   27 10 31.0950126  0.00001051 0.0002383  -0.003  59276.3 58602.7 59971.0      6    277      2302+269
ICRF J230434.1-032257  2301-036     23 04 34.13621439  -03 22 57.4760201  0.00000557 0.0002142  -0.410  59457.0 58631.3 60152.8      6    442      2301-036
ICRF J230436.4+233107  2302+232     23 04 36.43640584   23 31 07.6112874  0.00000332 0.0000768  -0.320  55419.5 50084.5 58668.8     33    632      2302+232
ICRF J230517.5+824249  2304+824     23 05 17.53967898   82 42 49.1558342  0.00003461 0.0000800  -0.054  58488.7 53559.8 60764.6      6    630      2304+824
ICRF J230601.2+083715  2303+083     23 06 01.27179383   08 37 15.3898606  0.00000695 0.0002102  -0.057  58740.0 56808.7 60675.9      6    464      2303+083
ICRF J230615.3-045948  2303-052     23 06 15.31711781  -04 59 48.2849824  0.00000314 0.0000827  -0.141  57254.6 50575.3 58921.9      8    581      2303-052
ICRF J230634.8-040215  2304-043     23 06 34.82660988  -04 02 15.1603117  0.00000812 0.0003575  -0.664  59452.7 58631.3 60152.8      6    327      2304-043
ICRF J230700.9+380242  2304+377     23 07 00.99505217   38 02 42.2318968  0.00002663 0.0002570  -0.113  58656.8 50241.8 60448.8      9    291      2304+377
ICRF J230715.9+323031  2304+322     23 07 15.91258659   32 30 31.9362606  0.00000463 0.0000748  -0.153  56714.5 50218.8 58621.5      5    454      2304+322
ICRF J230730.1-071806  2304-075     23 07 30.17771935  -07 18 06.0663725  0.00001196 0.0004124   0.239  59454.0 58631.3 60203.4      6    377      2304-075
ICRF J230734.0+145017  2305+145     23 07 34.00169969   14 50 17.9751536  0.00000581 0.0001912  -0.138  57682.0 50084.5 58540.2      5    378      2305+145
ICRF J230738.6-224752  2304-230     23 07 38.65478146  -22 47 52.9952970  0.00000530 0.0001758   0.126  56163.4 50631.3 58677.2      6    307      2304-230
ICRF J230745.6+190120  2305+187     23 07 45.62646946   19 01 20.5005958  0.00002077 0.0006001  -0.654  58066.4 57218.8 58540.2      5    265      2305+187
ICRF J230811.6+200842  2305+198     23 08 11.63646296   20 08 42.1952585  0.00000230 0.0000567   0.074  58979.7 50084.5 60710.7      9    910      2305+198
ICRF J230825.3+504352  2306+504     23 08 25.30955043   50 43 52.2638002  0.00001872 0.0002432   0.147  60254.5 60129.7 60406.0      2    217      2306+504
ICRF J230844.1+094626  2306+095     23 08 44.17160881   09 46 26.1111497  0.00000260 0.0000791  -0.172  57752.8 53125.1 59190.8      6    539      2306+095
ICRF J230914.3-305912  2306-312     23 09 14.33141038  -30 59 12.5842781  0.00000296 0.0000767  -0.079  59295.5 53125.1 60781.8     38   1129      2306-312
ICRF J230917.1-045840  2306-052     23 09 17.16720283  -04 58 40.4747021  0.00000670 0.0002603  -0.585  58419.2 57659.8 58942.4      6    360      2306-052
ICRF J230926.6+682010  2307+680     23 09 26.66600368   68 20 10.7568173  0.00001496 0.0000751  -0.271  57308.2 49826.5 58592.8      5    403      2307+680
ICRF J230943.8-093104  2307-097     23 09 43.85367611  -09 31 04.7461118  0.00001506 0.0004510   0.210  58548.5 58212.7 58942.4      5    281      2307-097
ICRF J230958.4+283959  2307+283     23 09 58.40128274   28 39 59.8039573  0.00000701 0.0001595  -0.491  59556.5 59037.7 59971.0      5    375      2307+283
ICRF J231028.5+105530  2307+106     23 10 28.51774208   10 55 30.6966414  0.00000104 0.0000197  -0.042  56986.3 49913.7 60852.8    222   6388      2307+106
ICRF J231035.8+885725  2318+886     23 10 35.85801495   88 57 25.9649554  0.00072382 0.0002496   0.153  58661.6 58014.8 59971.0      6    417      2318+886
ICRF J231101.2+020505  2308+018     23 11 01.29287503   02 05 05.3271971  0.00000638 0.0001239  -0.082  59192.6 58143.4 60675.9      7    445      2308+018
ICRF J231105.3+342510  2308+341     23 11 05.32881506   34 25 10.9048054  0.00000269 0.0000517  -0.105  57089.2 52408.7 58631.3      5    459      2308+341
ICRF J231117.7+100815  2308+098     23 11 17.75452498   10 08 15.7569953  0.00000626 0.0001957  -0.444  58650.1 58212.7 59560.6      5    417      2308+098
ICRF J231145.8-130655  2309-133     23 11 45.82968019  -13 06 55.3398213  0.00002857 0.0008035   0.251  58736.4 56808.7 60323.7      8    331      2309-133
ICRF J231145.8+260447  2309+258     23 11 45.89074948   26 04 47.7596441  0.00000588 0.0001424  -0.333  59530.2 59037.7 59981.8      5    417      2309+258
ICRF J231147.4+454356  2309+454     23 11 47.40897506   45 43 56.0164108  0.00000052 0.0000067  -0.134  58356.6 50305.3 60852.8    748  33531      2309+454
ICRF J231216.9+161508  2309+159     23 12 16.96194692   16 15 08.3336538  0.00000473 0.0001353  -0.223  58193.8 56874.5 59440.3      5    494      2309+159
ICRF J231219.6+724126  2310+724     23 12 19.69788085   72 41 26.9173947  0.00001205 0.0000609   0.102  57573.3 49826.5 60602.5      6    558      2310+724
ICRF J231222.3-010924  2309-014     23 12 22.36129333  -01 09 24.7418725  0.00000608 0.0002049  -0.445  58928.5 58490.7 59440.3      5    409      2309-014
ICRF J231258.7+384742  2310+385     23 12 58.79396190   38 47 42.6601227  0.00000485 0.0000842   0.220  57523.5 50241.8 58631.3      5    453      2310+385
ICRF J231300.9-065153  2310-071     23 13 00.95804393  -06 51 53.0043379  0.00003290 0.0011528   0.478  59510.6 58634.5 60323.7      7    157      2310-071
ICRF J231344.6-041656  2311-045     23 13 44.61278233  -04 16 56.6495877  0.00001010 0.0003915  -0.548  59652.9 58644.9 60203.4      5    349      2311-045
ICRF J231351.9-472911  2311-477     23 13 51.90010800  -47 29 11.7314849  0.00002716 0.0005292  -0.221  56869.9 52886.6 59178.7     11     82      2311-477
ICRF J231359.7-370446  2311-373     23 13 59.70830151  -37 04 46.2162331  0.00000666 0.0002344  -0.066  58874.0 55111.8 60760.8      9    370      2311-373
ICRF J231407.2-032527  2311-036     23 14 07.22347671  -03 25 27.6370127  0.00001108 0.0004175  -0.464  59609.7 58644.9 60203.4      5    312      2311-036
ICRF J231409.3-445549  2311-452     23 14 09.38278037  -44 55 49.2388743  0.00001234 0.0003427   0.041  58357.9 48161.5 60497.5     18    235      2311-452
ICRF J231437.7-070717  2312-073     23 14 37.70030646  -07 07 17.4232641  0.00000833 0.0003327  -0.531  59645.1 58644.9 60162.4      7    281      2312-073
ICRF J231448.5-313839  2312-319     23 14 48.50058850  -31 38 39.5267615  0.00000374 0.0000684  -0.107  54816.8 47510.2 60448.8     47    868      2312-319
ICRF J231544.3-501839  2312-505     23 15 44.33035500  -50 18 39.7046713  0.00000631 0.0000978   0.057  57352.9 57152.0 58275.8      8    329      2312-505
ICRF J231548.1-180040  2313-182     23 15 48.13219616  -18 00 40.2501616  0.00001065 0.0003606  -0.176  58065.6 50631.3 60425.9      6    269      2313-182
ICRF J231549.8+863143  2316+862     23 15 49.81939552   86 31 43.5957257  0.00006879 0.0000672   0.007  57972.1 52939.7 59440.3      6    609      2316+862
ICRF J231607.7+022119  2313+020     23 16 07.71169741   02 21 19.6970356  0.00000369 0.0001293  -0.204  59375.7 58143.4 60675.9      6    414      2313+020
ICRF J231621.0-433746  2313-439     23 16 21.09977758  -43 37 46.9193807  0.00003743 0.0011993   0.080  58129.8 52305.8 60497.5     11    176      2313-439
ICRF J231635.1+040518  2314+038     23 16 35.19492134   04 05 18.2997284  0.00002138 0.0003790  -0.216  58495.5 57134.8 60497.5      6    285      2314+038
ICRF J231639.6+161806  2314+160     23 16 39.69800945   16 18 06.7450701  0.00000432 0.0001251  -0.477  58522.4 57784.7 59440.3      5    448      2314+160
ICRF J231643.3-334912  2314-340     23 16 43.38636476  -33 49 12.4858038  0.00000938 0.0001908  -0.200  57218.3 52305.8 60448.8     31    317      2314-340
ICRF J231646.9-404121  2314-409     23 16 46.91989384  -40 41 21.0863402  0.00000502 0.0000751  -0.097  57309.9 54600.8 58863.8     52    547      2314-409
ICRF J231722.3-112223  2314-116     23 17 22.38072648  -11 22 23.2785286  0.00000713 0.0002489   0.302  58493.6 56874.5 60715.1      6    431      2314-116
ICRF J231725.2-175618  2314-182     23 17 25.25269991  -17 56 18.1156740  0.00001290 0.0004382  -0.119  57774.8 54111.8 58794.6      5    277      2314-182
ICRF J231741.5+290222  2315+287     23 17 41.56195324   29 02 22.7704221  0.00001313 0.0002073  -0.232  57520.8 53560.9 58631.3      5    356      2315+287
ICRF J231746.6+153941  2315+153     23 17 46.63370276   15 39 41.6603388  0.00000455 0.0001409  -0.253  59368.3 58756.7 59971.0      5    435      2315+153
ICRF J231806.8-401006  2315-404     23 18 06.86214841  -40 10 06.2291772  0.00000865 0.0002905   0.030  58448.2 53502.7 60602.5      9    297      2315-404
ICRF J231811.3-165929  2315-172     23 18 11.36138879  -16 59 29.1883412  0.00000611 0.0002272  -0.192  57044.3 53551.8 59190.8      7    453      2315-172
ICRF J231815.6-035214  2315-041     23 18 15.62344353  -03 52 14.8559035  0.00000499 0.0001847  -0.353  59782.3 58644.9 60162.4      6    545      2315-041
ICRF J231833.9+240439  2316+238     23 18 33.96783965   24 04 39.7492023  0.00000319 0.0000816  -0.239  57943.9 54111.8 60760.8     13   1084      2316+238
ICRF J231905.8-420648  2316-423     23 19 05.89655865  -42 06 48.3386684  0.00001404 0.0004894   0.195  59766.8 59297.8 60530.8      6    153      2316-423
ICRF J231953.5-365628  2317-372     23 19 53.56432149  -36 56 28.2636924  0.00001614 0.0005063  -0.502  58561.6 57134.8 60530.8     10    198      2317-372
ICRF J232026.9-002731  2317-007     23 20 26.93502324  -00 27 31.2064456  0.00001385 0.0005536  -0.607  58497.9 58330.5 60530.8      5    209      2317-007
ICRF J232044.8+051349  2318+049  D  23 20 44.85659121   05 13 49.9525556  0.00000029 0.0000054  -0.057  57339.5 47019.0 60845.8   1636  60191      2318+049
ICRF J232046.7+182925  2318+182     23 20 46.77596590   18 29 25.7753679  0.00000424 0.0001179  -0.019  57415.1 53559.8 58551.2      5    471      2318+182
ICRF J232049.6-191919  2318-195     23 20 49.68925373  -19 19 19.8356384  0.00001755 0.0006430  -0.245  59348.9 58143.4 60425.9     10    170      2318-195
ICRF J232118.2-082721  2318-087     23 21 18.25024842  -08 27 21.5218029  0.00000363 0.0001330  -0.175  57017.2 50575.3 58669.6      7    490      2318-087
ICRF J232139.2+462309  2319+461     23 21 39.26571133   46 23 08.9402970  0.00006343 0.0007169  -0.275  60140.1 59816.3 60425.9      5    143      2319+461
ICRF J232154.9+320407  2319+317  D  23 21 54.95599030   32 04 07.6224567  0.00000048 0.0000075  -0.034  57814.2 53125.1 60856.7    787  23961      2319+317
ICRF J232159.8+273246  2319+272     23 21 59.86223028   27 32 46.4435530  0.00000128 0.0000292  -0.068  53556.4 47284.7 59358.6     54   2123      2319+272
ICRF J232209.0+691103  2320+689     23 22 09.04518534   69 11 03.4169124  0.00001161 0.0000752  -0.144  58322.1 53125.1 60442.8      7    641      2320+689
ICRF J232220.3+444542  2319+444  D  23 22 20.35807820   44 45 42.3535483  0.00000124 0.0000195  -0.051  57813.6 50305.3 60796.8    138   6244      2319+444
ICRF J232225.9+505751  2320+506     23 22 25.98217836   50 57 51.9636185  0.00000223 0.0000305   0.150  52924.4 48719.9 59016.7     57   2159      2320+506
ICRF J232228.5+184324  2319+184     23 22 28.56883290   18 43 24.8986929  0.00000671 0.0001441   0.124  55925.7 50084.5 59460.3      6    419      2319+184
ICRF J232236.0+081201  2320+079     23 22 36.08944921   08 12 01.5934521  0.00000290 0.0000800  -0.185  58210.8 49913.7 60715.1      7    692      2320+079
ICRF J232252.0-073705  2320-078     23 22 52.09118313  -07 37 05.6180107  0.00000369 0.0000930  -0.182  58189.6 57659.8 58669.6      8    546      2320-078
ICRF J232304.6-015048  2320-021     23 23 04.62988230  -01 50 48.1133057  0.00000450 0.0001412  -0.078  57372.3 50575.3 58669.6      6    531      2320-021
ICRF J232331.9-031705  2320-035     23 23 31.95375231  -03 17 05.0238517  0.00000141 0.0000327  -0.208  54808.0 47991.5 60715.1    112   1503      2320-035
ICRF J232339.1-061759  2321-065     23 23 39.11376725  -06 17 59.2401230  0.00000352 0.0000991  -0.003  57704.4 53560.9 58681.8      8    504      2321-065
ICRF J232344.6-161252  2321-164     23 23 44.63147583  -16 12 52.1248806  0.00000721 0.0001864  -0.196  57540.8 53572.0 58803.0      6    341      2321-164
ICRF J232404.6-005854  2321-012     23 24 04.62045111  -00 58 54.1669794  0.00000757 0.0002785  -0.412  59557.9 58512.3 60162.4      7    397      2321-012
ICRF J232407.1-371422  2321-375     23 24 07.11181803  -37 14 22.4557368  0.00000520 0.0000918   0.040  55718.7 52305.8 58658.7     28    317      2321-375
ICRF J232428.0-211900  2321-215     23 24 28.05634683  -21 19 00.4945536  0.00001363 0.0004634   0.026  57858.2 53559.8 60425.9      6    268      2321-215
ICRF J232445.3+080206  2322+077     23 24 45.32516123   08 02 06.1739776  0.00000690 0.0002418   0.115  60567.0 60485.9 60715.1      2    147      2322+077
ICRF J232503.1+791715  2323+790     23 25 03.13217324   79 17 15.6814555  0.00007060 0.0003421   0.215  58182.9 57803.9 58631.3      6    353      2323+790
ICRF J232503.3-405130  2322-411     23 25 03.37908381  -40 51 30.0857267  0.00009172 0.0040202   0.276  58439.6 52408.7 60530.8     14    150      2322-411
ICRF J232510.2-034446  2322-040     23 25 10.25808254  -03 44 46.7149367  0.00000438 0.0001574  -0.120  58481.4 58340.4 58677.2      5    395      2322-040
ICRF J232517.8+395736  2322+396     23 25 17.86983388   39 57 36.5086134  0.00000633 0.0000972  -0.139  57892.5 55041.8 60602.5      6    580      2322+396
ICRF J232544.9+480625  2323+478     23 25 44.91220800   48 06 25.2880008  0.00001259 0.0001574  -0.243  57786.6 50305.3 58634.5      5    392      2323+478
ICRF J232549.6-265532  2323-272     23 25 49.63455616  -26 55 32.7723262  0.00008191 0.0048576  -0.112  59709.2 59586.9 60084.1      3     24      2323-272
ICRF J232625.6+011208  2323+009     23 26 25.64373377   01 12 08.6934826  0.00000343 0.0001189  -0.355  57728.9 49913.7 58677.2      6    451      2323+009
ICRF J232652.8+150739  2324+148     23 26 52.89168798   15 07 39.7126092  0.00000286 0.0000841  -0.178  58889.0 58257.6 59460.3      6    655      2324+148
ICRF J232653.7-020213  2324-023     23 26 53.77670468  -02 02 13.7812371  0.00000340 0.0001115  -0.035  57989.2 53767.8 58712.2      6    526      2324-023
ICRF J232659.0-002352  2324-006     23 26 59.09381914  -00 23 52.3275350  0.00000343 0.0001179  -0.119  59561.4 58530.3 60162.4      7    678      2324-006
ICRF J232706.4+801258  2325+799     23 27 06.42546960   80 12 58.9349365  0.00002432 0.0000723  -0.158  57548.0 53572.0 58942.4      5    465      2325+799
ICRF J232710.6-004157  2324-009     23 27 10.69906854  -00 41 57.7144604  0.00000422 0.0001628  -0.400  59401.3 58530.3 60219.1      6    515      2324-009
ICRF J232721.9+152437  2324+151     23 27 21.96603856   15 24 37.3110970  0.00000331 0.0000912  -0.152  57038.5 50084.5 60259.3     10    758      2324+151
ICRF J232733.5+094009  2325+093     23 27 33.58055124   09 40 09.4626017  0.00000066 0.0000087  -0.000  59185.1 49913.7 60849.7    262   8462      2325+093
ICRF J232733.7+044742  2325+045     23 27 33.75431592   04 47 42.4730361  0.00000427 0.0001268   0.069  60036.6 59586.9 60530.8      5    488      2325+045
ICRF J232735.9+153309  2325+152     23 27 35.98487851   15 33 09.5751986  0.00000565 0.0001404  -0.085  57482.5 53560.9 58551.2      5    417      2325+152
ICRF J232747.9-144755  2325-150  D  23 27 47.96429354  -14 47 55.7505303  0.00000170 0.0000365   0.040  57557.7 47175.5 60764.6     73   2404      2325-150
ICRF J232752.8+764308  2325+764     23 27 52.82280269   76 43 08.6448906  0.00005375 0.0002070   0.243  57806.2 53522.9 58631.3      5    346      2325+764
ICRF J232810.6+293709  2325+293     23 28 10.66106071   29 37 09.8762145  0.00004263 0.0006493  -0.469  58670.1 57839.3 60554.7      9    309      2325+293
ICRF J232819.2-403509  2325-408     23 28 19.26483388  -40 35 09.8469345  0.00001062 0.0001639   0.350  59737.1 59115.8 60219.1      9    258      2325-408
ICRF J232824.8+192958  2325+192     23 28 24.87490642   19 29 58.0329007  0.00000617 0.0001508  -0.057  57836.6 53559.8 58556.9      5    426      2325+192
ICRF J232839.2-063428  2326-068     23 28 39.21366737  -06 34 28.0630866  0.00000629 0.0001341   0.100  58682.6 58379.7 59129.8     10    356      2326-068
ICRF J232858.8+013025  2326+012     23 28 58.85291937   01 30 25.5466476  0.00000641 0.0002390  -0.343  59351.8 58540.2 60118.4      6    419      2326+012
ICRF J232905.7+083415  2326+082     23 29 05.78675010   08 34 15.8541431  0.00000286 0.0000904  -0.262  57160.1 49913.7 58921.9      5    481      2326+082
ICRF J232917.7-473019  2326-477     23 29 17.70433897  -47 30 19.1148960  0.00000152 0.0000221   0.197  56650.9 47304.8 60632.7    184   3109      2326-477
ICRF J233013.7+334836  2327+335     23 30 13.73765334   33 48 36.4715750  0.00000300 0.0000565  -0.102  56799.5 50218.8 59586.9      6    526      2327+335
ICRF J233035.7-372437  2327-376     23 30 35.79575321  -37 24 37.9637443  0.00000647 0.0001277   0.125  57782.9 55167.8 59450.7      8    310      2327-376
ICRF J233037.6-453958  2327-459     23 30 37.68075612  -45 39 58.0950086  0.00001953 0.0007090   0.188  58252.5 52305.8 60530.8      9    177      2327-459
ICRF J233040.8+110018  2328+107     23 30 40.85224765   11 00 18.7097141  0.00000175 0.0000419  -0.291  54287.9 46976.9 59358.6     38   1122      2328+107
ICRF J233046.1+315533  2328+316     23 30 46.15992325   31 55 33.5078860  0.00000353 0.0000727  -0.150  56878.2 50218.8 58631.3      5    454      2328+316
ICRF J233125.6+374416  2328+374     23 31 25.64403866   37 44 16.7027235  0.00003458 0.0006287   0.094  60176.2 59693.1 60448.8      4    170      2328+374
ICRF J233138.6-155657  2329-162     23 31 38.65243570  -15 56 57.0098832  0.00000190 0.0000431  -0.058  54292.6 47175.5 60442.8     47   1379      2329-162
ICRF J233148.9+452249  2329+451     23 31 48.96618476   45 22 49.0017880  0.00001531 0.0001865   0.039  58010.3 50305.3 58634.5      5    405      2329+451
ICRF J233155.5+070542  2329+068     23 31 55.52422781   07 05 42.0941977  0.00001495 0.0002708  -0.178  57952.9 55453.7 58942.4      5    261      2329+068
ICRF J233159.4-381147  2329-384     23 31 59.47615577  -38 11 47.6511111  0.00000147 0.0000272   0.068  58341.8 47639.0 60852.8    288   3398      2329-384
ICRF J233200.0+011510  2329+009     23 32 00.01444194   01 15 10.8978492  0.00001409 0.0003792  -0.329  59091.6 58540.2 60530.8      6    252      2329+009
ICRF J233219.0-411837  2329-415     23 32 19.04828547  -41 18 37.5822515  0.00000558 0.0000768   0.044  57555.4 54600.8 59827.7     52    571      2329-415
ICRF J233257.5+083810  2330+083     23 32 57.59628853   08 38 10.4272628  0.00000251 0.0000744  -0.055  57041.2 49913.7 58942.4      5    531      2330+083
ICRF J233302.5+390112  2330+387     23 33 02.53339880   39 01 12.0493836  0.00000780 0.0001309   0.078  56603.1 50241.8 58634.5      5    300      2330+387
ICRF J233316.6-013107  2330-017     23 33 16.68838847  -01 31 07.3865014  0.00000289 0.0000990   0.056  58003.3 50575.3 60770.3      8    729      2330-017
ICRF J233355.2-234340  2331-240  D  23 33 55.23782809  -23 43 40.6584794  0.00000128 0.0000277  -0.091  58551.2 46874.8 60770.3     97   2932      2331-240
ICRF J233412.8+073627  2331+073     23 34 12.82814685   07 36 27.5512103  0.00000145 0.0000395   0.031  57247.6 49913.7 59378.0     11    983      2331+073
ICRF J233423.8+020232  2331+017     23 34 23.81135418   02 02 32.1859218  0.00000822 0.0003003  -0.312  59186.0 58540.2 59894.2      5    303      2331+017
ICRF J233444.9-525119  2332-531     23 34 44.91673504  -52 51 19.6316273  0.00000566 0.0001205   0.235  58468.7 54488.8 59928.8     12    205      2332-531
ICRF J233518.7-290716  2332-293     23 35 18.72714313  -29 07 16.6052402  0.00000447 0.0001575   0.118  58961.0 50687.3 60770.3      8    451      2332-293
ICRF J233520.4-013109  2332-017     23 35 20.41204208  -01 31 09.5917947  0.00000280 0.0000882   0.044  57222.3 50575.3 58794.6      6    596      2332-017
ICRF J233551.9-003455  2333-008     23 35 51.97709288  -00 34 55.1203824  0.00000720 0.0002841  -0.328  59434.5 58551.2 59894.2      5    279      2333-008
ICRF J233612.1-523621  2333-528     23 36 12.14453616  -52 36 21.9511429  0.00000704 0.0001120   0.469  57365.7 48110.0 58744.8     21    274      2333-528
ICRF J233620.8+064050  2333+064     23 36 20.87030901   06 40 50.9865355  0.00000440 0.0001498  -0.324  59982.8 59586.9 60497.5      5    401      2333+064
ICRF J233633.9-411521  2333-415     23 36 33.98509539  -41 15 21.9838157  0.00000339 0.0000708  -0.006  57197.1 53222.4 60623.9     82   1089      2333-415
ICRF J233729.2-062212  2334-066     23 37 29.22833568  -06 22 12.1828288  0.00003868 0.0011176  -0.482  59574.5 58551.2 60323.7      8    220      2334-066
ICRF J233730.0+261747  2334+260     23 37 30.07310610   26 17 47.6346868  0.00000485 0.0001189  -0.195  59297.4 58436.8 59642.1      5    334      2334+260
ICRF J233749.2-013533  2335-018     23 37 49.23520920  -01 35 33.9982545  0.00001000 0.0003268  -0.405  58934.3 58363.2 60530.8      7    271      2335-018
ICRF J233756.6-175220  2335-181     23 37 56.62775850  -17 52 20.4097636  0.00000288 0.0001041  -0.051  57780.7 50631.3 58803.0      9    642      2335-181
ICRF J233757.3-023057  2335-027  D  23 37 57.33907321  -02 30 57.6292650  0.00000056 0.0000092   0.034  57919.8 47940.3 60842.7    465  16650      2335-027
ICRF J233807.6+032648  2335+031     23 38 07.65578014   03 26 48.8523768  0.00000550 0.0001837   0.051  58593.0 58203.3 59776.7      5    448      2335+031
ICRF J233823.1+150445  2335+148     23 38 23.16267914   15 04 45.2810105  0.00002481 0.0009546  -0.510  58397.6 57871.7 60448.8     10    163      2335+148
ICRF J233829.3+270153  2335+267     23 38 29.38322835   27 01 53.2581435  0.00000456 0.0000907  -0.315  57690.9 51296.8 58634.5      6    458      NGC7720 
ICRF J233855.2-080138  2336-083     23 38 55.23912432  -08 01 38.9751242  0.00000667 0.0000649   0.340  58794.3 58141.7 59522.9      5    319      2336-083
ICRF J233856.3+212441  2336+211     23 38 56.38397374   21 24 41.2644453  0.00002348 0.0005532  -0.232  60160.2 59981.8 60472.1      5    181      2336+211
ICRF J233921.1+601011  2336+598  D  23 39 21.12518029   60 10 11.8496483  0.00000414 0.0000308  -0.193  58839.9 52408.7 60604.7     43   2087      2336+598
ICRF J233929.7+024405  2336+024     23 39 29.71061976   02 44 05.3568424  0.00000378 0.0001213  -0.238  58680.2 53152.3 60760.8      9    788      2336+024
ICRF J233946.4-060412  2337-063     23 39 46.41521996  -06 04 12.4904258  0.00005590 0.0007670   0.308  59520.0 58556.9 60406.0      8    145      2337-063
ICRF J233947.0-120645  2337-123     23 39 47.04256807  -12 06 45.8290261  0.00000462 0.0001652  -0.131  58074.3 55740.7 59460.3      5    366      2337-123
ICRF J233953.5-231039  2337-234     23 39 53.57716550  -23 10 39.2273978  0.00001018 0.0003107   0.324  58266.6 53560.9 60442.8      7    305      2337-234
ICRF J233954.5-331016  2337-334     23 39 54.53515937  -33 10 16.8817335  0.00000755 0.0002411  -0.387  57242.6 52305.8 58644.9      5    308      2337-334
ICRF J234023.6-005326  2337-011     23 40 23.67000527  -00 53 27.0003332  0.00000575 0.0001812  -0.082  57887.3 53572.0 58803.0      5    401      2337-011
ICRF J234029.0+264156  2337+264     23 40 29.02947099   26 41 56.8046347  0.00000348 0.0000632  -0.027  52072.1 48356.8 58707.7     21    903      2337+264
ICRF J234057.2+331902  2338+330     23 40 57.29948758   33 19 02.6215847  0.00000703 0.0001303   0.013  57123.0 53133.5 58634.5      5    416      2338+330
ICRF J234106.9+001833  2338+000     23 41 06.91000450   00 18 33.3370695  0.00001003 0.0002746   0.257  57908.1 49913.7 58803.0      6    412      2338+000
ICRF J234118.7+192805  2338+191     23 41 18.79616945   19 28 05.4862899  0.00000307 0.0000753  -0.146  57448.9 50084.5 58556.9      8    420      2338+191
ICRF J234129.7-291915  2338-295     23 41 29.76237349  -29 19 15.0383034  0.00000930 0.0003116   0.426  57393.2 55915.7 58712.2      5    316      2338-295
ICRF J234247.9-222340  2340-226     23 42 47.98359536  -22 23 40.2012754  0.00000717 0.0001819   0.009  58809.8 53560.9 60770.3      8    425      2340-226
ICRF J234256.6-032226  2340-036     23 42 56.60025350  -03 22 26.2693522  0.00000711 0.0001285  -0.102  58290.7 57924.7 58829.4      7    472      2340-036
ICRF J234312.3+233945  2340+233     23 43 12.38702691   23 39 45.6475664  0.00000211 0.0000551  -0.072  57439.7 50084.5 60162.4      9    629      2340+233
ICRF J234328.8-135117  2340-141     23 43 28.86447572  -13 51 17.0977526  0.00000951 0.0003243  -0.260  57974.0 56874.5 58803.0      5    292      2340-141
ICRF J234342.7+154302  2341+154     23 43 42.74918405   15 43 02.9789695  0.00000267 0.0000811  -0.116  58868.1 53502.7 60554.7      8    696      2341+154
ICRF J234343.7+700319  2341+697     23 43 43.73432088   70 03 19.4066770  0.00001450 0.0000852  -0.030  58649.8 53559.8 60683.7      7    617      2341+697
ICRF J234403.7+822640  2342+821     23 44 03.77016199   82 26 40.4010174  0.00016761 0.0004012   0.109  58435.4 52408.7 60530.8      8    248      2342+821
ICRF J234422.5+295220  2341+295     23 44 22.55381828   29 52 20.7043052  0.00003049 0.0002637  -0.212  58137.3 53522.9 60323.7      7    277      2341+295
ICRF J234512.4-155507  2342-161     23 45 12.46229758  -15 55 07.8344625  0.00000267 0.0000949  -0.029  57041.1 53551.8 58829.4      5    440      2342-161
ICRF J234542.4-071727  2343-075     23 45 42.49829308  -07 17 27.6736791  0.00001194 0.0003859  -0.330  58051.7 56874.5 58669.6      5    334      2343-075
ICRF J234625.6+800755  2344+798     23 46 25.60904367   80 07 55.2396593  0.00001667 0.0000467  -0.067  59026.1 58381.5 59358.6      6    696      2344+798
ICRF J234636.8+093045  2344+092     23 46 36.83855011   09 30 45.5148508  0.00000183 0.0000367   0.081  53563.6 47287.8 59016.7     49   1146      2344+09A
ICRF J234639.9+070506  2344+068     23 46 39.93350468   07 05 06.8535650  0.00000498 0.0001440  -0.096  57862.9 49913.7 58942.4      5    466      2344+068
ICRF J234646.2+301159  2344+299     23 46 46.25097439   30 11 59.2440700  0.00000684 0.0001328  -0.244  58216.3 52939.7 59693.1      7    384      2344+299
ICRF J234704.8+514217  2344+514     23 47 04.83685978   51 42 17.8804861  0.00000758 0.0000925  -0.202  57758.8 53572.0 58677.2      5    371      2344+514
ICRF J234708.6-185618  2344-192     23 47 08.62678382  -18 56 18.8550270  0.00000661 0.0002393   0.278  56830.4 50631.3 58829.4      6    272      2344-192
ICRF J234719.8-511036  2344-514     23 47 19.86408615  -51 10 36.0654345  0.00000535 0.0000684   0.281  57013.5 53222.4 58869.7     50    479      2344-514
ICRF J234722.8+431053  2344+429     23 47 22.87423548   43 10 53.2188695  0.00000569 0.0000895  -0.173  57923.3 50241.8 60162.4      8    572      2344+429
ICRF J234735.1+271901  2345+270     23 47 35.17488795   27 19 01.4930972  0.00000413 0.0000953  -0.353  57368.9 53560.9 58634.5      5    475      2345+270
ICRF J234743.6-494627  2345-500     23 47 43.68520621  -49 46 27.8751427  0.00000469 0.0001312   0.123  58160.3 58009.8 59051.7      7    123      2345-500
ICRF J234802.6-163112  2345-167     23 48 02.60851681  -16 31 12.0223003  0.00000169 0.0000279  -0.255  51521.7 46439.9 58576.8    173   1868      2345-167
ICRF J234811.7-042556  2345-047     23 48 11.75775799  -04 25 56.3823655  0.00000336 0.0001136  -0.128  57082.6 53522.9 58829.4      7    624      2345-047
ICRF J234831.7+062459  2345+061     23 48 31.77066103   06 24 59.7818774  0.00000373 0.0001072  -0.146  58110.6 57645.8 58652.7      7    606      2345+061
ICRF J234910.1-043803  2346-049     23 49 10.16616185  -04 38 03.3892680  0.00000242 0.0000720  -0.097  58428.2 57159.0 58829.4      7    599      2346-049
ICRF J234913.7+751746  2346+750     23 49 13.74751522   75 17 46.5587288  0.00005510 0.0003234  -0.031  58807.3 57808.9 60530.8     11    166      2346+750
ICRF J234920.8+384917  2346+385     23 49 20.82654816   38 49 17.5585238  0.00000307 0.0000519  -0.094  56598.9 50241.8 59190.8      7    527      2346+385
ICRF J234921.0+053439  2346+052     23 49 21.05149764   05 34 39.8728015  0.00000338 0.0001120  -0.075  57164.0 49913.7 59586.9      5    377      2346+052
ICRF J235002.0+110636  2347+108     23 50 02.03094583   11 06 36.7064895  0.00000280 0.0000815   0.203  58015.8 49913.7 60715.1      6    548      2347+108
ICRF J235010.0+081255  2347+079     23 50 10.07936573   08 12 55.2743893  0.00000734 0.0001609   0.342  58168.6 53560.9 60118.4      6    497      2347+079
ICRF J235025.3-022443  2347-026     23 50 25.36817403  -02 24 43.4198181  0.00011096 0.0017814   0.069  60422.0 59642.1 60770.3      6     86      2347-026
ICRF J235042.0+030429  2348+027     23 50 42.07073190   03 04 29.0998636  0.00001180 0.0004080  -0.293  59221.9 58592.8 59894.2      5    312      2348+027
ICRF J235057.4+022740  2348+021     23 50 57.48297428   02 27 40.4005068  0.00002478 0.0007972  -0.257  58726.9 57645.8 60554.7     10    277      2348+021
ICRF J235103.0-004426  2348-010     23 51 03.01373519  -00 44 26.6953557  0.00002000 0.0010554  -0.295  59388.8 58600.6 60323.7      7    275      2348-010
ICRF J235134.9-425933  2348-432     23 51 34.94592027  -42 59 33.4860416  0.00001438 0.0003521  -0.101  58067.1 55111.8 60323.7      8    237      2348-432
ICRF J235146.0-220309  2349-223     23 51 46.00690411  -22 03 09.6592627  0.00000854 0.0002900   0.285  57380.5 53572.0 58712.2      5    304      2349-223
ICRF J235156.1-010913  2349-014     23 51 56.12259652  -01 09 13.3151844  0.00000684 0.0002583  -0.531  57966.0 54291.7 58871.4      7    488      2349-014
ICRF J235225.2-331634  2349-335     23 52 25.23294167  -33 16 34.6317989  0.00004220 0.0015794   0.040  60208.3 59776.7 60472.1      5    117      2349-335
ICRF J235248.9+394756  2350+395     23 52 48.90727465   39 47 56.2230320  0.00000300 0.0000527  -0.162  58562.1 53559.8 60602.5      7    697      2350+395
ICRF J235252.8+704448  2350+704     23 52 52.85530927   70 44 48.3336730  0.00001625 0.0000812   0.145  57720.4 49826.5 58634.5      5    452      2350+704
ICRF J235254.7+303021  2350+302     23 52 54.70616874   30 30 21.7667601  0.00001236 0.0002441  -0.197  58648.2 57046.0 60602.5      6    320      2350+302
ICRF J235311.4-274325  2350-280     23 53 11.46049829  -27 43 25.5790112  0.00001040 0.0003496  -0.067  58080.5 54817.8 60472.1      7    247      2350-280
ICRF J235342.2+551840  2351+550     23 53 42.29974413   55 18 40.6664041  0.00000464 0.0000499  -0.061  57498.2 49826.5 59742.1      7    600      2351+550
ICRF J235347.4-303748  2351-309     23 53 47.45884885  -30 37 48.5031124  0.00000454 0.0001023  -0.204  56601.3 53125.1 58644.9     28    277      2351-309
ICRF J235409.1-001947  2351-006     23 54 09.17589396  -00 19 47.9558260  0.00000244 0.0000826  -0.045  57372.9 50575.3 58871.4      7    622      2351-006
ICRF J235421.6+455304  2351+456     23 54 21.68021623   45 53 04.2365199  0.00000187 0.0000244   0.025  53825.9 47010.4 59358.6     61   2679      2351+456
ICRF J235430.1-151311  2351-154     23 54 30.19517197  -15 13 11.2130807  0.00000122 0.0000219  -0.168  56901.7 47940.3 60770.3    134   3834      2351-154
ICRF J235451.7-040503  2352-043     23 54 51.68106235  -04 05 03.4713771  0.00001286 0.0003790  -0.466  59229.8 58621.5 59926.0      5    329      2352-043
ICRF J235502.1-212536  2352-217     23 55 02.14655069  -21 25 36.7837975  0.00000643 0.0002175   0.213  57338.1 53551.8 58746.6      5    273      2352-217
ICRF J235509.4+495008  2352+495     23 55 09.45816414   49 50 08.3397035  0.00000732 0.0000903  -0.029  54014.8 47019.0 58644.9     25    620      2352+495
ICRF J235552.4+030754  2353+028     23 55 52.47651679   03 07 54.0965374  0.00000917 0.0002927  -0.423  59234.4 58621.5 59926.0      5    383      2353+028
ICRF J235553.5+154126  2353+154     23 55 53.53140518   15 41 26.0661310  0.00001713 0.0003504  -0.087  58235.0 57874.7 58592.8      5    280      2353+154
ICRF J235554.2+283557  2353+283     23 55 54.28514433   28 35 57.9405347  0.00001988 0.0004308   0.042  58449.8 57951.7 58644.9      4    197      2353+283
ICRF J235600.6-682003  2353-686  D  23 56 00.68143300  -68 20 03.4721574  0.00000338 0.0000220  -0.064  57939.2 48161.5 60710.7    134   2038      2353-686
ICRF J235622.7+815252  2353+816  D  23 56 22.79388000   81 52 52.2551228  0.00000497 0.0000108  -0.096  58659.6 50687.3 60831.8    136   9278      2353+816
ICRF J235706.6+044856  2354+045     23 57 06.69897593   04 48 56.7252875  0.00001088 0.0003188   0.152  59871.2 58967.7 60323.7      7    229      2354+045
ICRF J235722.5-073134  2354-078     23 57 22.50754111  -07 31 34.0297784  0.00000527 0.0001840   0.024  60007.3 59560.6 60406.0      5    461      2354-078
ICRF J235723.8-245103  2354-251     23 57 23.85096816  -24 51 03.1639015  0.00000679 0.0002286   0.139  58462.7 53560.9 60442.8      6    346      2354-251
ICRF J235725.1-015215  2354-021     23 57 25.13794073  -01 52 15.5092841  0.00000263 0.0000891  -0.143  57345.5 50575.3 59230.1      9    776      2354-021
ICRF J235731.1-112539  2354-117     23 57 31.19756925  -11 25 39.1759167  0.00000257 0.0000454   0.215  56517.2 50575.3 58576.8     18    745      2354-117
ICRF J235753.2-531113  2355-534  D  23 57 53.26604179  -53 11 13.6895915  0.00000122 0.0000149   0.209  57293.7 47625.5 60641.5    213   6362      2355-534
ICRF J235809.6-080004  2355-082     23 58 09.69213797  -08 00 04.7191252  0.00000945 0.0003748  -0.445  59160.1 58351.7 60259.3      6    293      2355-082
ICRF J235809.8+492143  2355+490     23 58 09.81349474   49 21 43.8389429  0.00001154 0.0001353   0.061  58602.0 57218.8 60602.5      5    462      2355+490
ICRF J235810.8-102008  2355-106  D  23 58 10.88239914  -10 20 08.6115206  0.00000034 0.0000061  -0.025  57626.3 47619.8 60845.8   1202  43186      2355-106
ICRF J235816.9-285334  2355-291     23 58 16.97156083  -28 53 34.1039815  0.00000790 0.0002697  -0.051  57843.8 53559.8 58746.6      5    265      2355-291
ICRF J235828.8+043024  2355+042     23 58 28.84696459   04 30 24.8364340  0.00000348 0.0001156  -0.014  57786.9 53572.0 58899.4      7    610      2355+042
ICRF J235846.0+195520  2356+196     23 58 46.08510053   19 55 20.3018007  0.00000223 0.0000429   0.043  56367.4 50084.5 59221.8     16    732      2356+196
ICRF J235859.8+392228  2356+390     23 58 59.85515851   39 22 28.3058893  0.00000368 0.0000655  -0.077  56794.3 50241.8 58644.9      5    438      2356+390
ICRF J235931.8-063943  2356-069     23 59 31.81611040  -06 39 43.3434140  0.00000320 0.0000970  -0.175  59219.6 57673.7 60770.3      9    556      2356-069
ICRF J235933.1+385042  2356+385  D  23 59 33.18079489   38 50 42.3182843  0.00000044 0.0000075  -0.085  56145.7 49518.8 60852.8   1461  35959      2356+385
ICRF J235935.4-313343  2357-318     23 59 35.49154251  -31 33 43.8246716  0.00000124 0.0000246  -0.053  57556.1 52408.7 60845.8    335   7932      2357-318
ICRF J235936.8-003112  2357-007     23 59 36.82109070  -00 31 12.8618030  0.00000583 0.0001596  -0.188  59511.5 58504.4 60406.0      6    294      2357-007
